"TreeID","VisitID","score","year","month","day","Chilling","Forcing","Rain","girth_cm","DOY"
1,32094,"1",2011,4,2,57.929074,99.514,528.800000000001,149,92
1,32086,"1",2010,4,10,44.897079,90.053,294.3,149,100
1,106198,"1",2022,4,11,54.765427,131.39,748.1,149,101
1,25459,"1",2018,4,16,62.9482860000001,124.453,799.000000000001,149,106
2,32143,"1",2010,4,14,44.897079,106.443,294.3,158.75,104
2,105150,"1",2022,4,7,54.765427,127.68,730.7,158.75,97
2,112767,"1",2024,4,10,47.235357,249.559,793.37,158.75,100
2,3317,"1",2015,4,13,63.561215,104.274,636.1,158.75,103
2,104024,"1",2022,4,4,54.765427,114.392,727.6,158.75,94
2,100330,"1",2021,4,9,51.053388,116.615,597.400000000001,158.75,99
3,3318,"1",2015,4,13,63.561215,104.274,636.1,82,103
3,100341,"1",2021,5,3,51.053388,172.128,609.600000000001,82,123
3,32215,"1",2011,4,6,57.929074,121.584,530.000000000001,82,96
3,9098,"1",2016,4,16,45.466249,142.074,788.900000000001,82,106
3,106200,"1",2022,4,11,54.765427,131.39,748.1,82,101
3,4159,"1",2015,4,20,63.561215,149.022,636.2,82,110
3,32209,"1",2010,4,21,44.897079,133.58,294.4,82,111
3,32179,"1",2013,4,25,62.3908210000001,97.719,892.100000000001,82,115
3,3817,"1",2015,4,18,63.561215,143.314,636.2,82,108
3,105151,"1",2022,4,7,54.765427,127.68,730.7,82,97
3,104025,"1",2022,4,4,54.765427,114.392,727.6,82,94
3,2979,"1",2015,4,11,63.561215,96.054,633.4,82,101
3,13760,"1",2017,4,10,57.27478,215.09,616.7,82,100
3,9101,"1",2016,4,25,45.466249,168.847,805.700000000001,82,115
3,9097,"1",2016,4,13,45.466249,124.774,786.000000000001,82,103
3,9099,"1",2016,4,20,45.466249,154.56,799.700000000001,82,110
4,32245,"1",2011,4,2,57.929074,99.514,528.800000000001,163.666666666667,92
5,32292,"1",2010,4,8,44.897079,78.383,294.1,405,98
5,112770,"1",2024,4,10,47.235357,249.559,793.37,405,100
5,32300,"1",2011,3,30,57.929074,81.534,522.800000000001,405,90
6,4026,"1",2015,4,19,63.561215,147.224,636.2,339.5,109
6,32359,"1",2011,4,2,57.929074,99.514,528.800000000001,339.5,92
6,25264,"1",2018,4,16,62.9482860000001,124.453,799.000000000001,339.5,106
6,32352,"1",2010,4,19,44.897079,123.15,294.3,339.5,109
7,9138,"1",2016,4,14,45.466249,130.724,786.000000000001,348.5,104
7,3465,"1",2015,4,15,63.561215,115.974,636.2,348.5,105
7,9140,"1",2016,4,18,45.466249,143.7,799.700000000001,348.5,108
7,100365,"1",2021,4,8,51.053388,114.893,597.400000000001,348.5,98
7,25265,"1",2018,4,16,62.9482860000001,124.453,799.000000000001,348.5,106
7,32408,"1",2010,4,9,44.897079,82.653,294.3,348.5,99
7,9139,"1",2016,4,16,45.466249,142.074,788.900000000001,348.5,106
7,32417,"1",2011,4,3,57.929074,108.384,528.800000000001,348.5,93
9,4642,"1",2015,4,23,63.561215,168.022,636.2,NA,113
9,4295,"1",2015,4,21,63.561215,154.702,636.2,NA,111
10,59939,"1",2010,4,22,44.897079,135.631,294.4,84,112
10,9164,"1",2016,4,19,45.466249,148.36,799.700000000001,84,109
10,100369,"1",2021,4,13,51.053388,121.536,601.100000000001,84,103
10,3120,"1",2015,4,12,63.561215,99.074,636.1,84,102
10,105444,"1",2022,4,8,54.765427,131.39,747.8,84,98
10,9163,"1",2016,4,16,45.466249,142.074,788.900000000001,84,106
10,3651,"1",2015,4,17,63.561215,137.434,636.2,84,107
10,3378,"1",2015,4,15,63.561215,115.974,636.2,84,105
10,106325,"1",2022,4,12,54.765427,136.31,748.1,84,102
11,105445,"1",2022,4,8,54.765427,131.39,747.8,50,98
11,3119,"1",2015,4,11,63.561215,96.054,633.4,50,101
11,106326,"1",2022,4,12,54.765427,136.31,748.1,50,102
11,25468,"1",2018,4,17,62.9482860000001,130.863,801.000000000001,50,107
11,9172,"1",2016,4,16,45.466249,142.074,788.900000000001,50,106
11,32743,"1",2010,4,11,44.897079,97.453,294.3,50,101
13,32825,"1",2010,4,9,44.897079,82.653,294.3,100,99
14,3096,"1",2015,4,11,63.561215,96.054,633.4,107,101
14,32874,"1",2010,4,11,44.897079,97.453,294.3,107,101
15,104140,"1",2022,4,5,54.765427,115.81,729.9,190,95
15,3094,"1",2015,4,11,63.561215,96.054,633.4,190,101
16,25472,"1",2018,4,17,62.9482860000001,130.863,801.000000000001,174,107
17,4128,"1",2015,4,19,63.561215,147.224,636.2,169,109
17,9217,"1",2016,4,16,45.466249,142.074,788.900000000001,169,106
19,4322,"1",2015,4,21,63.561215,154.702,636.2,117.5,111
19,3635,"1",2015,4,17,63.561215,137.434,636.2,117.5,107
19,4130,"1",2015,4,19,63.561215,147.224,636.2,117.5,109
19,111395,"1",2023,4,19,49.579857,168.967,614.326,117.5,109
19,9226,"1",2016,4,16,45.466249,142.074,788.900000000001,117.5,106
19,14044,"1",2017,4,10,57.27478,215.09,616.7,117.5,100
19,106424,"1",2022,4,12,54.765427,136.31,748.1,117.5,102
19,9227,"1",2016,4,19,45.466249,148.36,799.700000000001,117.5,109
19,25227,"1",2018,4,14,62.9482860000001,110.293,799.000000000001,117.5,104
19,14045,"1",2017,4,13,57.27478,230.4,616.7,117.5,103
19,105164,"1",2022,4,7,54.765427,127.68,730.7,117.5,97
19,25474,"1",2018,4,17,62.9482860000001,130.863,801.000000000001,117.5,107
19,100390,"1",2021,5,6,51.053388,185.168,620.500000000001,117.5,126
19,33019,"1",2010,4,19,44.897079,123.15,294.3,117.5,109
19,3481,"1",2015,4,17,63.561215,137.434,636.2,117.5,107
20,33039,"1",2010,4,23,44.897079,139.011,294.4,67,113
20,9237,"1",2016,4,23,45.466249,167.48,799.700000000001,67,113
20,9238,"1",2016,4,28,45.466249,175.332,806.100000000001,67,118
20,9236,"1",2016,4,19,45.466249,148.36,799.700000000001,67,109
20,9239,"1",2016,5,2,45.466249,190.195,808.200000000001,67,122
21,14087,"1",2017,4,11,57.27478,220.41,616.7,83,101
21,9245,"1",2016,4,19,45.466249,148.36,799.700000000001,83,109
21,9244,"1",2016,4,16,45.466249,142.074,788.900000000001,83,106
21,9247,"1",2016,4,28,45.466249,175.332,806.100000000001,83,118
21,14086,"1",2017,4,9,57.27478,204.08,616.7,83,99
21,25228,"1",2018,4,14,62.9482860000001,110.293,799.000000000001,83,104
21,25476,"1",2018,4,17,62.9482860000001,130.863,801.000000000001,83,107
21,9248,"1",2016,5,2,45.466249,190.195,808.200000000001,83,122
21,26097,"1",2018,4,21,62.9482860000001,183.673,801.000000000001,83,111
22,9253,"1",2016,4,16,45.466249,142.074,788.900000000001,142.5,106
22,105165,"1",2022,4,7,54.765427,127.68,730.7,142.5,97
22,106425,"1",2022,4,12,54.765427,136.31,748.1,142.5,102
23,25230,"1",2018,4,14,62.9482860000001,110.293,799.000000000001,138.5,104
23,100392,"1",2021,4,13,51.053388,121.536,601.100000000001,138.5,103
23,33141,"1",2010,4,9,44.897079,82.653,294.3,138.5,99
24,106427,"1",2022,4,12,54.765427,136.31,748.1,151,102
24,33166,"1",2010,4,13,44.897079,102.173,294.3,151,103
24,25479,"1",2018,4,17,62.9482860000001,130.863,801.000000000001,151,107
24,111396,"1",2023,4,19,49.579857,168.967,614.326,151,109
26,14173,"1",2017,4,6,57.27478,186.96,616.7,226.5,96
26,3314,"1",2015,4,13,63.561215,104.274,636.1,226.5,103
26,9280,"1",2016,4,13,45.466249,124.774,786.000000000001,226.5,103
26,9281,"1",2016,4,17,45.466249,142.074,799.400000000001,226.5,107
26,33241,"1",2011,3,30,57.929074,81.534,522.800000000001,226.5,90
27,33291,"1",2011,4,4,57.929074,113.214,528.800000000001,159,94
27,9290,"1",2016,4,13,45.466249,124.774,786.000000000001,159,103
27,33284,"1",2010,4,18,44.897079,116.5,294.3,159,108
28,106125,"1",2022,4,11,54.765427,131.39,748.1,240,101
28,3390,"1",2015,4,15,63.561215,115.974,636.2,240,105
28,33344,"1",2010,4,23,44.897079,139.011,294.4,240,113
28,33354,"1",2011,4,2,57.929074,99.514,528.800000000001,240,92
28,111261,"1",2023,4,18,49.579857,164.477,614.326,240,108
29,2953,"1",2015,4,10,63.561215,88.394,633.4,174.5,100
29,112745,"1",2024,4,10,47.235357,249.559,793.37,174.5,100
29,33412,"1",2011,4,1,57.929074,93.294,528.800000000001,174.5,91
30,9320,"1",2016,4,14,45.466249,130.724,786.000000000001,175.333333333333,104
30,111268,"1",2023,4,18,49.579857,164.477,614.326,175.333333333333,108
30,100418,"1",2021,4,21,51.053388,134.878,601.200000000001,175.333333333333,111
30,112789,"1",2024,4,10,47.235357,249.559,793.37,175.333333333333,100
30,33443,"1",2011,4,4,57.929074,113.214,528.800000000001,175.333333333333,94
30,2950,"1",2015,4,9,63.561215,86.521,633.4,175.333333333333,99
31,111269,"1",2023,4,18,49.579857,164.477,614.326,213.666666666667,108
31,33504,"1",2011,3,30,57.929074,81.534,522.800000000001,213.666666666667,90
31,3392,"1",2015,4,15,63.561215,115.974,636.2,213.666666666667,105
31,100424,"1",2021,5,3,51.053388,172.128,609.600000000001,213.666666666667,123
31,9330,"1",2016,4,14,45.466249,130.724,786.000000000001,213.666666666667,104
31,106250,"1",2022,4,11,54.765427,131.39,748.1,213.666666666667,101
31,33497,"1",2010,4,23,44.897079,139.011,294.4,213.666666666667,113
31,3707,"1",2015,4,18,63.561215,143.314,636.2,213.666666666667,108
32,100427,"1",2021,4,21,51.053388,134.878,601.200000000001,103.5,111
32,33540,"1",2011,4,7,57.929074,133.104,530.000000000001,103.5,97
32,106251,"1",2022,4,11,54.765427,131.39,748.1,103.5,101
32,25270,"1",2018,4,16,62.9482860000001,124.453,799.000000000001,103.5,106
33,111965,"1",2023,4,28,49.579857,201.237,638.576,80,118
33,100436,"1",2021,4,27,51.053388,156.102,601.200000000001,80,117
33,106252,"1",2022,4,11,54.765427,131.39,748.1,80,101
33,25271,"1",2018,4,16,62.9482860000001,124.453,799.000000000001,80,106
34,33595,"1",2010,4,23,44.897079,139.011,294.4,NA,113
35,33611,"1",2013,4,23,62.3908210000001,80.609,892.100000000001,139,113
37,33641,"1",2011,4,4,57.929074,113.214,528.800000000001,147.5,94
38,33664,"1",2011,4,6,57.929074,121.584,530.000000000001,107,96
39,100444,"1",2021,5,3,51.053388,172.128,609.600000000001,121.5,123
39,25272,"1",2018,4,16,62.9482860000001,124.453,799.000000000001,121.5,106
39,33687,"1",2011,4,4,57.929074,113.214,528.800000000001,121.5,94
39,104038,"1",2022,4,4,54.765427,114.392,727.6,121.5,94
40,33710,"1",2011,4,8,57.929074,142.074,530.000000000001,145.5,98
41,33731,"1",2011,4,8,57.929074,142.074,530.000000000001,130.666666666667,98
41,25273,"1",2018,4,16,62.9482860000001,124.453,799.000000000001,130.666666666667,106
41,104039,"1",2022,4,4,54.765427,114.392,727.6,130.666666666667,94
42,105170,"1",2022,4,7,54.765427,127.68,730.7,172.666666666667,97
42,33753,"1",2011,4,4,57.929074,113.214,528.800000000001,172.666666666667,94
42,25274,"1",2018,4,16,62.9482860000001,124.453,799.000000000001,172.666666666667,106
43,33779,"1",2011,4,8,57.929074,142.074,530.000000000001,140,98
44,111959,"1",2023,4,28,49.579857,201.237,638.576,145.666666666667,118
44,33804,"1",2011,4,9,57.929074,149.924,530.000000000001,145.666666666667,99
44,9348,"1",2016,4,27,45.466249,173.713,806.100000000001,145.666666666667,117
44,9347,"1",2016,4,24,45.466249,168.299,805.500000000001,145.666666666667,114
45,112508,"1",2024,4,8,47.235357,241.998,791.99,114,98
45,105068,"1",2022,4,7,54.765427,127.68,730.7,114,97
45,25969,"1",2018,4,20,62.9482860000001,169.563,801.000000000001,114,110
45,33837,"1",2013,4,29,62.3908210000001,113.9,898.600000000001,114,119
46,9355,"1",2016,4,18,45.466249,143.7,799.700000000001,141.5,108
46,33872,"1",2011,4,6,57.929074,121.584,530.000000000001,141.5,96
46,100469,"1",2021,5,3,51.053388,172.128,609.600000000001,141.5,123
46,106092,"1",2022,4,11,54.765427,131.39,748.1,141.5,101
46,25970,"1",2018,4,20,62.9482860000001,169.563,801.000000000001,141.5,110
47,33924,"1",2011,4,6,57.929074,121.584,530.000000000001,80.5,96
47,3679,"1",2015,4,18,63.561215,143.314,636.2,80.5,108
47,33942,"1",2013,4,29,62.3908210000001,113.9,898.600000000001,80.5,119
47,14373,"1",2017,4,11,57.27478,220.41,616.7,80.5,101
47,3234,"1",2015,4,13,63.561215,104.274,636.1,80.5,103
47,9365,"1",2016,4,18,45.466249,143.7,799.700000000001,80.5,108
47,33916,"1",2010,4,21,44.897079,133.58,294.4,80.5,111
47,111757,"1",2023,4,26,49.579857,193.302,638.576,80.5,116
47,106093,"1",2022,4,11,54.765427,131.39,748.1,80.5,101
48,33956,"1",2011,4,8,57.929074,142.074,530.000000000001,71.5,98
49,5055,"1",2015,4,26,63.561215,184.102,639.3,129.333333333333,116
49,9377,"1",2016,4,25,45.466249,168.847,805.700000000001,129.333333333333,115
49,9378,"1",2016,4,27,45.466249,173.713,806.100000000001,129.333333333333,117
49,108457,"1",2022,4,22,54.765427,199.26,748.2,129.333333333333,112
49,3235,"1",2015,4,13,63.561215,104.274,636.1,129.333333333333,103
49,5397,"1",2015,4,28,63.561215,189.337,642.3,129.333333333333,118
49,3680,"1",2015,4,18,63.561215,143.314,636.2,129.333333333333,108
49,14397,"1",2017,4,12,57.27478,224.79,616.7,129.333333333333,102
49,14396,"1",2017,4,11,57.27478,220.41,616.7,129.333333333333,101
49,109219,"1",2022,4,25,54.765427,217.83,748.2,129.333333333333,115
49,9375,"1",2016,4,18,45.466249,143.7,799.700000000001,129.333333333333,108
49,33994,"1",2010,4,19,44.897079,123.15,294.3,129.333333333333,109
50,34041,"1",2013,4,23,62.3908210000001,80.609,892.100000000001,77.6666666666667,113
50,34032,"1",2011,4,8,57.929074,142.074,530.000000000001,77.6666666666667,98
51,34063,"1",2011,4,6,57.929074,121.584,530.000000000001,128.333333333333,96
52,34088,"1",2011,4,4,57.929074,113.214,528.800000000001,169,94
54,34129,"1",2011,4,8,57.929074,142.074,530.000000000001,86.6666666666667,98
55,111323,"1",2023,4,18,49.579857,164.477,614.326,255.333333333333,108
55,34158,"1",2013,5,1,62.3908210000001,123.3,898.700000000001,255.333333333333,121
56,34174,"1",2011,4,8,57.929074,142.074,530.000000000001,94,98
57,34194,"1",2011,3,28,57.929074,78.234,521.600000000001,163.5,88
58,34218,"1",2011,4,1,57.929074,93.294,528.800000000001,202,91
59,34253,"1",2013,4,27,62.3908210000001,109.81,896.800000000001,90,117
59,34244,"1",2011,4,8,57.929074,142.074,530.000000000001,90,98
61,25280,"1",2018,4,16,62.9482860000001,124.453,799.000000000001,195.666666666667,106
61,34316,"1",2011,4,2,57.929074,99.514,528.800000000001,195.666666666667,92
61,34311,"1",2010,4,19,44.897079,123.15,294.3,195.666666666667,109
61,34334,"1",2013,4,21,62.3908210000001,71.269,892.100000000001,195.666666666667,111
62,111307,"1",2023,4,18,49.579857,164.477,614.326,161,108
62,34350,"1",2011,3,28,57.929074,78.234,521.600000000001,161,88
64,34394,"1",2011,4,4,57.929074,113.214,528.800000000001,180.333333333333,94
64,34404,"1",2013,4,27,62.3908210000001,109.81,896.800000000001,180.333333333333,117
65,34427,"1",2011,4,6,57.929074,121.584,530.000000000001,136.2,96
65,34412,"1",2013,4,22,62.3908210000001,75.439,892.100000000001,136.2,112
67,111020,"1",2023,4,17,49.579857,158.047,614.076,65,107
67,34460,"1",2011,4,9,57.929074,149.924,530.000000000001,65,99
68,105046,"1",2022,4,7,54.765427,127.68,730.7,64,97
68,103832,"1",2022,4,4,54.765427,114.392,727.6,64,94
69,25480,"1",2018,4,17,62.9482860000001,130.863,801.000000000001,440,107
69,111019,"1",2023,4,17,49.579857,158.047,614.076,440,107
69,3340,"1",2015,4,14,63.561215,107.984,636.2,440,104
69,103833,"1",2022,4,4,54.765427,114.392,727.6,440,94
70,34574,"1",2011,4,4,57.929074,113.214,528.800000000001,245,94
71,103834,"1",2022,4,4,54.765427,114.392,727.6,100,94
71,25481,"1",2018,4,17,62.9482860000001,130.863,801.000000000001,100,107
71,111021,"1",2023,4,17,49.579857,158.047,614.076,100,107
71,105047,"1",2022,4,7,54.765427,127.68,730.7,100,97
72,34630,"1",2011,4,3,57.929074,108.384,528.800000000001,100,93
73,34648,"1",2011,4,11,57.929074,164.554,530.000000000001,67,101
74,34672,"1",2011,4,3,57.929074,108.384,528.800000000001,78,93
76,34714,"1",2011,4,5,57.929074,117.124,528.800000000001,71.3333333333333,95
77,105048,"1",2022,4,7,54.765427,127.68,730.7,71.3333333333333,97
77,3341,"1",2015,4,14,63.561215,107.984,636.2,71.3333333333333,104
77,25482,"1",2018,4,17,62.9482860000001,130.863,801.000000000001,71.3333333333333,107
78,111093,"1",2023,4,17,49.579857,158.047,614.076,182.75,107
79,100523,"1",2021,4,20,51.053388,129.848,601.200000000001,86.5,110
79,105049,"1",2022,4,7,54.765427,127.68,730.7,86.5,97
79,34797,"1",2011,4,3,57.929074,108.384,528.800000000001,86.5,93
80,25036,"1",2018,4,12,62.9482860000001,105.257,798.600000000001,138.25,102
80,105050,"1",2022,4,7,54.765427,127.68,730.7,138.25,97
80,2986,"1",2015,4,11,63.561215,96.054,633.4,138.25,101
80,34832,"1",2011,3,27,57.929074,76.909,521.500000000001,138.25,87
80,100529,"1",2021,4,7,51.053388,114.893,597.400000000001,138.25,97
81,34857,"1",2011,4,5,57.929074,117.124,528.800000000001,126,95
82,25484,"1",2018,4,17,62.9482860000001,130.863,801.000000000001,162,107
82,105042,"1",2022,4,7,54.765427,127.68,730.7,162,97
82,100537,"1",2021,4,20,51.053388,129.848,601.200000000001,162,110
83,105963,"1",2022,4,11,54.765427,131.39,748.1,107,101
83,9438,"1",2016,4,18,45.466249,143.7,799.700000000001,107,108
83,9440,"1",2016,4,25,45.466249,168.847,805.700000000001,107,115
83,34906,"1",2011,4,9,57.929074,149.924,530.000000000001,107,99
83,105051,"1",2022,4,7,54.765427,127.68,730.7,107,97
83,9437,"1",2016,4,13,45.466249,124.774,786.000000000001,107,103
83,4174,"1",2015,4,21,63.561215,154.702,636.2,107,111
83,14544,"1",2017,4,14,57.27478,235.59,616.7,107,104
83,100546,"1",2021,4,20,51.053388,129.848,601.200000000001,107,110
83,9442,"1",2016,5,2,45.466249,190.195,808.200000000001,107,122
83,25485,"1",2018,4,17,62.9482860000001,130.863,801.000000000001,107,107
83,9439,"1",2016,4,21,45.466249,159.29,799.700000000001,107,111
83,2847,"1",2015,4,9,63.561215,86.521,633.4,107,99
85,34948,"1",2011,4,8,57.929074,142.074,530.000000000001,95.3333333333333,98
86,105964,"1",2022,4,11,54.765427,131.39,748.1,259.333333333333,101
86,111022,"1",2023,4,17,49.579857,158.047,614.076,259.333333333333,107
86,25486,"1",2018,4,17,62.9482860000001,130.863,801.000000000001,259.333333333333,107
86,100551,"1",2021,4,20,51.053388,129.848,601.200000000001,259.333333333333,110
88,14596,"1",2017,5,17,57.27478,416.354,636,93.5,137
88,14599,"1",2017,5,23,57.27478,470.024,696.9,93.5,143
88,35027,"1",2011,4,4,57.929074,113.214,528.800000000001,93.5,94
88,14589,"1",2017,5,2,57.27478,316.854,621.7,93.5,122
88,14598,"1",2017,5,21,57.27478,449.384,695.2,93.5,141
88,14587,"1",2017,4,28,57.27478,294.411,619.7,93.5,118
88,14593,"1",2017,5,11,57.27478,362.864,623,93.5,131
88,14592,"1",2017,5,9,57.27478,353.854,623,93.5,129
88,14597,"1",2017,5,19,57.27478,434.214,680.9,93.5,139
88,14585,"1",2017,4,23,57.27478,277.742,618.6,93.5,113
88,14586,"1",2017,4,26,57.27478,290.212,618.6,93.5,116
88,14600,"1",2017,5,25,57.27478,495.794,696.9,93.5,145
88,14584,"1",2017,4,19,57.27478,256.752,618.4,93.5,109
88,14591,"1",2017,5,7,57.27478,346.604,623,93.5,127
88,14595,"1",2017,5,15,57.27478,395.944,634.8,93.5,135
88,14594,"1",2017,5,13,57.27478,379.044,629.5,93.5,133
88,14583,"1",2017,4,16,57.27478,245.76,617,93.5,106
88,14590,"1",2017,5,5,57.27478,333.154,623,93.5,125
88,14588,"1",2017,4,30,57.27478,300.944,619.8,93.5,120
89,4176,"1",2015,4,21,63.561215,154.702,636.2,78.5,111
89,35046,"1",2011,4,5,57.929074,117.124,528.800000000001,78.5,95
89,14602,"1",2017,4,10,57.27478,215.09,616.7,78.5,100
89,14603,"1",2017,4,10,57.27478,215.09,616.7,78.5,100
90,14624,"1",2017,4,16,57.27478,245.76,617,85.5,106
90,100567,"1",2021,4,30,51.053388,163.636,609.300000000001,85.5,120
90,111513,"1",2023,4,25,49.579857,192.193,628.576,85.5,115
90,35069,"1",2011,4,9,57.929074,149.924,530.000000000001,85.5,99
90,2834,"1",2015,4,8,63.561215,79.071,633.4,85.5,98
90,25489,"1",2018,4,17,62.9482860000001,130.863,801.000000000001,85.5,107
90,111024,"1",2023,4,17,49.579857,158.047,614.076,85.5,107
92,2856,"1",2015,4,9,63.561215,86.521,633.4,93,99
92,35120,"1",2011,4,9,57.929074,149.924,530.000000000001,93,99
92,35113,"1",2010,4,27,44.897079,163.931,297.6,93,117
92,14645,"1",2017,4,14,57.27478,235.59,616.7,93,104
92,14643,"1",2017,4,11,57.27478,220.41,616.7,93,101
92,25490,"1",2018,4,17,62.9482860000001,130.863,801.000000000001,93,107
92,4476,"1",2015,4,21,63.561215,154.702,636.2,93,111
92,14644,"1",2017,4,12,57.27478,224.79,616.7,93,102
93,14666,"1",2017,4,10,57.27478,215.09,616.7,108,100
93,111512,"1",2023,4,25,49.579857,192.193,628.576,108,115
94,9504,"1",2016,4,29,45.466249,177.695,806.200000000001,97,119
94,14688,"1",2017,4,16,57.27478,245.76,617,97,106
94,9503,"1",2016,4,25,45.466249,168.847,805.700000000001,97,115
94,9502,"1",2016,4,21,45.466249,159.29,799.700000000001,97,111
94,35216,"1",2011,4,7,57.929074,133.104,530.000000000001,97,97
94,9505,"1",2016,5,3,45.466249,197.285,808.200000000001,97,123
95,25492,"1",2018,4,17,62.9482860000001,130.863,801.000000000001,137.25,107
95,2849,"1",2015,4,9,63.561215,86.521,633.4,137.25,99
95,35241,"1",2011,4,3,57.929074,108.384,528.800000000001,137.25,93
95,100584,"1",2021,4,7,51.053388,114.893,597.400000000001,137.25,97
96,105053,"1",2022,4,7,54.765427,127.68,730.7,106.75,97
96,2850,"1",2015,4,9,63.561215,86.521,633.4,106.75,99
96,25493,"1",2018,4,17,62.9482860000001,130.863,801.000000000001,106.75,107
96,2994,"1",2015,4,11,63.561215,96.054,633.4,106.75,101
96,3337,"1",2015,4,14,63.561215,107.984,636.2,106.75,104
96,9520,"1",2016,4,13,45.466249,124.774,786.000000000001,106.75,103
96,35265,"1",2011,4,5,57.929074,117.124,528.800000000001,106.75,95
96,111023,"1",2023,4,17,49.579857,158.047,614.076,106.75,107
97,35297,"1",2011,4,5,57.929074,117.124,528.800000000001,134,95
97,9530,"1",2016,4,13,45.466249,124.774,786.000000000001,134,103
97,25494,"1",2018,4,17,62.9482860000001,130.863,801.000000000001,134,107
97,111094,"1",2023,4,17,49.579857,158.047,614.076,134,107
98,105054,"1",2022,4,7,54.765427,127.68,730.7,100,97
98,2996,"1",2015,4,11,63.561215,96.054,633.4,100,101
98,2854,"1",2015,4,9,63.561215,86.521,633.4,100,99
98,111095,"1",2023,4,17,49.579857,158.047,614.076,100,107
98,3339,"1",2015,4,14,63.561215,107.984,636.2,100,104
99,35350,"1",2011,4,5,57.929074,117.124,528.800000000001,119.333333333333,95
99,112668,"1",2024,4,10,47.235357,249.559,793.37,119.333333333333,100
99,25495,"1",2018,4,17,62.9482860000001,130.863,801.000000000001,119.333333333333,107
99,105055,"1",2022,4,7,54.765427,127.68,730.7,119.333333333333,97
100,110949,"1",2023,4,17,49.579857,158.047,614.076,109.5,107
100,25046,"1",2018,4,12,62.9482860000001,105.257,798.600000000001,109.5,102
100,35373,"1",2011,4,9,57.929074,149.924,530.000000000001,109.5,99
100,106016,"1",2022,4,11,54.765427,131.39,748.1,109.5,101
101,35392,"1",2011,4,11,57.929074,164.554,530.000000000001,89,101
103,112607,"1",2024,4,10,47.235357,249.559,793.37,106.5,100
103,110950,"1",2023,4,17,49.579857,158.047,614.076,106.5,107
103,35474,"1",2011,4,5,57.929074,117.124,528.800000000001,106.5,95
104,35504,"1",2010,4,20,44.897079,128.91,294.3,78,110
106,35548,"1",2011,4,16,57.929074,188.589,530.100000000001,71,106
107,35572,"1",2011,4,7,57.929074,133.104,530.000000000001,116,97
107,112606,"1",2024,4,10,47.235357,249.559,793.37,116,100
109,100618,"1",2021,4,30,51.053388,163.636,609.300000000001,123,120
109,26119,"1",2018,4,21,62.9482860000001,183.673,801.000000000001,123,111
109,35616,"1",2011,4,7,57.929074,133.104,530.000000000001,123,97
109,111740,"1",2023,4,26,49.579857,193.302,638.576,123,116
109,25497,"1",2018,4,17,62.9482860000001,130.863,801.000000000001,123,107
113,35704,"1",2011,4,9,57.929074,149.924,530.000000000001,90,99
115,35746,"1",2011,4,7,57.929074,133.104,530.000000000001,68,97
116,35793,"1",2011,3,27,57.929074,76.909,521.500000000001,137.5,87
116,2877,"1",2015,4,9,63.561215,86.521,633.4,137.5,99
118,35827,"1",2011,4,7,57.929074,133.104,530.000000000001,63,97
119,35844,"1",2011,4,7,57.929074,133.104,530.000000000001,87,97
119,3162,"1",2015,4,14,63.561215,107.984,636.2,87,104
119,106020,"1",2022,4,11,54.765427,131.39,748.1,87,101
120,35871,"1",2011,4,7,57.929074,133.104,530.000000000001,80,97
122,35918,"1",2011,4,7,57.929074,133.104,530.000000000001,113,97
123,112617,"1",2024,4,10,47.235357,249.559,793.37,391,100
123,35942,"1",2011,4,3,57.929074,108.384,528.800000000001,391,93
124,35963,"1",2011,4,9,57.929074,149.924,530.000000000001,164.666666666667,99
125,25498,"1",2018,4,17,62.9482860000001,130.863,801.000000000001,88.5,107
126,25499,"1",2018,4,17,62.9482860000001,130.863,801.000000000001,109.5,107
126,25054,"1",2018,4,12,62.9482860000001,105.257,798.600000000001,109.5,102
127,25500,"1",2018,4,17,62.9482860000001,130.863,801.000000000001,183.333333333333,107
127,3164,"1",2015,4,14,63.561215,107.984,636.2,183.333333333333,104
127,110948,"1",2023,4,17,49.579857,158.047,614.076,183.333333333333,107
127,36049,"1",2011,4,6,57.929074,121.584,530.000000000001,183.333333333333,96
128,2870,"1",2015,4,9,63.561215,86.521,633.4,176.333333333333,99
128,36088,"1",2011,3,31,57.929074,86.194,523.500000000001,176.333333333333,91
128,3041,"1",2015,4,11,63.561215,96.054,633.4,176.333333333333,101
128,25501,"1",2018,4,17,62.9482860000001,130.863,801.000000000001,176.333333333333,107
129,36121,"1",2011,4,3,57.929074,108.384,528.800000000001,220.5,93
130,25057,"1",2018,4,12,62.9482860000001,105.257,798.600000000001,84.5,102
130,3039,"1",2015,4,11,63.561215,96.054,633.4,84.5,101
130,36145,"1",2011,4,6,57.929074,121.584,530.000000000001,84.5,96
130,25502,"1",2018,4,17,62.9482860000001,130.863,801.000000000001,84.5,107
130,100652,"1",2021,4,20,51.053388,129.848,601.200000000001,84.5,110
131,110947,"1",2023,4,17,49.579857,158.047,614.076,144,107
131,100658,"1",2021,4,26,51.053388,154.887,601.200000000001,144,116
131,36169,"1",2011,4,9,57.929074,149.924,530.000000000001,144,99
133,25504,"1",2018,4,17,62.9482860000001,130.863,801.000000000001,111,107
133,36217,"1",2011,4,3,57.929074,108.384,528.800000000001,111,93
134,36242,"1",2011,4,3,57.929074,108.384,528.800000000001,141,93
135,36267,"1",2011,4,3,57.929074,108.384,528.800000000001,443,93
136,36288,"1",2011,4,8,57.929074,142.074,530.000000000001,117.5,98
137,100672,"1",2021,4,27,51.053388,156.102,601.200000000001,123,117
137,111313,"1",2023,4,18,49.579857,164.477,614.326,123,108
137,36336,"1",2011,4,8,57.929074,142.074,530.000000000001,123,98
137,105128,"1",2022,4,7,54.765427,127.68,730.7,123,97
137,9618,"1",2016,4,20,45.466249,154.56,799.700000000001,123,110
137,9617,"1",2016,4,16,45.466249,142.074,788.900000000001,123,106
137,36327,"1",2010,4,21,44.897079,133.58,294.4,123,111
138,36388,"1",2010,4,21,44.897079,133.58,294.4,124,111
138,106139,"1",2022,4,11,54.765427,131.39,748.1,124,101
138,105129,"1",2022,4,7,54.765427,127.68,730.7,124,97
138,36396,"1",2011,4,8,57.929074,142.074,530.000000000001,124,98
138,100679,"1",2021,4,27,51.053388,156.102,601.200000000001,124,117
139,36450,"1",2011,4,14,57.929074,179.209,530.000000000001,81,104
139,100686,"1",2021,4,27,51.053388,156.102,601.200000000001,81,117
139,36415,"1",2013,5,3,62.3908210000001,131.09,898.700000000001,81,123
139,9637,"1",2016,4,16,45.466249,142.074,788.900000000001,81,106
139,111314,"1",2023,4,18,49.579857,164.477,614.326,81,108
139,36442,"1",2010,4,24,44.897079,144.361,294.4,81,114
140,106141,"1",2022,4,11,54.765427,131.39,748.1,139,101
140,36498,"1",2010,4,16,44.897079,110.692,294.3,139,106
140,9647,"1",2016,4,16,45.466249,142.074,788.900000000001,139,106
140,105131,"1",2022,4,7,54.765427,127.68,730.7,139,97
140,100693,"1",2021,4,27,51.053388,156.102,601.200000000001,139,117
140,36506,"1",2011,4,7,57.929074,133.104,530.000000000001,139,97
141,36577,"1",2011,4,5,57.929074,117.124,528.800000000001,82,95
141,36566,"1",2013,4,22,62.3908210000001,75.439,892.100000000001,82,112
142,36586,"1",2013,5,0,62.3908210000001,0,0,82,120
142,36598,"1",2011,4,7,57.929074,133.104,530.000000000001,82,97
143,104098,"1",2022,4,5,54.765427,115.81,729.9,142,95
143,2905,"1",2015,4,9,63.561215,86.521,633.4,142,99
143,3083,"1",2015,4,11,63.561215,96.054,633.4,142,101
143,100698,"1",2021,4,8,51.053388,114.893,597.400000000001,142,98
143,110868,"1",2023,4,14,49.579857,146.479,605.326,142,104
143,36644,"1",2011,3,31,57.929074,86.194,523.500000000001,142,91
143,25505,"1",2018,4,17,62.9482860000001,130.863,801.000000000001,142,107
144,36676,"1",2011,4,7,57.929074,133.104,530.000000000001,41,97
145,36683,"1",2013,4,28,62.3908210000001,110.61,896.900000000001,47,118
145,36696,"1",2011,4,7,57.929074,133.104,530.000000000001,47,97
146,25506,"1",2018,4,17,62.9482860000001,130.863,801.000000000001,154.5,107
146,104099,"1",2022,4,5,54.765427,115.81,729.9,154.5,95
146,36717,"1",2011,4,7,57.929074,133.104,530.000000000001,154.5,97
146,112557,"1",2024,4,9,47.235357,247.208,791.99,154.5,99
146,110869,"1",2023,4,14,49.579857,146.479,605.326,154.5,104
147,36726,"1",2013,4,22,62.3908210000001,75.439,892.100000000001,219.5,112
147,36754,"1",2010,4,15,44.897079,108.192,294.3,219.5,105
147,111750,"1",2023,4,26,49.579857,193.302,638.576,219.5,116
147,3208,"1",2015,4,14,63.561215,107.984,636.2,219.5,104
147,3581,"1",2015,4,17,63.561215,137.434,636.2,219.5,107
147,24974,"1",2018,4,11,62.9482860000001,102.943,791.000000000001,219.5,101
147,36762,"1",2011,4,7,57.929074,133.104,530.000000000001,219.5,97
147,9667,"1",2016,4,13,45.466249,124.774,786.000000000001,219.5,103
147,104100,"1",2022,4,5,54.765427,115.81,729.9,219.5,95
147,3927,"1",2015,4,19,63.561215,147.224,636.2,219.5,109
147,105424,"1",2022,4,8,54.765427,131.39,747.8,219.5,98
147,110867,"1",2023,4,14,49.579857,146.479,605.326,219.5,104
148,36798,"1",2011,4,7,57.929074,133.104,530.000000000001,76,97
149,36819,"1",2011,4,7,57.929074,133.104,530.000000000001,63.5,97
150,36842,"1",2011,3,29,57.929074,81.534,521.600000000001,320,89
151,106298,"1",2022,4,12,54.765427,136.31,748.1,61.5,102
151,36882,"1",2011,4,7,57.929074,133.104,530.000000000001,61.5,97
152,36903,"1",2011,4,7,57.929074,133.104,530.000000000001,35,97
152,106299,"1",2022,4,12,54.765427,136.31,748.1,35,102
152,24976,"1",2018,4,11,62.9482860000001,102.943,791.000000000001,35,101
152,36891,"1",2013,5,0,62.3908210000001,0,0,35,120
153,36924,"1",2011,4,3,57.929074,108.384,528.800000000001,54.5,93
153,36911,"1",2013,5,0,62.3908210000001,0,0,54.5,120
154,110870,"1",2023,4,14,49.579857,146.479,605.326,60.5,104
154,36932,"1",2013,4,28,62.3908210000001,110.61,896.900000000001,60.5,118
154,102796,"1",2021,4,8,51.053388,114.893,597.400000000001,60.5,98
154,25733,"1",2018,4,17,62.9482860000001,130.863,801.000000000001,60.5,107
155,36955,"1",2013,5,0,62.3908210000001,0,0,44,120
155,36969,"1",2011,4,7,57.929074,133.104,530.000000000001,44,97
157,37000,"1",2011,4,13,57.929074,176.584,530.000000000001,32.5,103
159,112553,"1",2024,4,9,47.235357,247.208,791.99,143,99
160,37041,"1",2011,4,5,57.929074,117.124,528.800000000001,110,95
162,37071,"1",2013,5,0,62.3908210000001,0,0,40.5,120
162,37083,"1",2011,4,7,57.929074,133.104,530.000000000001,40.5,97
163,37102,"1",2011,4,9,57.929074,149.924,530.000000000001,67,99
164,37126,"1",2011,4,5,57.929074,117.124,528.800000000001,51.5,95
164,37111,"1",2013,4,28,62.3908210000001,110.61,896.900000000001,51.5,118
165,37135,"1",2013,4,28,62.3908210000001,110.61,896.900000000001,83,118
165,37147,"1",2011,4,11,57.929074,164.554,530.000000000001,83,101
166,37155,"1",2013,4,28,62.3908210000001,110.61,896.900000000001,163.333333333333,118
166,106304,"1",2022,4,12,54.765427,136.31,748.1,163.333333333333,102
166,104101,"1",2022,4,5,54.765427,115.81,729.9,163.333333333333,95
167,37179,"1",2013,5,0,62.3908210000001,0,0,22,120
167,37191,"1",2011,4,9,57.929074,149.924,530.000000000001,22,99
169,37228,"1",2011,4,7,57.929074,133.104,530.000000000001,39.5,97
170,105425,"1",2022,4,8,54.765427,131.39,747.8,47,98
170,112550,"1",2024,4,9,47.235357,247.208,791.99,47,99
170,37247,"1",2011,4,9,57.929074,149.924,530.000000000001,47,99
170,106305,"1",2022,4,12,54.765427,136.31,748.1,47,102
170,100715,"1",2021,4,28,51.053388,158.85,601.200000000001,47,118
171,37255,"1",2013,4,22,62.3908210000001,75.439,892.100000000001,56,112
172,37276,"1",2013,4,28,62.3908210000001,110.61,896.900000000001,79.5,118
172,37288,"1",2011,4,7,57.929074,133.104,530.000000000001,79.5,97
174,37317,"1",2011,4,7,57.929074,133.104,530.000000000001,145.5,97
175,3206,"1",2015,4,14,63.561215,107.984,636.2,28,104
175,3114,"1",2015,4,11,63.561215,96.054,633.4,28,101
175,37340,"1",2011,4,9,57.929074,149.924,530.000000000001,28,99
177,37396,"1",2011,4,8,57.929074,142.074,530.000000000001,123.5,98
177,37378,"1",2013,4,22,62.3908210000001,75.439,892.100000000001,123.5,112
179,112552,"1",2024,4,9,47.235357,247.208,791.99,47.5,99
179,106300,"1",2022,4,12,54.765427,136.31,748.1,47.5,102
182,37452,"1",2013,4,28,62.3908210000001,110.61,896.900000000001,28.5,118
182,2903,"1",2015,4,9,63.561215,86.521,633.4,28.5,99
182,15081,"1",2017,4,15,57.27478,240.22,616.7,28.5,105
182,15079,"1",2017,4,9,57.27478,204.08,616.7,28.5,99
182,15080,"1",2017,4,11,57.27478,220.41,616.7,28.5,101
184,104104,"1",2022,4,5,54.765427,115.81,729.9,200,95
184,37519,"1",2011,4,3,57.929074,108.384,528.800000000001,200,93
184,100718,"1",2021,4,8,51.053388,114.893,597.400000000001,200,98
185,37559,"1",2010,4,15,44.897079,108.192,294.3,220,105
185,106308,"1",2022,4,12,54.765427,136.31,748.1,220,102
185,37569,"1",2011,4,7,57.929074,133.104,530.000000000001,220,97
186,25512,"1",2018,4,17,62.9482860000001,130.863,801.000000000001,191.5,107
186,105448,"1",2022,4,8,54.765427,131.39,747.8,191.5,98
186,104144,"1",2022,4,5,54.765427,115.81,729.9,191.5,95
186,100727,"1",2021,4,13,51.053388,121.536,601.100000000001,191.5,103
186,100728,"1",2021,4,19,51.053388,127.334,601.200000000001,191.5,109
187,37606,"1",2010,4,15,44.897079,108.192,294.3,450.666666666667,105
190,25513,"1",2018,4,17,62.9482860000001,130.863,801.000000000001,92,107
190,100738,"1",2021,4,19,51.053388,127.334,601.200000000001,92,109
190,100737,"1",2021,4,13,51.053388,121.536,601.100000000001,92,103
190,104146,"1",2022,4,5,54.765427,115.81,729.9,92,95
190,3099,"1",2015,4,11,63.561215,96.054,633.4,92,101
190,3349,"1",2015,4,14,63.561215,107.984,636.2,92,104
190,2923,"1",2015,4,9,63.561215,86.521,633.4,92,99
193,106338,"1",2022,4,12,54.765427,136.31,748.1,58.5,102
193,107502,"1",2022,4,19,54.765427,182.36,748.2,58.5,109
193,2925,"1",2015,4,9,63.561215,86.521,633.4,58.5,99
193,4293,"1",2015,4,21,63.561215,154.702,636.2,58.5,111
193,15190,"1",2017,4,9,57.27478,204.08,616.7,58.5,99
193,104147,"1",2022,4,5,54.765427,115.81,729.9,58.5,95
193,37780,"1",2010,4,25,44.897079,151.551,294.4,58.5,115
193,15189,"1",2017,4,7,57.27478,191.59,616.7,58.5,97
193,9725,"1",2016,4,15,45.466249,136.874,786.000000000001,58.5,105
194,3102,"1",2015,4,11,63.561215,96.054,633.4,61,101
194,3606,"1",2015,4,17,63.561215,137.434,636.2,61,107
194,106339,"1",2022,4,12,54.765427,136.31,748.1,61,102
194,100747,"1",2021,4,19,51.053388,127.334,601.200000000001,61,109
194,37819,"1",2010,4,15,44.897079,108.192,294.3,61,105
194,3953,"1",2015,4,19,63.561215,147.224,636.2,61,109
194,100746,"1",2021,5,6,51.053388,185.168,620.500000000001,61,126
194,2926,"1",2015,4,9,63.561215,86.521,633.4,61,99
194,111475,"1",2023,4,19,49.579857,168.967,614.326,61,109
195,37839,"1",2010,4,18,44.897079,116.5,294.3,154,108
196,37860,"1",2010,4,12,44.897079,99.952,294.3,218,102
198,37926,"1",2010,4,11,44.897079,97.453,294.3,169,101
199,111408,"1",2023,4,19,49.579857,168.967,614.326,76,109
199,37951,"1",2010,4,25,44.897079,151.551,294.4,76,115
200,37970,"1",2010,4,13,44.897079,102.173,294.3,292,103
201,111407,"1",2023,4,19,49.579857,168.967,614.326,124,109
202,38007,"1",2013,4,27,62.3908210000001,109.81,896.800000000001,89,117
202,105530,"1",2022,4,8,54.765427,131.39,747.8,89,98
202,15254,"1",2017,4,7,57.27478,191.59,616.7,89,97
202,3648,"1",2015,4,17,63.561215,137.434,636.2,89,107
202,100759,"1",2021,4,29,51.053388,161.88,601.200000000001,89,119
202,3376,"1",2015,4,14,63.561215,107.984,636.2,89,104
203,111409,"1",2023,4,19,49.579857,168.967,614.326,81,109
203,38059,"1",2010,4,15,44.897079,108.192,294.3,81,105
204,38084,"1",2010,4,18,44.897079,116.5,294.3,190,108
205,38105,"1",2010,4,23,44.897079,139.011,294.4,62,113
206,111410,"1",2023,4,19,49.579857,168.967,614.326,64,109
206,38131,"1",2010,4,24,44.897079,144.361,294.4,64,114
207,38156,"1",2010,4,17,44.897079,113.594,294.3,74,107
207,112497,"1",2024,4,8,47.235357,241.998,791.99,74,98
207,111411,"1",2023,4,19,49.579857,168.967,614.326,74,109
209,112494,"1",2024,4,8,47.235357,241.998,791.99,126.5,98
209,25235,"1",2018,4,14,62.9482860000001,110.293,799.000000000001,126.5,104
209,2938,"1",2015,4,9,63.561215,86.521,633.4,126.5,99
210,38247,"1",2010,4,25,44.897079,151.551,294.4,36,115
212,38285,"1",2010,4,14,44.897079,106.443,294.3,83,104
213,38308,"1",2010,4,13,44.897079,102.173,294.3,63,103
214,38329,"1",2010,4,14,44.897079,106.443,294.3,139,104
217,38406,"1",2010,4,13,44.897079,102.173,294.3,100,103
219,38453,"1",2010,4,13,44.897079,102.173,294.3,193,103
220,38540,"1",2010,4,13,44.897079,102.173,294.3,86,103
221,38650,"1",2010,4,13,44.897079,102.173,294.3,166,103
222,38672,"1",2010,4,19,44.897079,123.15,294.3,112,109
226,38786,"1",2010,4,13,44.897079,102.173,294.3,83,103
227,38804,"1",2010,4,11,44.897079,97.453,294.3,145,101
228,38827,"1",2010,4,17,44.897079,113.594,294.3,55,107
230,100770,"1",2021,4,28,51.053388,158.85,601.200000000001,161,118
230,38877,"1",2010,4,14,44.897079,106.443,294.3,161,104
230,3262,"1",2015,4,13,63.561215,104.274,636.1,161,103
230,25758,"1",2018,4,18,62.9482860000001,140.333,801.000000000001,161,108
230,15298,"1",2017,4,11,57.27478,220.41,616.7,161,101
231,38896,"1",2010,4,19,44.897079,123.15,294.3,199.666666666667,109
232,25759,"1",2018,4,18,62.9482860000001,140.333,801.000000000001,126,108
233,38937,"1",2010,4,26,44.897079,157.861,296.6,68,116
234,38957,"1",2010,4,22,44.897079,135.631,294.4,149,112
237,4776,"1",2015,4,24,63.561215,171.112,636.2,201,114
237,23229,"1",2017,4,6,57.27478,186.96,616.7,201,96
237,3261,"1",2015,4,13,63.561215,104.274,636.1,201,103
237,111936,"1",2023,4,28,49.579857,201.237,638.576,201,118
237,9783,"1",2016,4,29,45.466249,177.695,806.200000000001,201,119
237,25880,"1",2018,4,18,62.9482860000001,140.333,801.000000000001,201,108
237,4085,"1",2015,4,19,63.561215,147.224,636.2,201,109
237,23230,"1",2017,4,9,57.27478,204.08,616.7,201,99
237,4429,"1",2015,4,22,63.561215,161.262,636.2,201,112
237,9782,"1",2016,4,24,45.466249,168.299,805.500000000001,201,114
238,39053,"1",2010,4,24,44.897079,144.361,294.4,79.6666666666667,114
242,107537,"1",2022,4,19,54.765427,182.36,748.2,147,109
242,111937,"1",2023,4,28,49.579857,201.237,638.576,147,118
243,39149,"1",2010,4,23,44.897079,139.011,294.4,71,113
244,39163,"1",2010,4,23,44.897079,139.011,294.4,69,113
246,39198,"1",2010,4,24,44.897079,144.361,294.4,85,114
246,105481,"1",2022,4,8,54.765427,131.39,747.8,85,98
246,111938,"1",2023,4,28,49.579857,201.237,638.576,85,118
250,39249,"1",2010,4,13,44.897079,102.173,294.3,51,103
252,39306,"1",2010,4,24,44.897079,144.361,294.4,92,114
257,39400,"1",2010,4,24,44.897079,144.361,294.4,153,114
258,3282,"1",2015,4,13,63.561215,104.274,636.1,136,103
258,39413,"1",2013,4,28,62.3908210000001,110.61,896.900000000001,136,118
258,3452,"1",2015,4,15,63.561215,115.974,636.2,136,105
258,39425,"1",2010,4,22,44.897079,135.631,294.4,136,112
259,39446,"1",2010,4,23,44.897079,139.011,294.4,111,113
260,39464,"1",2010,4,27,44.897079,163.931,297.6,57,117
262,39502,"1",2010,4,18,44.897079,116.5,294.3,171,108
264,111953,"1",2023,4,28,49.579857,201.237,638.576,147,118
265,39587,"1",2010,4,25,44.897079,151.551,294.4,139,115
266,39655,"1",2010,4,26,44.897079,157.861,296.6,67,116
268,39698,"1",2010,4,23,44.897079,139.011,294.4,88,113
269,39720,"1",2010,4,22,44.897079,135.631,294.4,163,112
270,25760,"1",2018,4,18,62.9482860000001,140.333,801.000000000001,177,108
270,3453,"1",2015,4,15,63.561215,115.974,636.2,177,105
270,39772,"1",2010,4,24,44.897079,144.361,294.4,177,114
270,3778,"1",2015,4,18,63.561215,143.314,636.2,177,108
270,112418,"1",2024,4,5,47.235357,216.188,787.482,177,95
270,39737,"1",2013,4,28,62.3908210000001,110.61,896.900000000001,177,118
271,39790,"1",2010,4,25,44.897079,151.551,294.4,81,115
272,39814,"1",2010,4,25,44.897079,151.551,294.4,100,115
273,39835,"1",2010,4,25,44.897079,151.551,294.4,71,115
275,39876,"1",2010,4,19,44.897079,123.15,294.3,141,109
276,39892,"1",2010,4,23,44.897079,139.011,294.4,89,113
277,9809,"1",2016,4,17,45.466249,142.074,799.400000000001,115,107
277,9812,"1",2016,4,24,45.466249,168.299,805.500000000001,115,114
277,25761,"1",2018,4,18,62.9482860000001,140.333,801.000000000001,115,108
277,9813,"1",2016,4,29,45.466249,177.695,806.200000000001,115,119
277,26488,"1",2018,4,22,62.9482860000001,196.073,801.000000000001,115,112
277,108563,"1",2022,4,22,54.765427,199.26,748.2,115,112
277,15363,"1",2017,4,8,57.27478,196.92,616.7,115,98
277,9814,"1",2016,5,5,45.466249,211.585,808.800000000001,115,125
277,107598,"1",2022,4,19,54.765427,182.36,748.2,115,109
277,15364,"1",2017,4,11,57.27478,220.41,616.7,115,101
277,39916,"1",2010,4,26,44.897079,157.861,296.6,115,116
280,39998,"1",2010,4,24,44.897079,144.361,294.4,121,114
281,25763,"1",2018,4,18,62.9482860000001,140.333,801.000000000001,91,108
281,4467,"1",2015,4,22,63.561215,161.262,636.2,91,112
281,107599,"1",2022,4,19,54.765427,182.36,748.2,91,109
281,40035,"1",2010,4,25,44.897079,151.551,294.4,91,115
281,4816,"1",2015,4,24,63.561215,171.112,636.2,91,114
281,15407,"1",2017,4,8,57.27478,196.92,616.7,91,98
282,25764,"1",2018,4,18,62.9482860000001,140.333,801.000000000001,123,108
282,40056,"1",2010,4,24,44.897079,144.361,294.4,123,114
283,25765,"1",2018,4,18,62.9482860000001,140.333,801.000000000001,134,108
283,40078,"1",2010,4,24,44.897079,144.361,294.4,134,114
284,111956,"1",2023,4,28,49.579857,201.237,638.576,120,118
286,100801,"1",2021,5,6,51.053388,185.168,620.500000000001,161,126
286,25766,"1",2018,4,18,62.9482860000001,140.333,801.000000000001,161,108
286,111957,"1",2023,4,28,49.579857,201.237,638.576,161,118
286,40147,"1",2010,4,24,44.897079,144.361,294.4,161,114
290,40227,"1",2010,4,22,44.897079,135.631,294.4,100,112
292,40266,"1",2010,4,18,44.897079,116.5,294.3,165,108
294,40307,"1",2010,4,24,44.897079,144.361,294.4,152,114
294,105515,"1",2022,4,8,54.765427,131.39,747.8,152,98
295,40336,"1",2010,4,26,44.897079,157.861,296.6,84,116
296,40359,"1",2010,4,22,44.897079,135.631,294.4,93,112
298,40401,"1",2010,4,23,44.897079,139.011,294.4,100,113
299,40426,"1",2010,4,24,44.897079,144.361,294.4,122,114
300,4165,"1",2015,4,20,63.561215,149.022,636.2,49,110
300,23541,"1",2017,4,8,57.27478,196.92,616.7,49,98
300,105485,"1",2022,4,8,54.765427,131.39,747.8,49,98
300,4802,"1",2015,4,24,63.561215,171.112,636.2,49,114
300,23542,"1",2017,4,11,57.27478,220.41,616.7,49,101
300,107560,"1",2022,4,19,54.765427,182.36,748.2,49,109
300,4108,"1",2015,4,19,63.561215,147.224,636.2,49,109
300,3766,"1",2015,4,18,63.561215,143.314,636.2,49,108
300,9840,"1",2016,4,20,45.466249,154.56,799.700000000001,49,110
300,40477,"1",2010,4,26,44.897079,157.861,296.6,49,116
300,102950,"1",2021,4,28,51.053388,158.85,601.200000000001,49,118
300,111944,"1",2023,4,28,49.579857,201.237,638.576,49,118
300,40450,"1",2013,5,2,62.3908210000001,124.37,898.700000000001,49,122
300,9839,"1",2016,4,17,45.466249,142.074,799.400000000001,49,107
301,40498,"1",2010,4,18,44.897079,116.5,294.3,153,108
302,23563,"1",2017,4,8,57.27478,196.92,616.7,53,98
302,9854,"1",2016,5,3,45.466249,197.285,808.200000000001,53,123
302,113072,"1",2024,4,15,47.235357,282.959,794.75,53,105
302,105486,"1",2022,4,8,54.765427,131.39,747.8,53,98
302,9852,"1",2016,4,24,45.466249,168.299,805.500000000001,53,114
302,9849,"1",2016,4,17,45.466249,142.074,799.400000000001,53,107
302,25885,"1",2018,4,18,62.9482860000001,140.333,801.000000000001,53,108
302,107561,"1",2022,4,19,54.765427,182.36,748.2,53,109
302,40544,"1",2010,4,24,44.897079,144.361,294.4,53,114
302,9850,"1",2016,4,20,45.466249,154.56,799.700000000001,53,110
303,40561,"1",2010,4,18,44.897079,116.5,294.3,223,108
303,111945,"1",2023,4,28,49.579857,201.237,638.576,223,118
304,40609,"1",2010,4,17,44.897079,113.594,294.3,165,107
305,9870,"1",2016,4,20,45.466249,154.56,799.700000000001,118,110
305,15451,"1",2017,4,8,57.27478,196.92,616.7,118,98
305,25768,"1",2018,4,18,62.9482860000001,140.333,801.000000000001,118,108
305,9871,"1",2016,4,24,45.466249,168.299,805.500000000001,118,114
305,40657,"1",2010,4,26,44.897079,157.861,296.6,118,116
305,15454,"1",2017,4,21,57.27478,265.542,618.4,118,111
305,15453,"1",2017,4,18,57.27478,254.324,618.4,118,108
305,40624,"1",2013,4,28,62.3908210000001,110.61,896.900000000001,118,118
305,9869,"1",2016,4,17,45.466249,142.074,799.400000000001,118,107
305,4805,"1",2015,4,24,63.561215,171.112,636.2,118,114
305,100812,"1",2021,5,6,51.053388,185.168,620.500000000001,118,126
306,40675,"1",2010,4,16,44.897079,110.692,294.3,140,106
308,40724,"1",2010,4,17,44.897079,113.594,294.3,87,107
309,105488,"1",2022,4,8,54.765427,131.39,747.8,133,98
309,40747,"1",2010,4,19,44.897079,123.15,294.3,133,109
310,40769,"1",2010,4,24,44.897079,144.361,294.4,98,114
311,40820,"1",2010,4,24,44.897079,144.361,294.4,110,114
312,40840,"1",2010,4,23,44.897079,139.011,294.4,97,113
313,40861,"1",2010,4,27,44.897079,163.931,297.6,38,117
314,40874,"1",2010,4,16,44.897079,110.692,294.3,152,106
315,40903,"1",2010,4,17,44.897079,113.594,294.3,124,107
316,40923,"1",2010,4,16,44.897079,110.692,294.3,120,106
318,40993,"1",2010,4,18,44.897079,116.5,294.3,153,108
320,41027,"1",2011,4,4,57.929074,113.214,528.800000000001,190,94
321,41056,"1",2011,4,3,57.929074,108.384,528.800000000001,256,93
322,100827,"1",2021,5,3,51.053388,172.128,609.600000000001,176.333333333333,123
322,41097,"1",2011,4,7,57.929074,133.104,530.000000000001,176.333333333333,97
322,106224,"1",2022,4,11,54.765427,131.39,748.1,176.333333333333,101
322,9892,"1",2016,4,18,45.466249,143.7,799.700000000001,176.333333333333,108
322,41089,"1",2010,4,21,44.897079,133.58,294.4,176.333333333333,111
322,15505,"1",2017,4,6,57.27478,186.96,616.7,176.333333333333,96
322,9891,"1",2016,4,16,45.466249,142.074,788.900000000001,176.333333333333,106
323,111312,"1",2023,4,18,49.579857,164.477,614.326,214.666666666667,108
323,41130,"1",2011,4,7,57.929074,133.104,530.000000000001,214.666666666667,97
323,105110,"1",2022,4,7,54.765427,127.68,730.7,214.666666666667,97
323,100834,"1",2021,5,3,51.053388,172.128,609.600000000001,214.666666666667,123
324,15548,"1",2017,4,12,57.27478,224.79,616.7,59.5,102
324,15547,"1",2017,4,11,57.27478,220.41,616.7,59.5,101
324,105202,"1",2022,4,7,54.765427,127.68,730.7,59.5,97
324,100839,"1",2021,5,3,51.053388,172.128,609.600000000001,59.5,123
324,5503,"1",2015,4,28,63.561215,189.337,642.3,59.5,118
324,15549,"1",2017,4,14,57.27478,235.59,616.7,59.5,104
324,107972,"1",2022,4,20,54.765427,187.41,748.2,59.5,110
324,9908,"1",2016,4,16,45.466249,142.074,788.900000000001,59.5,106
324,41167,"1",2011,4,8,57.929074,142.074,530.000000000001,59.5,98
324,41160,"1",2010,4,23,44.897079,139.011,294.4,59.5,113
324,15546,"1",2017,4,8,57.27478,196.92,616.7,59.5,98
324,9909,"1",2016,4,18,45.466249,143.7,799.700000000001,59.5,108
325,106128,"1",2022,4,11,54.765427,131.39,748.1,253,101
325,105111,"1",2022,4,7,54.765427,127.68,730.7,253,97
325,3289,"1",2015,4,13,63.561215,104.274,636.1,253,103
325,25289,"1",2018,4,16,62.9482860000001,124.453,799.000000000001,253,106
325,100846,"1",2021,4,27,51.053388,156.102,601.200000000001,253,117
325,3001,"1",2015,4,10,63.561215,88.394,633.4,253,100
325,41218,"1",2011,4,7,57.929074,133.104,530.000000000001,253,97
325,41209,"1",2010,4,18,44.897079,116.5,294.3,253,108
326,3788,"1",2015,4,18,63.561215,143.314,636.2,204.5,108
326,9929,"1",2016,4,18,45.466249,143.7,799.700000000001,204.5,108
326,4135,"1",2015,4,20,63.561215,149.022,636.2,204.5,110
326,111960,"1",2023,4,28,49.579857,201.237,638.576,204.5,118
326,105179,"1",2022,4,7,54.765427,127.68,730.7,204.5,97
326,15593,"1",2017,4,9,57.27478,204.08,616.7,204.5,99
326,41263,"1",2010,4,21,44.897079,133.58,294.4,204.5,111
326,41272,"1",2011,4,7,57.929074,133.104,530.000000000001,204.5,97
326,9928,"1",2016,4,16,45.466249,142.074,788.900000000001,204.5,106
326,15592,"1",2017,4,6,57.27478,186.96,616.7,204.5,96
327,41297,"1",2011,4,2,57.929074,99.514,528.800000000001,368,92
328,41324,"1",2011,4,3,57.929074,108.384,528.800000000001,241.333333333333,93
329,41352,"1",2011,4,4,57.929074,113.214,528.800000000001,162,94
329,105114,"1",2022,4,7,54.765427,127.68,730.7,162,97
331,41386,"1",2011,4,7,57.929074,133.104,530.000000000001,66,97
331,41370,"1",2013,4,23,62.3908210000001,80.609,892.100000000001,66,113
334,41458,"1",2011,4,4,57.929074,113.214,528.800000000001,106.5,94
334,25292,"1",2018,4,16,62.9482860000001,124.453,799.000000000001,106.5,106
334,100866,"1",2021,4,16,51.053388,123.036,601.200000000001,106.5,106
335,41479,"1",2011,4,2,57.929074,99.514,528.800000000001,80,92
336,41503,"1",2011,4,8,57.929074,142.074,530.000000000001,66.3333333333333,98
336,41490,"1",2013,4,23,62.3908210000001,80.609,892.100000000001,66.3333333333333,113
337,41525,"1",2011,4,10,57.929074,159.074,530.000000000001,49,100
337,105203,"1",2022,4,7,54.765427,127.68,730.7,49,97
338,41556,"1",2013,4,29,62.3908210000001,113.9,898.600000000001,42,119
338,41568,"1",2011,4,10,57.929074,159.074,530.000000000001,42,100
341,41644,"1",2011,3,29,57.929074,81.534,521.600000000001,190,89
341,100872,"1",2021,4,12,51.053388,121.536,597.600000000001,190,102
342,41664,"1",2011,4,7,57.929074,133.104,530.000000000001,107,97
343,41683,"1",2011,4,15,57.929074,183.019,530.100000000001,55,105
344,41690,"1",2013,4,22,62.3908210000001,75.439,892.100000000001,214.5,112
344,41706,"1",2011,4,5,57.929074,117.124,528.800000000001,214.5,95
345,41756,"1",2011,4,6,57.929074,121.584,530.000000000001,200,96
345,41745,"1",2010,4,17,44.897079,113.594,294.3,200,107
346,112440,"1",2024,4,5,47.235357,216.188,787.482,182,95
346,100876,"1",2021,4,28,51.053388,158.85,601.200000000001,182,118
346,106322,"1",2022,4,12,54.765427,136.31,748.1,182,102
346,41792,"1",2011,4,10,57.929074,159.074,530.000000000001,182,100
346,41773,"1",2013,4,22,62.3908210000001,75.439,892.100000000001,182,112
346,25521,"1",2018,4,17,62.9482860000001,130.863,801.000000000001,182,107
347,95285,"1",2011,4,5,57.929074,117.124,528.800000000001,137,95
348,41835,"1",2011,4,7,57.929074,133.104,530.000000000001,131,97
349,41870,"1",2010,4,17,44.897079,113.594,294.3,145,107
349,41876,"1",2011,4,9,57.929074,149.924,530.000000000001,145,99
350,3088,"1",2015,4,11,63.561215,96.054,633.4,123.5,101
350,4626,"1",2015,4,23,63.561215,168.022,636.2,123.5,113
350,3591,"1",2015,4,17,63.561215,137.434,636.2,123.5,107
350,25930,"1",2018,4,20,62.9482860000001,169.563,801.000000000001,123.5,110
350,41927,"1",2011,4,3,57.929074,108.384,528.800000000001,123.5,93
350,41918,"1",2010,4,23,44.897079,139.011,294.4,123.5,113
350,41891,"1",2013,4,28,62.3908210000001,110.61,896.900000000001,123.5,118
350,3937,"1",2015,4,19,63.561215,147.224,636.2,123.5,109
352,42005,"1",2011,4,9,57.929074,149.924,530.000000000001,232,99
352,3217,"1",2015,4,14,63.561215,107.984,636.2,232,104
352,3089,"1",2015,4,11,63.561215,96.054,633.4,232,101
352,3592,"1",2015,4,17,63.561215,137.434,636.2,232,107
352,3938,"1",2015,4,19,63.561215,147.224,636.2,232,109
352,41970,"1",2013,4,22,62.3908210000001,75.439,892.100000000001,232,112
352,2912,"1",2015,4,9,63.561215,86.521,633.4,232,99
352,100882,"1",2021,4,28,51.053388,158.85,601.200000000001,232,118
352,106323,"1",2022,4,12,54.765427,136.31,748.1,232,102
353,100887,"1",2021,4,28,51.053388,158.85,601.200000000001,74,118
353,105440,"1",2022,4,8,54.765427,131.39,747.8,74,98
353,3593,"1",2015,4,17,63.561215,137.434,636.2,74,107
353,42041,"1",2011,4,4,57.929074,113.214,528.800000000001,74,94
353,15757,"1",2017,4,9,57.27478,204.08,616.7,74,99
353,100888,"1",2021,4,12,51.053388,121.536,597.600000000001,74,102
354,42063,"1",2011,3,31,57.929074,86.194,523.500000000001,75,91
355,10013,"1",2016,4,17,45.466249,142.074,799.400000000001,107.5,107
355,42099,"1",2010,4,21,44.897079,133.58,294.4,107.5,111
355,42105,"1",2011,4,9,57.929074,149.924,530.000000000001,107.5,99
355,23431,"1",2017,4,9,57.27478,204.08,616.7,107.5,99
355,3940,"1",2015,4,19,63.561215,147.224,636.2,107.5,109
355,3594,"1",2015,4,17,63.561215,137.434,636.2,107.5,107
355,102934,"1",2021,5,6,51.053388,185.168,620.500000000001,107.5,126
356,42123,"1",2013,5,0,62.3908210000001,0,0,121,120
356,42148,"1",2010,4,21,44.897079,133.58,294.4,121,111
356,10026,"1",2016,4,24,45.466249,168.299,805.500000000001,121,114
356,15783,"1",2017,4,24,57.27478,282.732,618.6,121,114
356,15781,"1",2017,4,18,57.27478,254.324,618.4,121,108
356,4630,"1",2015,4,23,63.561215,168.022,636.2,121,113
356,105441,"1",2022,4,8,54.765427,131.39,747.8,121,98
356,15782,"1",2017,4,21,57.27478,265.542,618.4,121,111
356,15778,"1",2017,4,9,57.27478,204.08,616.7,121,99
356,107495,"1",2022,4,19,54.765427,182.36,748.2,121,109
356,15784,"1",2017,4,26,57.27478,290.212,618.6,121,116
356,15779,"1",2017,4,11,57.27478,220.41,616.7,121,101
356,25523,"1",2018,4,17,62.9482860000001,130.863,801.000000000001,121,107
356,15780,"1",2017,4,15,57.27478,240.22,616.7,121,105
356,10027,"1",2016,4,27,45.466249,173.713,806.100000000001,121,117
356,4283,"1",2015,4,21,63.561215,154.702,636.2,121,111
356,15785,"1",2017,4,28,57.27478,294.411,619.7,121,118
356,10024,"1",2016,4,19,45.466249,148.36,799.700000000001,121,109
356,15786,"1",2017,4,30,57.27478,300.944,619.8,121,120
356,10023,"1",2016,4,17,45.466249,142.074,799.400000000001,121,107
356,2914,"1",2015,4,9,63.561215,86.521,633.4,121,99
356,42154,"1",2011,4,9,57.929074,149.924,530.000000000001,121,99
357,105430,"1",2022,4,8,54.765427,131.39,747.8,93,98
357,100899,"1",2021,5,6,51.053388,185.168,620.500000000001,93,126
357,106313,"1",2022,4,12,54.765427,136.31,748.1,93,102
358,15800,"1",2017,4,9,57.27478,204.08,616.7,33,99
358,42185,"1",2013,5,0,62.3908210000001,0,0,33,120
358,15801,"1",2017,4,11,57.27478,220.41,616.7,33,101
358,42216,"1",2011,4,11,57.929074,164.554,530.000000000001,33,101
358,112541,"1",2024,4,9,47.235357,247.208,791.99,33,99
358,100905,"1",2021,5,6,51.053388,185.168,620.500000000001,33,126
358,42209,"1",2010,4,21,44.897079,133.58,294.4,33,111
358,25524,"1",2018,4,17,62.9482860000001,130.863,801.000000000001,33,107
358,15803,"1",2017,4,17,57.27478,251.49,617,33,107
358,105431,"1",2022,4,8,54.765427,131.39,747.8,33,98
358,4963,"1",2015,4,25,63.561215,176.592,636.2,33,115
358,5304,"1",2015,4,27,63.561215,186.037,642.3,33,117
359,42261,"1",2011,3,29,57.929074,81.534,521.600000000001,100.5,89
359,42243,"1",2013,4,22,62.3908210000001,75.439,892.100000000001,100.5,112
359,106309,"1",2022,4,12,54.765427,136.31,748.1,100.5,102
360,42290,"1",2011,4,2,57.929074,99.514,528.800000000001,137,92
360,106315,"1",2022,4,12,54.765427,136.31,748.1,137,102
360,105432,"1",2022,4,8,54.765427,131.39,747.8,137,98
361,106310,"1",2022,4,12,54.765427,136.31,748.1,79,102
361,42314,"1",2011,4,5,57.929074,117.124,528.800000000001,79,95
362,112535,"1",2024,4,8,47.235357,241.998,791.99,61,98
362,42322,"1",2013,5,0,62.3908210000001,0,0,61,120
363,100911,"1",2021,5,6,51.053388,185.168,620.500000000001,48,126
363,10043,"1",2016,4,13,45.466249,124.774,786.000000000001,48,103
363,111752,"1",2023,4,26,49.579857,193.302,638.576,48,116
363,3085,"1",2015,4,11,63.561215,96.054,633.4,48,101
363,15822,"1",2017,4,11,57.27478,220.41,616.7,48,101
363,42371,"1",2010,4,21,44.897079,133.58,294.4,48,111
363,42347,"1",2013,5,0,62.3908210000001,0,0,48,120
363,2909,"1",2015,4,9,63.561215,86.521,633.4,48,99
363,4274,"1",2015,4,21,63.561215,154.702,636.2,48,111
364,2910,"1",2015,4,9,63.561215,86.521,633.4,52,99
364,10053,"1",2016,4,13,45.466249,124.774,786.000000000001,52,103
364,3086,"1",2015,4,11,63.561215,96.054,633.4,52,101
364,106317,"1",2022,4,12,54.765427,136.31,748.1,52,102
364,15843,"1",2017,4,7,57.27478,191.59,616.7,52,97
364,111753,"1",2023,4,26,49.579857,193.302,638.576,52,116
364,3587,"1",2015,4,17,63.561215,137.434,636.2,52,107
364,42395,"1",2013,5,0,62.3908210000001,0,0,52,120
364,42414,"1",2010,4,21,44.897079,133.58,294.4,52,111
365,112539,"1",2024,4,9,47.235357,247.208,791.99,66.5,99
366,42458,"1",2013,4,28,62.3908210000001,110.61,896.900000000001,158,118
366,105428,"1",2022,4,8,54.765427,131.39,747.8,158,98
366,106311,"1",2022,4,12,54.765427,136.31,748.1,158,102
366,25527,"1",2018,4,17,62.9482860000001,130.863,801.000000000001,158,107
367,42504,"1",2011,3,31,57.929074,86.194,523.500000000001,99.5,91
368,42528,"1",2011,4,5,57.929074,117.124,528.800000000001,107.5,95
369,112544,"1",2024,4,9,47.235357,247.208,791.99,107.5,99
369,42552,"1",2011,3,29,57.929074,81.534,521.600000000001,107.5,89
369,25528,"1",2018,4,17,62.9482860000001,130.863,801.000000000001,107.5,107
370,10064,"1",2016,4,18,45.466249,143.7,799.700000000001,63.5,108
370,42595,"1",2011,4,8,57.929074,142.074,530.000000000001,63.5,98
370,10063,"1",2016,4,13,45.466249,124.774,786.000000000001,63.5,103
370,25529,"1",2018,4,17,62.9482860000001,130.863,801.000000000001,63.5,107
370,105433,"1",2022,4,8,54.765427,131.39,747.8,63.5,98
370,42587,"1",2010,4,12,44.897079,99.952,294.3,63.5,102
370,100921,"1",2021,4,28,51.053388,158.85,601.200000000001,63.5,118
370,15865,"1",2017,4,7,57.27478,191.59,616.7,63.5,97
370,111754,"1",2023,4,26,49.579857,193.302,638.576,63.5,116
371,42624,"1",2011,4,7,57.929074,133.104,530.000000000001,36,97
372,42651,"1",2011,4,5,57.929074,117.124,528.800000000001,116,95
372,42634,"1",2013,4,22,62.3908210000001,75.439,892.100000000001,116,112
373,42662,"1",2013,5,0,62.3908210000001,0,0,30.5,120
373,42675,"1",2011,4,11,57.929074,164.554,530.000000000001,30.5,101
374,42709,"1",2011,4,9,57.929074,149.924,530.000000000001,31.5,99
375,42718,"1",2013,5,0,62.3908210000001,0,0,26.5,120
375,42732,"1",2011,4,9,57.929074,149.924,530.000000000001,26.5,99
376,105420,"1",2022,4,8,54.765427,131.39,747.8,131,98
376,25530,"1",2018,4,17,62.9482860000001,130.863,801.000000000001,131,107
376,42754,"1",2011,4,3,57.929074,108.384,528.800000000001,131,93
376,42741,"1",2013,4,28,62.3908210000001,110.61,896.900000000001,131,118
376,10073,"1",2016,4,26,45.466249,172.697,805.700000000001,131,116
379,42774,"1",2013,4,22,62.3908210000001,75.439,892.100000000001,172,112
379,42790,"1",2011,4,3,57.929074,108.384,528.800000000001,172,93
380,42799,"1",2013,4,28,62.3908210000001,110.61,896.900000000001,108,118
380,106291,"1",2022,4,12,54.765427,136.31,748.1,108,102
380,42817,"1",2011,3,31,57.929074,86.194,523.500000000001,108,91
380,105418,"1",2022,4,8,54.765427,131.39,747.8,108,98
381,111749,"1",2023,4,26,49.579857,193.302,638.576,118.5,116
381,42842,"1",2011,4,5,57.929074,117.124,528.800000000001,118.5,95
383,25532,"1",2018,4,17,62.9482860000001,130.863,801.000000000001,95,107
383,42858,"1",2013,5,0,62.3908210000001,0,0,95,120
383,42875,"1",2011,4,7,57.929074,133.104,530.000000000001,95,97
385,42893,"1",2013,4,28,62.3908210000001,110.61,896.900000000001,87,118
385,42909,"1",2011,3,31,57.929074,86.194,523.500000000001,87,91
386,42935,"1",2011,4,7,57.929074,133.104,530.000000000001,82,97
386,42919,"1",2013,4,28,62.3908210000001,110.61,896.900000000001,82,118
387,25533,"1",2018,4,17,62.9482860000001,130.863,801.000000000001,73,107
387,42943,"1",2013,4,28,62.3908210000001,110.61,896.900000000001,73,118
387,106292,"1",2022,4,12,54.765427,136.31,748.1,73,102
387,42958,"1",2011,4,3,57.929074,108.384,528.800000000001,73,93
388,42974,"1",2011,4,10,57.929074,159.074,530.000000000001,51,100
389,100931,"1",2021,4,8,51.053388,114.893,597.400000000001,118.5,98
389,105421,"1",2022,4,8,54.765427,131.39,747.8,118.5,98
389,42996,"1",2011,4,5,57.929074,117.124,528.800000000001,118.5,95
389,110923,"1",2023,4,14,49.579857,146.479,605.326,118.5,104
389,25534,"1",2018,4,17,62.9482860000001,130.863,801.000000000001,118.5,107
389,100930,"1",2021,4,22,51.053388,140.808,601.200000000001,118.5,112
391,43037,"1",2011,4,9,57.929074,149.924,530.000000000001,50,99
392,43059,"1",2011,4,7,57.929074,133.104,530.000000000001,80,97
393,43067,"1",2013,4,28,62.3908210000001,110.61,896.900000000001,63,118
393,43082,"1",2011,4,9,57.929074,149.924,530.000000000001,63,99
394,43089,"1",2013,4,28,62.3908210000001,110.61,896.900000000001,133,118
394,110924,"1",2023,4,14,49.579857,146.479,605.326,133,104
394,43105,"1",2011,4,7,57.929074,133.104,530.000000000001,133,97
395,43114,"1",2013,5,0,62.3908210000001,0,0,68,120
395,43130,"1",2011,4,5,57.929074,117.124,528.800000000001,68,95
396,43139,"1",2013,4,28,62.3908210000001,110.61,896.900000000001,76.5,118
397,43161,"1",2013,4,22,62.3908210000001,75.439,892.100000000001,83.5,112
398,43204,"1",2011,4,8,57.929074,142.074,530.000000000001,79,98
398,43188,"1",2013,5,2,62.3908210000001,124.37,898.700000000001,79,122
399,43233,"1",2011,4,7,57.929074,133.104,530.000000000001,76,97
400,43254,"1",2011,4,7,57.929074,133.104,530.000000000001,105,97
400,104088,"1",2022,4,5,54.765427,115.81,729.9,105,95
401,105419,"1",2022,4,8,54.765427,131.39,747.8,85,98
401,43261,"1",2013,4,28,62.3908210000001,110.61,896.900000000001,85,118
401,25536,"1",2018,4,17,62.9482860000001,130.863,801.000000000001,85,107
401,43279,"1",2011,4,6,57.929074,121.584,530.000000000001,85,96
401,104084,"1",2022,4,5,54.765427,115.81,729.9,85,95
402,43299,"1",2011,4,11,57.929074,164.554,530.000000000001,65,101
403,43304,"1",2013,4,22,62.3908210000001,75.439,892.100000000001,150,112
403,43323,"1",2011,4,7,57.929074,133.104,530.000000000001,150,97
404,104085,"1",2022,4,5,54.765427,115.81,729.9,91,95
404,43333,"1",2013,4,28,62.3908210000001,110.61,896.900000000001,91,118
404,43350,"1",2011,4,7,57.929074,133.104,530.000000000001,91,97
405,43375,"1",2011,4,5,57.929074,117.124,528.800000000001,124,95
406,43401,"1",2011,4,7,57.929074,133.104,530.000000000001,130,97
407,43409,"1",2013,5,0,62.3908210000001,0,0,46,120
409,43466,"1",2011,4,10,57.929074,159.074,530.000000000001,132,100
409,43448,"1",2013,4,22,62.3908210000001,75.439,892.100000000001,132,112
410,112849,"1",2024,4,11,47.235357,253.959,793.37,176.5,101
410,105416,"1",2022,4,8,54.765427,131.39,747.8,176.5,98
410,104077,"1",2022,4,5,54.765427,115.81,729.9,176.5,95
410,43493,"1",2011,4,5,57.929074,117.124,528.800000000001,176.5,95
410,25538,"1",2018,4,17,62.9482860000001,130.863,801.000000000001,176.5,107
415,43551,"1",2011,4,9,57.929074,149.924,530.000000000001,108.5,99
415,43537,"1",2013,5,2,62.3908210000001,124.37,898.700000000001,108.5,122
416,43576,"1",2011,4,5,57.929074,117.124,528.800000000001,77,95
416,43560,"1",2013,4,28,62.3908210000001,110.61,896.900000000001,77,118
417,104074,"1",2022,4,5,54.765427,115.81,729.9,54,95
417,43600,"1",2011,4,9,57.929074,149.924,530.000000000001,54,99
417,108412,"1",2022,4,22,54.765427,199.26,748.2,54,112
418,43608,"1",2013,4,22,62.3908210000001,75.439,892.100000000001,268.5,112
418,43627,"1",2011,4,3,57.929074,108.384,528.800000000001,268.5,93
418,112838,"1",2024,4,11,47.235357,253.959,793.37,268.5,101
418,104075,"1",2022,4,5,54.765427,115.81,729.9,268.5,95
419,43652,"1",2011,4,7,57.929074,133.104,530.000000000001,143,97
419,43636,"1",2013,4,22,62.3908210000001,75.439,892.100000000001,143,112
420,104078,"1",2022,4,5,54.765427,115.81,729.9,98.3333333333333,95
420,24987,"1",2018,4,11,62.9482860000001,102.943,791.000000000001,98.3333333333333,101
420,100944,"1",2021,4,28,51.053388,158.85,601.200000000001,98.3333333333333,118
420,43679,"1",2011,4,5,57.929074,117.124,528.800000000001,98.3333333333333,95
422,43711,"1",2011,4,9,57.929074,149.924,530.000000000001,57.5,99
423,43739,"1",2011,4,6,57.929074,121.584,530.000000000001,138,96
423,43720,"1",2013,4,28,62.3908210000001,110.61,896.900000000001,138,118
424,43764,"1",2011,4,3,57.929074,108.384,528.800000000001,246,93
424,104079,"1",2022,4,5,54.765427,115.81,729.9,246,95
425,43778,"1",2011,4,3,57.929074,108.384,528.800000000001,52.5,93
426,43803,"1",2011,4,3,57.929074,108.384,528.800000000001,139.333333333333,93
427,43829,"1",2011,4,7,57.929074,133.104,530.000000000001,240,97
427,110813,"1",2023,4,14,49.579857,146.479,605.326,240,104
427,101513,"1",2021,4,28,51.053388,158.85,601.200000000001,240,118
428,43852,"1",2011,4,7,57.929074,133.104,530.000000000001,69.5,97
429,43882,"1",2011,4,5,57.929074,117.124,528.800000000001,130,95
430,43911,"1",2011,4,3,57.929074,108.384,528.800000000001,161,93
431,104064,"1",2022,4,5,54.765427,115.81,729.9,147.666666666667,95
433,106289,"1",2022,4,12,54.765427,136.31,748.1,201.5,102
433,24990,"1",2018,4,11,62.9482860000001,102.943,791.000000000001,201.5,101
433,43971,"1",2013,4,22,62.3908210000001,75.439,892.100000000001,201.5,112
433,104076,"1",2022,4,5,54.765427,115.81,729.9,201.5,95
433,43989,"1",2011,4,5,57.929074,117.124,528.800000000001,201.5,95
434,110811,"1",2023,4,14,49.579857,146.479,605.326,145.5,104
434,43999,"1",2013,4,22,62.3908210000001,75.439,892.100000000001,145.5,112
434,44019,"1",2011,4,7,57.929074,133.104,530.000000000001,145.5,97
435,100947,"1",2021,4,17,51.053388,123.036,601.200000000001,92,107
435,112843,"1",2024,4,11,47.235357,253.959,793.37,92,101
435,104068,"1",2022,4,5,54.765427,115.81,729.9,92,95
435,44047,"1",2011,3,31,57.929074,86.194,523.500000000001,92,91
436,4265,"1",2015,4,21,63.561215,154.702,636.2,204.5,111
436,44088,"1",2010,4,21,44.897079,133.58,294.4,204.5,111
436,15968,"1",2017,4,9,57.27478,204.08,616.7,204.5,99
436,44057,"1",2013,4,22,62.3908210000001,75.439,892.100000000001,204.5,112
436,10105,"1",2016,4,27,45.466249,173.713,806.100000000001,204.5,117
436,10101,"1",2016,4,13,45.466249,124.774,786.000000000001,204.5,103
436,104069,"1",2022,4,5,54.765427,115.81,729.9,204.5,95
436,105412,"1",2022,4,8,54.765427,131.39,747.8,204.5,98
436,111745,"1",2023,4,26,49.579857,193.302,638.576,204.5,116
436,44096,"1",2011,4,3,57.929074,108.384,528.800000000001,204.5,93
436,25546,"1",2018,4,17,62.9482860000001,130.863,801.000000000001,204.5,107
436,3922,"1",2015,4,19,63.561215,147.224,636.2,204.5,109
436,10104,"1",2016,4,24,45.466249,168.299,805.500000000001,204.5,114
436,15967,"1",2017,4,7,57.27478,191.59,616.7,204.5,97
437,44134,"1",2011,4,5,57.929074,117.124,528.800000000001,101.5,95
438,44144,"1",2013,4,28,62.3908210000001,110.61,896.900000000001,89,118
439,110812,"1",2023,4,14,49.579857,146.479,605.326,169,104
439,44191,"1",2011,4,5,57.929074,117.124,528.800000000001,169,95
440,24992,"1",2018,4,11,62.9482860000001,102.943,791.000000000001,134.333333333333,101
440,44220,"1",2011,4,5,57.929074,117.124,528.800000000001,134.333333333333,95
440,110809,"1",2023,4,14,49.579857,146.479,605.326,134.333333333333,104
440,25547,"1",2018,4,17,62.9482860000001,130.863,801.000000000001,134.333333333333,107
440,44200,"1",2013,4,28,62.3908210000001,110.61,896.900000000001,134.333333333333,118
440,104070,"1",2022,4,5,54.765427,115.81,729.9,134.333333333333,95
441,25548,"1",2018,4,17,62.9482860000001,130.863,801.000000000001,111,107
441,44244,"1",2011,4,3,57.929074,108.384,528.800000000001,111,93
442,44267,"1",2010,4,26,44.897079,157.861,296.6,NA,116
443,44295,"1",2011,4,7,57.929074,133.104,530.000000000001,195.666666666667,97
444,44304,"1",2013,4,28,62.3908210000001,110.61,896.900000000001,105.5,118
444,3923,"1",2015,4,19,63.561215,147.224,636.2,105.5,109
444,3112,"1",2015,4,11,63.561215,96.054,633.4,105.5,101
444,100967,"1",2021,4,28,51.053388,158.85,601.200000000001,105.5,118
444,44333,"1",2010,4,21,44.897079,133.58,294.4,105.5,111
444,3204,"1",2015,4,14,63.561215,107.984,636.2,105.5,104
444,2900,"1",2015,4,9,63.561215,86.521,633.4,105.5,99
444,111746,"1",2023,4,26,49.579857,193.302,638.576,105.5,116
444,10111,"1",2016,4,13,45.466249,124.774,786.000000000001,105.5,103
445,2901,"1",2015,4,9,63.561215,86.521,633.4,201,99
445,100973,"1",2021,4,28,51.053388,158.85,601.200000000001,201,118
445,3079,"1",2015,4,11,63.561215,96.054,633.4,201,101
445,44386,"1",2010,4,8,44.897079,78.383,294.1,201,98
445,110810,"1",2023,4,14,49.579857,146.479,605.326,201,104
445,44393,"1",2011,4,7,57.929074,133.104,530.000000000001,201,97
446,44413,"1",2013,4,22,62.3908210000001,75.439,892.100000000001,102.5,112
446,44429,"1",2011,4,9,57.929074,149.924,530.000000000001,102.5,99
447,104073,"1",2022,4,5,54.765427,115.81,729.9,127,95
447,44457,"1",2011,3,31,57.929074,86.194,523.500000000001,127,91
452,44478,"1",2011,4,7,57.929074,133.104,530.000000000001,44,97
453,44503,"1",2011,3,28,57.929074,78.234,521.600000000001,325.5,88
454,44531,"1",2011,4,5,57.929074,117.124,528.800000000001,119,95
458,44575,"1",2013,4,25,62.3908210000001,97.719,892.100000000001,243,115
458,44589,"1",2011,3,30,57.929074,81.534,522.800000000001,243,90
460,44622,"1",2011,3,30,57.929074,81.534,522.800000000001,85,90
460,44614,"1",2010,4,17,44.897079,113.594,294.3,85,107
461,44667,"1",2013,4,25,62.3908210000001,97.719,892.100000000001,101,115
461,44656,"1",2011,4,4,57.929074,113.214,528.800000000001,101,94
462,44686,"1",2011,4,7,57.929074,133.104,530.000000000001,92,97
464,44712,"1",2011,4,4,57.929074,113.214,528.800000000001,104,94
465,44751,"1",2010,4,17,44.897079,113.594,294.3,52,107
465,10150,"1",2016,4,13,45.466249,124.774,786.000000000001,52,103
465,44760,"1",2011,4,6,57.929074,121.584,530.000000000001,52,96
465,3307,"1",2015,4,13,63.561215,104.274,636.1,52,103
467,44810,"1",2011,4,4,57.929074,113.214,528.800000000001,114,94
468,10164,"1",2016,5,6,45.466249,221.985,808.800000000001,82,126
468,10163,"1",2016,4,31,45.466249,0,0,82,121
468,16122,"1",2017,4,26,57.27478,290.212,618.6,82,116
468,10160,"1",2016,4,18,45.466249,143.7,799.700000000001,82,108
468,10162,"1",2016,4,27,45.466249,173.713,806.100000000001,82,117
468,10161,"1",2016,4,24,45.466249,168.299,805.500000000001,82,114
468,44862,"1",2013,4,23,62.3908210000001,80.609,892.100000000001,82,113
469,3308,"1",2015,4,13,63.561215,104.274,636.1,39,103
469,44882,"1",2010,4,22,44.897079,135.631,294.4,39,112
470,44896,"1",2013,4,24,62.3908210000001,88.389,892.100000000001,111.5,114
472,44946,"1",2011,4,4,57.929074,113.214,528.800000000001,93,94
472,44954,"1",2013,4,25,62.3908210000001,97.719,892.100000000001,93,115
473,44981,"1",2010,4,14,44.897079,106.443,294.3,158,104
473,10180,"1",2016,4,13,45.466249,124.774,786.000000000001,158,103
473,16161,"1",2017,4,16,57.27478,245.76,617,158,106
473,16160,"1",2017,4,14,57.27478,235.59,616.7,158,104
473,5526,"1",2015,4,28,63.561215,189.337,642.3,158,118
473,10183,"1",2016,4,27,45.466249,173.713,806.100000000001,158,117
473,16159,"1",2017,4,12,57.27478,224.79,616.7,158,102
473,16158,"1",2017,4,11,57.27478,220.41,616.7,158,101
473,10184,"1",2016,4,31,45.466249,0,0,158,121
475,45019,"1",2011,4,7,57.929074,133.104,530.000000000001,113,97
475,45028,"1",2013,4,27,62.3908210000001,109.81,896.800000000001,113,117
476,25298,"1",2018,4,16,62.9482860000001,124.453,799.000000000001,85.5,106
476,45053,"1",2010,4,14,44.897079,106.443,294.3,85.5,104
476,45060,"1",2011,4,6,57.929074,121.584,530.000000000001,85.5,96
477,25299,"1",2018,4,16,62.9482860000001,124.453,799.000000000001,37,106
477,45092,"1",2010,4,18,44.897079,116.5,294.3,37,108
477,16204,"1",2017,4,11,57.27478,220.41,616.7,37,101
477,16203,"1",2017,4,8,57.27478,196.92,616.7,37,98
479,45166,"1",2011,4,10,57.929074,159.074,530.000000000001,37,100
479,45153,"1",2013,4,27,62.3908210000001,109.81,896.800000000001,37,117
480,25300,"1",2018,4,16,62.9482860000001,124.453,799.000000000001,281.5,106
480,45182,"1",2011,4,3,57.929074,108.384,528.800000000001,281.5,93
481,45229,"1",2011,4,3,57.929074,108.384,528.800000000001,269,93
482,45265,"1",2011,4,3,57.929074,108.384,528.800000000001,183,93
484,45302,"1",2013,4,27,62.3908210000001,109.81,896.800000000001,32.5,117
484,45318,"1",2011,4,10,57.929074,159.074,530.000000000001,32.5,100
485,45344,"1",2013,4,25,62.3908210000001,97.719,892.100000000001,88.5,115
485,45335,"1",2011,4,4,57.929074,113.214,528.800000000001,88.5,94
487,45364,"1",2011,4,4,57.929074,113.214,528.800000000001,141,94
488,45382,"1",2013,4,23,62.3908210000001,80.609,892.100000000001,52,113
489,45409,"1",2011,4,8,57.929074,142.074,530.000000000001,32,98
491,45446,"1",2011,4,8,57.929074,142.074,530.000000000001,78,98
492,45462,"1",2013,5,1,62.3908210000001,123.3,898.700000000001,37,121
492,45474,"1",2011,4,8,57.929074,142.074,530.000000000001,37,98
495,45501,"1",2013,4,29,62.3908210000001,113.9,898.600000000001,68.5,119
495,45492,"1",2011,4,10,57.929074,159.074,530.000000000001,68.5,100
497,45516,"1",2011,3,28,57.929074,78.234,521.600000000001,165.5,88
498,45530,"1",2013,4,23,62.3908210000001,80.609,892.100000000001,89,113
499,45562,"1",2011,4,3,57.929074,108.384,528.800000000001,209,93
500,45598,"1",2011,4,4,57.929074,113.214,528.800000000001,76,94
501,45615,"1",2011,3,28,57.929074,78.234,521.600000000001,168,88
508,45704,"1",2011,4,4,57.929074,113.214,528.800000000001,104,94
509,45726,"1",2011,4,4,57.929074,113.214,528.800000000001,81,94
511,25307,"1",2018,4,16,62.9482860000001,124.453,799.000000000001,94,106
511,45779,"1",2011,4,4,57.929074,113.214,528.800000000001,94,94
512,45795,"1",2011,3,28,57.929074,78.234,521.600000000001,259,88
513,45820,"1",2011,4,6,57.929074,121.584,530.000000000001,272,96
513,45831,"1",2013,4,29,62.3908210000001,113.9,898.600000000001,272,119
514,45841,"1",2011,4,4,57.929074,113.214,528.800000000001,224,94
515,45878,"1",2011,4,4,57.929074,113.214,528.800000000001,213.5,94
515,45861,"1",2013,4,23,62.3908210000001,80.609,892.100000000001,213.5,113
515,25309,"1",2018,4,16,62.9482860000001,124.453,799.000000000001,213.5,106
517,45928,"1",2011,4,6,57.929074,121.584,530.000000000001,75,96
518,45950,"1",2013,4,27,62.3908210000001,109.81,896.800000000001,188,117
519,45967,"1",2011,4,6,57.929074,121.584,530.000000000001,135.5,96
521,46011,"1",2011,4,2,57.929074,99.514,528.800000000001,452,92
522,46034,"1",2011,4,6,57.929074,121.584,530.000000000001,116,96
522,46043,"1",2013,4,25,62.3908210000001,97.719,892.100000000001,116,115
524,46084,"1",2011,4,6,57.929074,121.584,530.000000000001,212.333333333333,96
525,104021,"1",2022,4,4,54.765427,114.392,727.6,175.5,94
525,46109,"1",2011,4,4,57.929074,113.214,528.800000000001,175.5,94
526,46137,"1",2011,4,9,57.929074,149.924,530.000000000001,109.5,99
526,46147,"1",2013,4,27,62.3908210000001,109.81,896.800000000001,109.5,117
527,46164,"1",2011,4,4,57.929074,113.214,528.800000000001,205.5,94
528,46200,"1",2013,4,25,62.3908210000001,97.719,892.100000000001,186.6,115
528,46192,"1",2011,4,8,57.929074,142.074,530.000000000001,186.6,98
529,46216,"1",2011,4,6,57.929074,121.584,530.000000000001,202.5,96
530,46243,"1",2011,4,6,57.929074,121.584,530.000000000001,132,96
530,46253,"1",2013,4,25,62.3908210000001,97.719,892.100000000001,132,115
531,46290,"1",2011,3,30,57.929074,81.534,522.800000000001,268,90
531,25312,"1",2018,4,16,62.9482860000001,124.453,799.000000000001,268,106
532,46310,"1",2011,4,9,57.929074,149.924,530.000000000001,76.5,99
532,46319,"1",2013,4,27,62.3908210000001,109.81,896.800000000001,76.5,117
533,46342,"1",2011,4,9,57.929074,149.924,530.000000000001,26.5,99
534,46357,"1",2011,4,8,57.929074,142.074,530.000000000001,95.5,98
535,105154,"1",2022,4,7,54.765427,127.68,730.7,27.5,97
535,46379,"1",2011,4,8,57.929074,142.074,530.000000000001,27.5,98
536,46400,"1",2011,4,2,57.929074,99.514,528.800000000001,120,92
539,46467,"1",2011,4,8,57.929074,142.074,530.000000000001,NA,98
540,46480,"1",2011,4,8,57.929074,142.074,530.000000000001,48,98
540,46488,"1",2013,5,1,62.3908210000001,123.3,898.700000000001,48,121
541,105156,"1",2022,4,7,54.765427,127.68,730.7,79.5,97
541,46503,"1",2011,4,8,57.929074,142.074,530.000000000001,79.5,98
541,100988,"1",2021,4,16,51.053388,123.036,601.200000000001,79.5,106
541,100987,"1",2021,4,21,51.053388,134.878,601.200000000001,79.5,111
542,46522,"1",2013,4,27,62.3908210000001,109.81,896.800000000001,29,117
543,46546,"1",2011,3,28,57.929074,78.234,521.600000000001,72,88
544,46564,"1",2013,4,27,62.3908210000001,109.81,896.800000000001,20,117
545,46593,"1",2011,4,10,57.929074,159.074,530.000000000001,23.5,100
545,46583,"1",2013,5,1,62.3908210000001,123.3,898.700000000001,23.5,121
546,112960,"1",2024,4,12,47.235357,262.149,794.75,49,102
546,108566,"1",2022,4,22,54.765427,199.26,748.2,49,112
546,46601,"1",2013,4,27,62.3908210000001,109.81,896.800000000001,49,117
546,100996,"1",2021,5,3,51.053388,172.128,609.600000000001,49,123
547,101000,"1",2021,5,3,51.053388,172.128,609.600000000001,70.5,123
547,112959,"1",2024,4,12,47.235357,262.149,794.75,70.5,102
547,46631,"1",2011,4,8,57.929074,142.074,530.000000000001,70.5,98
548,46652,"1",2011,4,14,57.929074,179.209,530.000000000001,47,104
549,10306,"1",2016,4,16,45.466249,142.074,788.900000000001,53,106
549,46688,"1",2011,4,14,57.929074,179.209,530.000000000001,53,104
549,16535,"1",2017,4,12,57.27478,224.79,616.7,53,102
549,10307,"1",2016,4,20,45.466249,154.56,799.700000000001,53,110
549,10305,"1",2016,4,13,45.466249,124.774,786.000000000001,53,103
549,101005,"1",2021,5,3,51.053388,172.128,609.600000000001,53,123
549,16534,"1",2017,4,11,57.27478,220.41,616.7,53,101
549,16533,"1",2017,4,8,57.27478,196.92,616.7,53,98
549,16536,"1",2017,4,14,57.27478,235.59,616.7,53,104
549,46682,"1",2010,4,27,44.897079,163.931,297.6,53,117
550,111175,"1",2023,4,18,49.579857,164.477,614.326,106,108
550,46719,"1",2011,4,8,57.929074,142.074,530.000000000001,106,98
551,106207,"1",2022,4,11,54.765427,131.39,748.1,111,101
551,10315,"1",2016,4,27,45.466249,173.713,806.100000000001,111,117
551,46733,"1",2011,4,8,57.929074,142.074,530.000000000001,111,98
553,46775,"1",2011,4,16,57.929074,188.589,530.100000000001,NA,106
554,46785,"1",2013,5,1,62.3908210000001,123.3,898.700000000001,139,121
554,46801,"1",2011,4,9,57.929074,149.924,530.000000000001,139,99
555,111174,"1",2023,4,18,49.579857,164.477,614.326,50.3333333333333,108
555,46823,"1",2011,4,10,57.929074,159.074,530.000000000001,50.3333333333333,100
556,46845,"1",2011,4,9,57.929074,149.924,530.000000000001,52.3333333333333,99
557,46864,"1",2011,4,10,57.929074,159.074,530.000000000001,21,100
558,46888,"1",2013,4,27,62.3908210000001,109.81,896.800000000001,277.333333333333,117
558,46879,"1",2011,4,7,57.929074,133.104,530.000000000001,277.333333333333,97
559,16575,"1",2017,4,6,57.27478,186.96,616.7,95,96
559,3320,"1",2015,4,13,63.561215,104.274,636.1,95,103
559,105157,"1",2022,4,7,54.765427,127.68,730.7,95,97
559,106204,"1",2022,4,11,54.765427,131.39,748.1,95,101
559,46922,"1",2011,4,8,57.929074,142.074,530.000000000001,95,98
560,46955,"1",2011,4,7,57.929074,133.104,530.000000000001,63,97
561,46980,"1",2011,4,4,57.929074,113.214,528.800000000001,63,94
562,47005,"1",2011,4,9,57.929074,149.924,530.000000000001,53.5,99
563,47033,"1",2011,4,10,57.929074,159.074,530.000000000001,20,100
564,47056,"1",2010,4,18,44.897079,116.5,294.3,229,108
564,47064,"1",2011,4,8,57.929074,142.074,530.000000000001,229,98
564,16598,"1",2017,4,8,57.27478,196.92,616.7,229,98
564,111173,"1",2023,4,18,49.579857,164.477,614.326,229,108
564,105158,"1",2022,4,7,54.765427,127.68,730.7,229,97
566,47112,"1",2011,4,14,57.929074,179.209,530.000000000001,27,104
567,112962,"1",2024,4,12,47.235357,262.149,794.75,62.5,102
568,47148,"1",2011,4,4,57.929074,113.214,528.800000000001,174.5,94
570,47190,"1",2011,3,30,57.929074,81.534,522.800000000001,191,90
571,47218,"1",2011,4,4,57.929074,113.214,528.800000000001,158,94
572,105159,"1",2022,4,7,54.765427,127.68,730.7,130.5,97
572,47251,"1",2010,4,14,44.897079,106.443,294.3,130.5,104
572,47260,"1",2011,4,6,57.929074,121.584,530.000000000001,130.5,96
573,25320,"1",2018,4,16,62.9482860000001,124.453,799.000000000001,371.5,106
573,47285,"1",2013,4,25,62.3908210000001,97.719,892.100000000001,371.5,115
573,101033,"1",2021,5,3,51.053388,172.128,609.600000000001,371.5,123
573,111168,"1",2023,4,18,49.579857,164.477,614.326,371.5,108
573,47301,"1",2011,4,4,57.929074,113.214,528.800000000001,371.5,94
573,101032,"1",2021,4,27,51.053388,156.102,601.200000000001,371.5,117
574,47328,"1",2011,4,5,57.929074,117.124,528.800000000001,575.25,95
575,47357,"1",2011,4,5,57.929074,117.124,528.800000000001,500.25,95
576,105125,"1",2022,4,7,54.765427,127.68,730.7,495,97
576,101035,"1",2021,4,21,51.053388,134.878,601.200000000001,495,111
576,47383,"1",2011,4,3,57.929074,108.384,528.800000000001,495,93
576,101036,"1",2021,4,9,51.053388,116.615,597.400000000001,495,99
576,101037,"1",2021,4,16,51.053388,123.036,601.200000000001,495,106
577,47411,"1",2011,4,3,57.929074,108.384,528.800000000001,252,93
578,105124,"1",2022,4,7,54.765427,127.68,730.7,473,97
578,47439,"1",2011,4,3,57.929074,108.384,528.800000000001,473,93
579,16698,"1",2017,4,8,57.27478,196.92,616.7,68.5,98
579,47452,"1",2013,4,27,62.3908210000001,109.81,896.800000000001,68.5,117
579,25323,"1",2018,4,16,62.9482860000001,124.453,799.000000000001,68.5,106
579,47475,"1",2010,4,18,44.897079,116.5,294.3,68.5,108
579,101053,"1",2021,4,27,51.053388,156.102,601.200000000001,68.5,117
580,111644,"1",2023,4,26,49.579857,193.302,638.576,114.5,116
580,105127,"1",2022,4,7,54.765427,127.68,730.7,114.5,97
580,16722,"1",2017,4,10,57.27478,215.09,616.7,114.5,100
580,47536,"1",2011,4,7,57.929074,133.104,530.000000000001,114.5,97
580,16723,"1",2017,4,10,57.27478,215.09,616.7,114.5,100
580,3790,"1",2015,4,18,63.561215,143.314,636.2,114.5,108
580,47500,"1",2013,4,29,62.3908210000001,113.9,898.600000000001,114.5,119
580,47527,"1",2010,4,18,44.897079,116.5,294.3,114.5,108
580,25324,"1",2018,4,16,62.9482860000001,124.453,799.000000000001,114.5,106
581,25325,"1",2018,4,16,62.9482860000001,124.453,799.000000000001,115.5,106
581,47555,"1",2013,4,29,62.3908210000001,113.9,898.600000000001,115.5,119
581,10387,"1",2016,4,17,45.466249,142.074,799.400000000001,115.5,107
581,47589,"1",2011,4,6,57.929074,121.584,530.000000000001,115.5,96
581,47582,"1",2010,4,21,44.897079,133.58,294.4,115.5,111
581,16744,"1",2017,4,8,57.27478,196.92,616.7,115.5,98
581,113020,"1",2024,4,12,47.235357,262.149,794.75,115.5,102
581,10388,"1",2016,4,20,45.466249,154.56,799.700000000001,115.5,110
582,101072,"1",2021,4,27,51.053388,156.102,601.200000000001,312.5,117
582,47635,"1",2010,4,13,44.897079,102.173,294.3,312.5,103
582,2939,"1",2015,4,10,63.561215,88.394,633.4,312.5,100
582,47644,"1",2011,4,3,57.929074,108.384,528.800000000001,312.5,93
582,3294,"1",2015,4,13,63.561215,104.274,636.1,312.5,103
583,47661,"1",2013,4,27,62.3908210000001,109.81,896.800000000001,114.5,117
584,101076,"1",2021,4,27,51.053388,156.102,601.200000000001,124.5,117
584,101077,"1",2021,4,16,51.053388,123.036,601.200000000001,124.5,106
585,111315,"1",2023,4,18,49.579857,164.477,614.326,247.5,108
585,47724,"1",2011,4,4,57.929074,113.214,528.800000000001,247.5,94
585,101083,"1",2021,4,27,51.053388,156.102,601.200000000001,247.5,117
585,25326,"1",2018,4,16,62.9482860000001,124.453,799.000000000001,247.5,106
585,105132,"1",2022,4,7,54.765427,127.68,730.7,247.5,97
586,47748,"1",2011,4,8,57.929074,142.074,530.000000000001,86,98
587,47769,"1",2011,4,8,57.929074,142.074,530.000000000001,128.5,98
588,111316,"1",2023,4,18,49.579857,164.477,614.326,96,108
588,25327,"1",2018,4,16,62.9482860000001,124.453,799.000000000001,96,106
588,112753,"1",2024,4,10,47.235357,249.559,793.37,96,100
588,105133,"1",2022,4,7,54.765427,127.68,730.7,96,97
588,47795,"1",2011,4,11,57.929074,164.554,530.000000000001,96,101
589,47811,"1",2011,4,10,57.929074,159.074,530.000000000001,155,100
590,47835,"1",2011,4,4,57.929074,113.214,528.800000000001,511,94
591,47860,"1",2011,4,8,57.929074,142.074,530.000000000001,62,98
591,47845,"1",2013,4,23,62.3908210000001,80.609,892.100000000001,62,113
592,10434,"1",2016,4,29,45.466249,177.695,806.200000000001,150.5,119
592,10433,"1",2016,4,25,45.466249,168.847,805.700000000001,150.5,115
592,106142,"1",2022,4,11,54.765427,131.39,748.1,150.5,101
592,111317,"1",2023,4,18,49.579857,164.477,614.326,150.5,108
592,25328,"1",2018,4,16,62.9482860000001,124.453,799.000000000001,150.5,106
593,47909,"1",2011,4,8,57.929074,142.074,530.000000000001,108,98
595,47939,"1",2013,5,3,62.3908210000001,131.09,898.700000000001,50,123
595,47951,"1",2011,4,14,57.929074,179.209,530.000000000001,50,104
596,109974,"1",2022,4,28,54.765427,229.35,748.6,32.5,118
596,105135,"1",2022,4,7,54.765427,127.68,730.7,32.5,97
596,47972,"1",2011,4,10,57.929074,159.074,530.000000000001,32.5,100
598,48024,"1",2011,4,2,57.929074,99.514,528.800000000001,137,92
599,48049,"1",2011,4,4,57.929074,113.214,528.800000000001,114,94
600,25330,"1",2018,4,16,62.9482860000001,124.453,799.000000000001,149.5,106
600,105137,"1",2022,4,7,54.765427,127.68,730.7,149.5,97
600,106143,"1",2022,4,11,54.765427,131.39,748.1,149.5,101
600,48105,"1",2010,4,18,44.897079,116.5,294.3,149.5,108
600,111318,"1",2023,4,18,49.579857,164.477,614.326,149.5,108
600,48113,"1",2011,4,8,57.929074,142.074,530.000000000001,149.5,98
601,48155,"1",2010,4,23,44.897079,139.011,294.4,108.5,113
601,106144,"1",2022,4,11,54.765427,131.39,748.1,108.5,101
601,10451,"1",2016,4,20,45.466249,154.56,799.700000000001,108.5,110
601,10450,"1",2016,4,17,45.466249,142.074,799.400000000001,108.5,107
601,48161,"1",2011,4,6,57.929074,121.584,530.000000000001,108.5,96
601,48130,"1",2013,4,27,62.3908210000001,109.81,896.800000000001,108.5,117
602,2946,"1",2015,4,10,63.561215,88.394,633.4,159.5,100
602,101104,"1",2021,4,8,51.053388,114.893,597.400000000001,159.5,98
602,48212,"1",2011,3,30,57.929074,81.534,522.800000000001,159.5,90
603,48245,"1",2011,4,4,57.929074,113.214,528.800000000001,297,94
603,103968,"1",2022,4,4,54.765427,114.392,727.6,297,94
603,25333,"1",2018,4,16,62.9482860000001,124.453,799.000000000001,297,106
604,25334,"1",2018,4,16,62.9482860000001,124.453,799.000000000001,464.5,106
604,48262,"1",2011,3,30,57.929074,81.534,522.800000000001,464.5,90
605,105139,"1",2022,4,7,54.765427,127.68,730.7,322,97
605,25335,"1",2018,4,16,62.9482860000001,124.453,799.000000000001,322,106
605,48291,"1",2011,4,3,57.929074,108.384,528.800000000001,322,93
605,111319,"1",2023,4,18,49.579857,164.477,614.326,322,108
606,25336,"1",2018,4,16,62.9482860000001,124.453,799.000000000001,109,106
606,4185,"1",2015,4,20,63.561215,149.022,636.2,109,110
606,10471,"1",2016,4,20,45.466249,154.56,799.700000000001,109,110
606,10470,"1",2016,4,17,45.466249,142.074,799.400000000001,109,107
606,48336,"1",2011,4,6,57.929074,121.584,530.000000000001,109,96
606,111320,"1",2023,4,18,49.579857,164.477,614.326,109,108
606,48327,"1",2010,4,16,44.897079,110.692,294.3,109,106
607,106146,"1",2022,4,11,54.765427,131.39,748.1,124.5,101
607,4490,"1",2015,4,22,63.561215,161.262,636.2,124.5,112
607,16971,"1",2017,4,6,57.27478,186.96,616.7,124.5,96
607,48356,"1",2013,4,29,62.3908210000001,113.9,898.600000000001,124.5,119
607,112763,"1",2024,4,10,47.235357,249.559,793.37,124.5,100
607,4186,"1",2015,4,20,63.561215,149.022,636.2,124.5,110
607,4837,"1",2015,4,24,63.561215,171.112,636.2,124.5,114
607,48382,"1",2010,4,16,44.897079,110.692,294.3,124.5,106
607,111321,"1",2023,4,18,49.579857,164.477,614.326,124.5,108
607,10481,"1",2016,4,20,45.466249,154.56,799.700000000001,124.5,110
607,3801,"1",2015,4,18,63.561215,143.314,636.2,124.5,108
607,10480,"1",2016,4,17,45.466249,142.074,799.400000000001,124.5,107
608,16996,"1",2017,4,12,57.27478,224.79,616.7,77.5,102
608,4838,"1",2015,4,24,63.561215,171.112,636.2,77.5,114
608,48443,"1",2011,4,8,57.929074,142.074,530.000000000001,77.5,98
608,16994,"1",2017,4,8,57.27478,196.92,616.7,77.5,98
608,16995,"1",2017,4,11,57.27478,220.41,616.7,77.5,101
608,10490,"1",2016,4,17,45.466249,142.074,799.400000000001,77.5,107
608,10491,"1",2016,4,20,45.466249,154.56,799.700000000001,77.5,110
608,111322,"1",2023,4,18,49.579857,164.477,614.326,77.5,108
608,48435,"1",2010,4,21,44.897079,133.58,294.4,77.5,111
609,48484,"1",2010,4,16,44.897079,110.692,294.3,241,106
609,103970,"1",2022,4,4,54.765427,114.392,727.6,241,94
609,17017,"1",2017,4,8,57.27478,196.92,616.7,241,98
609,10500,"1",2016,4,17,45.466249,142.074,799.400000000001,241,107
609,10501,"1",2016,4,20,45.466249,154.56,799.700000000001,241,110
609,4839,"1",2015,4,24,63.561215,171.112,636.2,241,114
609,48492,"1",2011,4,10,57.929074,159.074,530.000000000001,241,100
611,25550,"1",2018,4,17,62.9482860000001,130.863,801.000000000001,205,107
611,48533,"1",2011,3,31,57.929074,86.194,523.500000000001,205,91
612,111091,"1",2023,4,17,49.579857,158.047,614.076,198,107
612,111508,"1",2023,4,25,49.579857,192.193,628.576,198,115
612,25551,"1",2018,4,17,62.9482860000001,130.863,801.000000000001,198,107
612,48558,"1",2011,4,8,57.929074,142.074,530.000000000001,198,98
612,105948,"1",2022,4,11,54.765427,131.39,748.1,198,101
613,106157,"1",2022,4,11,54.765427,131.39,748.1,144.5,101
613,111113,"1",2023,4,17,49.579857,158.047,614.076,144.5,107
613,103981,"1",2022,4,4,54.765427,114.392,727.6,144.5,94
613,25552,"1",2018,4,17,62.9482860000001,130.863,801.000000000001,144.5,107
613,48586,"1",2011,4,6,57.929074,121.584,530.000000000001,144.5,96
615,111114,"1",2023,4,17,49.579857,158.047,614.076,66.5,107
616,25555,"1",2018,4,17,62.9482860000001,130.863,801.000000000001,181.5,107
616,10531,"1",2016,4,23,45.466249,167.48,799.700000000001,181.5,113
616,111509,"1",2023,4,25,49.579857,192.193,628.576,181.5,115
616,101147,"1",2021,4,30,51.053388,163.636,609.300000000001,181.5,120
616,105949,"1",2022,4,11,54.765427,131.39,748.1,181.5,101
616,48666,"1",2011,4,7,57.929074,133.104,530.000000000001,181.5,97
617,48690,"1",2011,3,31,57.929074,86.194,523.500000000001,179,91
618,48708,"1",2011,4,9,57.929074,149.924,530.000000000001,190,99
619,48731,"1",2011,4,6,57.929074,121.584,530.000000000001,28,96
620,48750,"1",2011,4,7,57.929074,133.104,530.000000000001,22,97
621,48772,"1",2011,4,10,57.929074,159.074,530.000000000001,37,100
622,48798,"1",2011,4,6,57.929074,121.584,530.000000000001,92,96
623,48823,"1",2011,4,7,57.929074,133.104,530.000000000001,69,97
624,48832,"1",2013,4,28,62.3908210000001,110.61,896.900000000001,208,118
626,105950,"1",2022,4,11,54.765427,131.39,748.1,66,101
626,25556,"1",2018,4,17,62.9482860000001,130.863,801.000000000001,66,107
626,105035,"1",2022,4,7,54.765427,127.68,730.7,66,97
627,48895,"1",2011,4,4,57.929074,113.214,528.800000000001,147.333333333333,94
628,48916,"1",2011,4,5,57.929074,117.124,528.800000000001,77.75,95
629,48945,"1",2011,4,5,57.929074,117.124,528.800000000001,152.25,95
630,48969,"1",2011,4,7,57.929074,133.104,530.000000000001,78.5,97
632,25557,"1",2018,4,17,62.9482860000001,130.863,801.000000000001,98.6666666666667,107
632,105036,"1",2022,4,7,54.765427,127.68,730.7,98.6666666666667,97
632,101151,"1",2021,4,14,51.053388,121.711,601.200000000001,98.6666666666667,104
632,103824,"1",2022,4,4,54.765427,114.392,727.6,98.6666666666667,94
633,25558,"1",2018,4,17,62.9482860000001,130.863,801.000000000001,117,107
633,112659,"1",2024,4,10,47.235357,249.559,793.37,117,100
633,25068,"1",2018,4,12,62.9482860000001,105.257,798.600000000001,117,102
633,105038,"1",2022,4,7,54.765427,127.68,730.7,117,97
634,112661,"1",2024,4,10,47.235357,249.559,793.37,152,100
635,105037,"1",2022,4,7,54.765427,127.68,730.7,159,97
635,101159,"1",2021,4,20,51.053388,129.848,601.200000000001,159,110
636,49098,"1",2011,4,5,57.929074,117.124,528.800000000001,208.5,95
637,111118,"1",2023,4,17,49.579857,158.047,614.076,104.666666666667,107
637,112580,"1",2024,4,9,47.235357,247.208,791.99,104.666666666667,99
637,49130,"1",2010,4,20,44.897079,128.91,294.3,104.666666666667,110
637,49138,"1",2011,4,7,57.929074,133.104,530.000000000001,104.666666666667,97
637,17158,"1",2017,4,8,57.27478,196.92,616.7,104.666666666667,98
637,3070,"1",2015,4,11,63.561215,96.054,633.4,104.666666666667,101
637,25070,"1",2018,4,12,62.9482860000001,105.257,798.600000000001,104.666666666667,102
638,49172,"1",2011,4,6,57.929074,121.584,530.000000000001,152,96
639,112579,"1",2024,4,9,47.235357,247.208,791.99,101.5,99
639,49209,"1",2011,4,7,57.929074,133.104,530.000000000001,101.5,97
639,101172,"1",2021,4,26,51.053388,154.887,601.200000000001,101.5,116
639,104010,"1",2022,4,4,54.765427,114.392,727.6,101.5,94
639,111119,"1",2023,4,17,49.579857,158.047,614.076,101.5,107
639,2828,"1",2015,4,8,63.561215,79.071,633.4,101.5,98
640,49260,"1",2011,4,3,57.929074,108.384,528.800000000001,178,93
642,49300,"1",2011,4,9,57.929074,149.924,530.000000000001,64,99
645,49383,"1",2011,4,8,57.929074,142.074,530.000000000001,71,98
649,49470,"1",2011,4,7,57.929074,133.104,530.000000000001,95,97
649,25562,"1",2018,4,17,62.9482860000001,130.863,801.000000000001,95,107
649,101178,"1",2021,4,20,51.053388,129.848,601.200000000001,95,110
649,105039,"1",2022,4,7,54.765427,127.68,730.7,95,97
650,49490,"1",2011,4,7,57.929074,133.104,530.000000000001,84,97
651,49512,"1",2011,4,7,57.929074,133.104,530.000000000001,157,97
652,49545,"1",2010,4,20,44.897079,128.91,294.3,214.5,110
652,105043,"1",2022,4,7,54.765427,127.68,730.7,214.5,97
652,2831,"1",2015,4,8,63.561215,79.071,633.4,214.5,98
652,25563,"1",2018,4,17,62.9482860000001,130.863,801.000000000001,214.5,107
652,3328,"1",2015,4,14,63.561215,107.984,636.2,214.5,104
652,103829,"1",2022,4,4,54.765427,114.392,727.6,214.5,94
652,49553,"1",2011,4,5,57.929074,117.124,528.800000000001,214.5,95
652,2985,"1",2015,4,11,63.561215,96.054,633.4,214.5,101
653,49585,"1",2011,4,9,57.929074,149.924,530.000000000001,102,99
653,111511,"1",2023,4,25,49.579857,192.193,628.576,102,115
654,49617,"1",2013,5,1,62.3908210000001,123.3,898.700000000001,57,121
654,49629,"1",2011,4,7,57.929074,133.104,530.000000000001,57,97
655,49641,"1",2011,4,9,57.929074,149.924,530.000000000001,20,99
657,25564,"1",2018,4,17,62.9482860000001,130.863,801.000000000001,165,107
657,2830,"1",2015,4,8,63.561215,79.071,633.4,165,98
657,49699,"1",2011,4,5,57.929074,117.124,528.800000000001,165,95
657,105040,"1",2022,4,7,54.765427,127.68,730.7,165,97
657,103826,"1",2022,4,4,54.765427,114.392,727.6,165,94
657,3327,"1",2015,4,14,63.561215,107.984,636.2,165,104
657,2984,"1",2015,4,11,63.561215,96.054,633.4,165,101
658,49735,"1",2011,4,8,57.929074,142.074,530.000000000001,113,98
659,49747,"1",2011,4,7,57.929074,133.104,530.000000000001,70,97
660,105044,"1",2022,4,7,54.765427,127.68,730.7,232,97
660,25075,"1",2018,4,12,62.9482860000001,105.257,798.600000000001,232,102
660,25565,"1",2018,4,17,62.9482860000001,130.863,801.000000000001,232,107
660,103830,"1",2022,4,4,54.765427,114.392,727.6,232,94
661,49793,"1",2011,4,7,57.929074,133.104,530.000000000001,202.666666666667,97
662,105045,"1",2022,4,7,54.765427,127.68,730.7,105.2,97
662,103831,"1",2022,4,4,54.765427,114.392,727.6,105.2,94
662,105959,"1",2022,4,11,54.765427,131.39,748.1,105.2,101
662,25566,"1",2018,4,17,62.9482860000001,130.863,801.000000000001,105.2,107
662,49818,"1",2011,4,11,57.929074,164.554,530.000000000001,105.2,101
664,49861,"1",2011,4,3,57.929074,108.384,528.800000000001,99.5,93
665,111034,"1",2023,4,17,49.579857,158.047,614.076,144,107
665,49882,"1",2011,3,27,57.929074,76.909,521.500000000001,144,87
667,49928,"1",2011,4,7,57.929074,133.104,530.000000000001,122,97
668,49951,"1",2011,4,8,57.929074,142.074,530.000000000001,110,98
669,49978,"1",2011,4,7,57.929074,133.104,530.000000000001,117,97
670,25567,"1",2018,4,17,62.9482860000001,130.863,801.000000000001,77,107
670,103988,"1",2022,4,4,54.765427,114.392,727.6,77,94
670,112730,"1",2024,4,10,47.235357,249.559,793.37,77,100
670,50001,"1",2011,4,8,57.929074,142.074,530.000000000001,77,98
670,106164,"1",2022,4,11,54.765427,131.39,748.1,77,101
671,50029,"1",2011,4,9,57.929074,149.924,530.000000000001,38,99
674,25568,"1",2018,4,17,62.9482860000001,130.863,801.000000000001,141.5,107
674,50099,"1",2011,4,7,57.929074,133.104,530.000000000001,141.5,97
675,50130,"1",2011,4,5,57.929074,117.124,528.800000000001,153.333333333333,95
675,111542,"1",2023,4,25,49.579857,192.193,628.576,153.333333333333,115
676,106179,"1",2022,4,11,54.765427,131.39,748.1,174.5,101
676,50155,"1",2011,4,7,57.929074,133.104,530.000000000001,174.5,97
677,50184,"1",2011,4,9,57.929074,149.924,530.000000000001,51,99
678,50204,"1",2011,4,9,57.929074,149.924,530.000000000001,78,99
679,50225,"1",2011,4,7,57.929074,133.104,530.000000000001,74,97
682,111120,"1",2023,4,17,49.579857,158.047,614.076,93.5,107
682,25569,"1",2018,4,17,62.9482860000001,130.863,801.000000000001,93.5,107
682,101214,"1",2021,5,24,51.053388,291.651,684.800000000001,93.5,144
682,113376,"1",2024,4,25,47.235357,312.308,800.638,93.5,115
682,111543,"1",2023,4,25,49.579857,192.193,628.576,93.5,115
682,104011,"1",2022,4,4,54.765427,114.392,727.6,93.5,94
682,106181,"1",2022,4,11,54.765427,131.39,748.1,93.5,101
682,50290,"1",2011,4,7,57.929074,133.104,530.000000000001,93.5,97
683,104007,"1",2022,4,4,54.765427,114.392,727.6,93.5,94
686,50378,"1",2011,4,9,57.929074,149.924,530.000000000001,79.3333333333333,99
688,50442,"1",2011,4,5,57.929074,117.124,528.800000000001,83,95
688,101220,"1",2021,4,30,51.053388,163.636,609.300000000001,83,120
688,107672,"1",2022,4,20,54.765427,187.41,748.2,83,110
689,50469,"1",2011,4,6,57.929074,121.584,530.000000000001,92,96
690,50496,"1",2011,4,5,57.929074,117.124,528.800000000001,134,95
691,50522,"1",2011,4,8,57.929074,142.074,530.000000000001,84,98
692,50544,"1",2011,4,9,57.929074,149.924,530.000000000001,57.5,99
693,50580,"1",2011,4,9,57.929074,149.924,530.000000000001,56.3333333333333,99
693,50574,"1",2010,4,25,44.897079,151.551,294.4,56.3333333333333,115
693,10603,"1",2016,4,24,45.466249,168.299,805.500000000001,56.3333333333333,114
694,25574,"1",2018,4,17,62.9482860000001,130.863,801.000000000001,147.8,107
694,2999,"1",2015,4,12,63.561215,99.074,636.1,147.8,102
694,2857,"1",2015,4,9,63.561215,86.521,633.4,147.8,99
694,101226,"1",2021,4,14,51.053388,121.711,601.200000000001,147.8,104
694,25083,"1",2018,4,12,62.9482860000001,105.257,798.600000000001,147.8,102
698,50724,"1",2011,4,13,57.929074,176.584,530.000000000001,37,103
699,112675,"1",2024,4,10,47.235357,249.559,793.37,99.6666666666667,100
701,50807,"1",2011,4,6,57.929074,121.584,530.000000000001,162.5,96
702,101240,"1",2021,4,20,51.053388,129.848,601.200000000001,83.3333333333333,110
702,25576,"1",2018,4,17,62.9482860000001,130.863,801.000000000001,83.3333333333333,107
703,50886,"1",2011,4,9,57.929074,149.924,530.000000000001,119,99
704,101247,"1",2021,4,26,51.053388,154.887,601.200000000001,189,116
704,25577,"1",2018,4,17,62.9482860000001,130.863,801.000000000001,189,107
704,50914,"1",2011,4,7,57.929074,133.104,530.000000000001,189,97
705,50932,"1",2011,4,3,57.929074,108.384,528.800000000001,112,93
706,50961,"1",2011,4,5,57.929074,117.124,528.800000000001,256,95
709,25578,"1",2018,4,17,62.9482860000001,130.863,801.000000000001,108.5,107
709,106161,"1",2022,4,11,54.765427,131.39,748.1,108.5,101
710,25579,"1",2018,4,17,62.9482860000001,130.863,801.000000000001,133.25,107
710,101253,"1",2021,4,26,51.053388,154.887,601.200000000001,133.25,116
710,106163,"1",2022,4,11,54.765427,131.39,748.1,133.25,101
710,103987,"1",2022,4,4,54.765427,114.392,727.6,133.25,94
713,101260,"1",2021,4,26,51.053388,154.887,601.200000000001,73.5,116
713,3192,"1",2015,4,14,63.561215,107.984,636.2,73.5,104
713,101261,"1",2021,4,30,51.053388,163.636,609.300000000001,73.5,120
713,2895,"1",2015,4,9,63.561215,86.521,633.4,73.5,99
713,111534,"1",2023,4,25,49.579857,192.193,628.576,73.5,115
713,3912,"1",2015,4,19,63.561215,147.224,636.2,73.5,109
713,106165,"1",2022,4,11,54.765427,131.39,748.1,73.5,101
713,17326,"1",2017,4,8,57.27478,196.92,616.7,73.5,98
716,51201,"1",2011,4,7,57.929074,133.104,530.000000000001,127.5,97
717,51225,"1",2011,4,7,57.929074,133.104,530.000000000001,141,97
719,51264,"1",2011,4,7,57.929074,133.104,530.000000000001,128,97
719,111514,"1",2023,4,25,49.579857,192.193,628.576,128,115
720,25581,"1",2018,4,17,62.9482860000001,130.863,801.000000000001,103.5,107
720,51288,"1",2011,4,5,57.929074,117.124,528.800000000001,103.5,95
722,51326,"1",2011,4,13,57.929074,176.584,530.000000000001,55,103
724,51390,"1",2011,4,6,57.929074,121.584,530.000000000001,123.5,96
724,25091,"1",2018,4,12,62.9482860000001,105.257,798.600000000001,123.5,102
724,25582,"1",2018,4,17,62.9482860000001,130.863,801.000000000001,123.5,107
724,111025,"1",2023,4,17,49.579857,158.047,614.076,123.5,107
725,26242,"1",2018,4,21,62.9482860000001,183.673,801.000000000001,141.5,111
725,25583,"1",2018,4,17,62.9482860000001,130.863,801.000000000001,141.5,107
725,51415,"1",2011,4,3,57.929074,108.384,528.800000000001,141.5,93
726,51455,"1",2011,4,13,57.929074,176.584,530.000000000001,40,103
726,51448,"1",2010,4,24,44.897079,144.361,294.4,40,114
727,10651,"1",2016,4,27,45.466249,173.713,806.100000000001,77.5,117
727,10653,"1",2016,5,6,45.466249,221.985,808.800000000001,77.5,126
727,17372,"1",2017,4,14,57.27478,235.59,616.7,77.5,104
727,10646,"1",2016,4,13,45.466249,124.774,786.000000000001,77.5,103
727,6403,"1",2015,5,5,63.561215,225.507,650.6,77.5,125
727,17370,"1",2017,4,11,57.27478,220.41,616.7,77.5,101
727,17376,"1",2017,4,24,57.27478,282.732,618.6,77.5,114
727,17377,"1",2017,4,26,57.27478,290.212,618.6,77.5,116
727,4539,"1",2015,4,23,63.561215,168.022,636.2,77.5,113
727,17373,"1",2017,4,16,57.27478,245.76,617,77.5,106
727,17378,"1",2017,4,28,57.27478,294.411,619.7,77.5,118
727,17375,"1",2017,4,22,57.27478,272.762,618.6,77.5,112
727,51486,"1",2010,4,22,44.897079,135.631,294.4,77.5,112
727,113348,"1",2024,4,25,47.235357,312.308,800.638,77.5,115
727,105970,"1",2022,4,11,54.765427,131.39,748.1,77.5,101
727,17371,"1",2017,4,12,57.27478,224.79,616.7,77.5,102
727,4193,"1",2015,4,21,63.561215,154.702,636.2,77.5,111
727,10649,"1",2016,4,23,45.466249,167.48,799.700000000001,77.5,113
729,51562,"1",2011,4,6,57.929074,121.584,530.000000000001,60.5,96
729,111515,"1",2023,4,25,49.579857,192.193,628.576,60.5,115
729,105974,"1",2022,4,11,54.765427,131.39,748.1,60.5,101
729,111026,"1",2023,4,17,49.579857,158.047,614.076,60.5,107
729,112681,"1",2024,4,10,47.235357,249.559,793.37,60.5,100
729,101282,"1",2021,4,30,51.053388,163.636,609.300000000001,60.5,120
730,103847,"1",2022,4,4,54.765427,114.392,727.6,223.333333333333,94
730,51588,"1",2011,4,8,57.929074,142.074,530.000000000001,223.333333333333,98
730,105978,"1",2022,4,11,54.765427,131.39,748.1,223.333333333333,101
733,51634,"1",2011,4,5,57.929074,117.124,528.800000000001,106.5,95
734,51661,"1",2011,4,7,57.929074,133.104,530.000000000001,108,97
735,51689,"1",2011,4,4,57.929074,113.214,528.800000000001,151,94
735,103996,"1",2022,4,4,54.765427,114.392,727.6,151,94
736,103997,"1",2022,4,4,54.765427,114.392,727.6,132.5,94
738,51763,"1",2011,4,7,57.929074,133.104,530.000000000001,85,97
739,51779,"1",2011,4,9,57.929074,149.924,530.000000000001,53,99
740,26248,"1",2018,4,21,62.9482860000001,183.673,801.000000000001,159,111
740,101288,"1",2021,4,30,51.053388,163.636,609.300000000001,159,120
740,111538,"1",2023,4,25,49.579857,192.193,628.576,159,115
740,103999,"1",2022,4,4,54.765427,114.392,727.6,159,94
740,25587,"1",2018,4,17,62.9482860000001,130.863,801.000000000001,159,107
740,106172,"1",2022,4,11,54.765427,131.39,748.1,159,101
740,17412,"1",2017,4,16,57.27478,245.76,617,159,106
740,113364,"1",2024,4,25,47.235357,312.308,800.638,159,115
741,51799,"1",2011,4,9,57.929074,149.924,530.000000000001,80,99
742,51830,"1",2011,3,31,57.929074,86.194,523.500000000001,120.5,91
743,51852,"1",2011,4,9,57.929074,149.924,530.000000000001,51,99
743,103841,"1",2022,4,4,54.765427,114.392,727.6,51,94
743,112684,"1",2024,4,10,47.235357,249.559,793.37,51,100
744,111027,"1",2023,4,17,49.579857,158.047,614.076,109.5,107
744,51881,"1",2011,3,31,57.929074,86.194,523.500000000001,109.5,91
747,51969,"1",2011,4,11,57.929074,164.554,530.000000000001,58,101
747,101294,"1",2021,4,30,51.053388,163.636,609.300000000001,58,120
748,10672,"1",2016,4,19,45.466249,148.36,799.700000000001,433,109
748,111421,"1",2023,4,19,49.579857,168.967,614.326,433,109
748,25590,"1",2018,4,17,62.9482860000001,130.863,801.000000000001,433,107
748,105442,"1",2022,4,8,54.765427,131.39,747.8,433,98
748,17427,"1",2017,4,7,57.27478,191.59,616.7,433,97
748,51986,"1",2013,4,22,62.3908210000001,75.439,892.100000000001,433,112
748,3343,"1",2015,4,14,63.561215,107.984,636.2,433,104
748,52012,"1",2010,4,21,44.897079,133.58,294.4,433,111
748,3596,"1",2015,4,17,63.561215,137.434,636.2,433,107
748,10671,"1",2016,4,17,45.466249,142.074,799.400000000001,433,107
748,52020,"1",2011,4,10,57.929074,159.074,530.000000000001,433,100
748,3942,"1",2015,4,19,63.561215,147.224,636.2,433,109
748,2915,"1",2015,4,9,63.561215,86.521,633.4,433,99
751,52089,"1",2011,4,9,57.929074,149.924,530.000000000001,117,99
753,52135,"1",2011,4,9,57.929074,149.924,530.000000000001,57,99
754,52155,"1",2011,4,7,57.929074,133.104,530.000000000001,97.5,97
754,111096,"1",2023,4,17,49.579857,158.047,614.076,97.5,107
755,103844,"1",2022,4,4,54.765427,114.392,727.6,116.5,94
755,52183,"1",2011,4,7,57.929074,133.104,530.000000000001,116.5,97
755,25592,"1",2018,4,17,62.9482860000001,130.863,801.000000000001,116.5,107
756,10683,"1",2016,4,21,45.466249,159.29,799.700000000001,134,111
756,3512,"1",2015,4,17,63.561215,137.434,636.2,134,107
756,10681,"1",2016,4,13,45.466249,124.774,786.000000000001,134,103
756,3138,"1",2015,4,14,63.561215,107.984,636.2,134,104
756,52223,"1",2011,4,3,57.929074,108.384,528.800000000001,134,93
756,101299,"1",2021,4,30,51.053388,163.636,609.300000000001,134,120
756,10682,"1",2016,4,18,45.466249,143.7,799.700000000001,134,108
756,52217,"1",2010,4,16,44.897079,110.692,294.3,134,106
756,25593,"1",2018,4,17,62.9482860000001,130.863,801.000000000001,134,107
759,52289,"1",2011,4,13,57.929074,176.584,530.000000000001,55,103
760,52310,"1",2011,3,31,57.929074,86.194,523.500000000001,398,91
761,10691,"1",2016,4,13,45.466249,124.774,786.000000000001,157,103
761,111516,"1",2023,4,25,49.579857,192.193,628.576,157,115
761,111097,"1",2023,4,17,49.579857,158.047,614.076,157,107
761,2874,"1",2015,4,9,63.561215,86.521,633.4,157,99
761,105977,"1",2022,4,11,54.765427,131.39,748.1,157,101
761,25594,"1",2018,4,17,62.9482860000001,130.863,801.000000000001,157,107
761,52346,"1",2011,4,8,57.929074,142.074,530.000000000001,157,98
761,103845,"1",2022,4,4,54.765427,114.392,727.6,157,94
761,103005,"1",2021,4,26,51.053388,154.887,601.200000000001,157,116
762,52382,"1",2011,4,8,57.929074,142.074,530.000000000001,185,98
762,111098,"1",2023,4,17,49.579857,158.047,614.076,185,107
763,52404,"1",2011,4,8,57.929074,142.074,530.000000000001,75.6666666666667,98
764,112703,"1",2024,4,10,47.235357,249.559,793.37,208.5,100
764,25595,"1",2018,4,17,62.9482860000001,130.863,801.000000000001,208.5,107
764,10701,"1",2016,4,13,45.466249,124.774,786.000000000001,208.5,103
764,111116,"1",2023,4,17,49.579857,158.047,614.076,208.5,107
764,25105,"1",2018,4,12,62.9482860000001,105.257,798.600000000001,208.5,102
764,52438,"1",2010,4,23,44.897079,139.011,294.4,208.5,113
764,52446,"1",2011,4,8,57.929074,142.074,530.000000000001,208.5,98
764,2876,"1",2015,4,9,63.561215,86.521,633.4,208.5,99
765,52475,"1",2011,4,7,57.929074,133.104,530.000000000001,260,97
766,52501,"1",2011,4,8,57.929074,142.074,530.000000000001,266.5,98
767,10711,"1",2016,4,13,45.466249,124.774,786.000000000001,110.666666666667,103
767,25106,"1",2018,4,12,62.9482860000001,105.257,798.600000000001,110.666666666667,102
767,52544,"1",2011,4,9,57.929074,149.924,530.000000000001,110.666666666667,99
767,111099,"1",2023,4,17,49.579857,158.047,614.076,110.666666666667,107
767,103846,"1",2022,4,4,54.765427,114.392,727.6,110.666666666667,94
767,101302,"1",2021,4,26,51.053388,154.887,601.200000000001,110.666666666667,116
767,2907,"1",2015,4,9,63.561215,86.521,633.4,110.666666666667,99
769,52593,"1",2011,4,11,57.929074,164.554,530.000000000001,97.6666666666667,101
769,111517,"1",2023,4,25,49.579857,192.193,628.576,97.6666666666667,115
770,103848,"1",2022,4,4,54.765427,114.392,727.6,202,94
770,52623,"1",2011,4,8,57.929074,142.074,530.000000000001,202,98
770,25596,"1",2018,4,17,62.9482860000001,130.863,801.000000000001,202,107
771,52649,"1",2011,4,3,57.929074,108.384,528.800000000001,139,93
772,52675,"1",2011,4,7,57.929074,133.104,530.000000000001,133,97
773,25597,"1",2018,4,17,62.9482860000001,130.863,801.000000000001,164.5,107
773,25108,"1",2018,4,12,62.9482860000001,105.257,798.600000000001,164.5,102
774,111518,"1",2023,4,25,49.579857,192.193,628.576,163.5,115
774,52725,"1",2011,4,6,57.929074,121.584,530.000000000001,163.5,96
775,103852,"1",2022,4,4,54.765427,114.392,727.6,227,94
775,52751,"1",2011,4,3,57.929074,108.384,528.800000000001,227,93
775,101314,"1",2021,4,20,51.053388,129.848,601.200000000001,227,110
775,101313,"1",2021,4,7,51.053388,114.893,597.400000000001,227,97
775,25109,"1",2018,4,12,62.9482860000001,105.257,798.600000000001,227,102
776,52777,"1",2011,4,8,57.929074,142.074,530.000000000001,137.666666666667,98
777,52797,"1",2011,4,7,57.929074,133.104,530.000000000001,107,97
778,52828,"1",2011,4,7,57.929074,133.104,530.000000000001,120,97
778,25599,"1",2018,4,17,62.9482860000001,130.863,801.000000000001,120,107
778,101323,"1",2021,4,30,51.053388,163.636,609.300000000001,120,120
778,104000,"1",2022,4,4,54.765427,114.392,727.6,120,94
778,101322,"1",2021,4,26,51.053388,154.887,601.200000000001,120,116
779,101329,"1",2021,4,30,51.053388,163.636,609.300000000001,87.5,120
779,112697,"1",2024,4,10,47.235357,249.559,793.37,87.5,100
779,25600,"1",2018,4,17,62.9482860000001,130.863,801.000000000001,87.5,107
779,104001,"1",2022,4,4,54.765427,114.392,727.6,87.5,94
779,52852,"1",2011,4,7,57.929074,133.104,530.000000000001,87.5,97
779,111115,"1",2023,4,17,49.579857,158.047,614.076,87.5,107
779,111539,"1",2023,4,25,49.579857,192.193,628.576,87.5,115
780,52876,"1",2011,4,7,57.929074,133.104,530.000000000001,108,97
781,52889,"1",2011,4,9,57.929074,149.924,530.000000000001,80,99
782,52927,"1",2011,4,9,57.929074,149.924,530.000000000001,83.5,99
783,112710,"1",2024,4,10,47.235357,249.559,793.37,287.333333333333,100
783,25601,"1",2018,4,17,62.9482860000001,130.863,801.000000000001,287.333333333333,107
784,52976,"1",2011,4,9,57.929074,149.924,530.000000000001,59,99
786,53014,"1",2011,4,8,57.929074,142.074,530.000000000001,144,98
787,111101,"1",2023,4,17,49.579857,158.047,614.076,41,107
787,53037,"1",2011,4,8,57.929074,142.074,530.000000000001,41,98
788,53060,"1",2011,4,11,57.929074,164.554,530.000000000001,41,101
789,25602,"1",2018,4,17,62.9482860000001,130.863,801.000000000001,226,107
789,25113,"1",2018,4,12,62.9482860000001,105.257,798.600000000001,226,102
789,105985,"1",2022,4,11,54.765427,131.39,748.1,226,101
789,53086,"1",2011,4,8,57.929074,142.074,530.000000000001,226,98
790,53110,"1",2011,4,9,57.929074,149.924,530.000000000001,106.5,99
790,105986,"1",2022,4,11,54.765427,131.39,748.1,106.5,101
790,111100,"1",2023,4,17,49.579857,158.047,614.076,106.5,107
791,112715,"1",2024,4,10,47.235357,249.559,793.37,427,100
791,53134,"1",2011,4,5,57.929074,117.124,528.800000000001,427,95
791,25603,"1",2018,4,17,62.9482860000001,130.863,801.000000000001,427,107
791,103856,"1",2022,4,4,54.765427,114.392,727.6,427,94
792,53159,"1",2011,4,6,57.929074,121.584,530.000000000001,93.5,96
792,111102,"1",2023,4,17,49.579857,158.047,614.076,93.5,107
795,105988,"1",2022,4,11,54.765427,131.39,748.1,145,101
795,25115,"1",2018,4,12,62.9482860000001,105.257,798.600000000001,145,102
795,103857,"1",2022,4,4,54.765427,114.392,727.6,145,94
795,101342,"1",2021,4,26,51.053388,154.887,601.200000000001,145,116
795,53207,"1",2011,4,5,57.929074,117.124,528.800000000001,145,95
796,53235,"1",2011,4,11,57.929074,164.554,530.000000000001,39,101
797,53253,"1",2011,4,5,57.929074,117.124,528.800000000001,420,95
798,53280,"1",2011,4,9,57.929074,149.924,530.000000000001,38.5,99
799,53308,"1",2011,4,8,57.929074,142.074,530.000000000001,69.5,98
801,53362,"1",2011,4,7,57.929074,133.104,530.000000000001,180.5,97
801,112716,"1",2024,4,10,47.235357,249.559,793.37,180.5,100
803,111540,"1",2023,4,25,49.579857,192.193,628.576,75.5,115
803,112720,"1",2024,4,10,47.235357,249.559,793.37,75.5,100
803,53408,"1",2011,4,7,57.929074,133.104,530.000000000001,75.5,97
804,53434,"1",2011,4,7,57.929074,133.104,530.000000000001,98.5,97
804,111117,"1",2023,4,17,49.579857,158.047,614.076,98.5,107
806,53484,"1",2011,4,4,57.929074,113.214,528.800000000001,280,94
807,53515,"1",2010,4,16,44.897079,110.692,294.3,56.5,106
807,3190,"1",2015,4,14,63.561215,107.984,636.2,56.5,104
807,3067,"1",2015,4,11,63.561215,96.054,633.4,56.5,101
807,111110,"1",2023,4,17,49.579857,158.047,614.076,56.5,107
807,106153,"1",2022,4,11,54.765427,131.39,748.1,56.5,101
807,101352,"1",2021,4,30,51.053388,163.636,609.300000000001,56.5,120
807,53523,"1",2011,4,9,57.929074,149.924,530.000000000001,56.5,99
808,53555,"1",2011,4,6,57.929074,121.584,530.000000000001,372.5,96
809,53581,"1",2011,4,7,57.929074,133.104,530.000000000001,265,97
810,53610,"1",2011,4,5,57.929074,117.124,528.800000000001,153.5,95
810,106154,"1",2022,4,11,54.765427,131.39,748.1,153.5,101
810,111533,"1",2023,4,25,49.579857,192.193,628.576,153.5,115
810,111111,"1",2023,4,17,49.579857,158.047,614.076,153.5,107
810,101359,"1",2021,4,30,51.053388,163.636,609.300000000001,153.5,120
810,25119,"1",2018,4,12,62.9482860000001,105.257,798.600000000001,153.5,102
811,112631,"1",2024,4,10,47.235357,249.559,793.37,169.5,100
812,53699,"1",2011,3,31,57.929074,86.194,523.500000000001,205.5,91
812,25120,"1",2018,4,12,62.9482860000001,105.257,798.600000000001,205.5,102
815,101365,"1",2021,4,7,51.053388,114.893,597.400000000001,472,97
817,53783,"1",2011,3,31,57.929074,86.194,523.500000000001,295,91
819,53801,"1",2010,4,11,44.897079,97.453,294.3,403,101
819,107524,"1",2022,4,19,54.765427,182.36,748.2,403,109
821,53857,"1",2010,4,11,44.897079,97.453,294.3,132,101
822,53873,"1",2010,4,17,44.897079,113.594,294.3,81,107
823,25772,"1",2018,4,18,62.9482860000001,140.333,801.000000000001,69,108
823,24996,"1",2018,4,11,62.9482860000001,102.943,791.000000000001,69,101
824,53922,"1",2010,4,24,44.897079,144.361,294.4,64,114
825,53940,"1",2010,4,24,44.897079,144.361,294.4,78,114
826,53958,"1",2010,4,11,44.897079,97.453,294.3,165,101
827,23607,"1",2017,4,9,57.27478,204.08,616.7,151,99
827,3628,"1",2015,4,17,63.561215,137.434,636.2,151,107
827,111868,"1",2023,4,27,49.579857,196.247,638.576,151,117
827,53992,"1",2013,4,25,62.3908210000001,97.719,892.100000000001,151,115
827,10794,"1",2016,4,19,45.466249,148.36,799.700000000001,151,109
827,105107,"1",2022,4,7,54.765427,127.68,730.7,151,97
827,23606,"1",2017,4,6,57.27478,186.96,616.7,151,96
827,54002,"1",2010,4,26,44.897079,157.861,296.6,151,116
827,10793,"1",2016,4,16,45.466249,142.074,788.900000000001,151,106
827,4316,"1",2015,4,21,63.561215,154.702,636.2,151,111
828,101369,"1",2021,4,29,51.053388,161.88,601.200000000001,59,119
828,111867,"1",2023,4,27,49.579857,196.247,638.576,59,117
828,54023,"1",2010,4,15,44.897079,108.192,294.3,59,105
829,105108,"1",2022,4,7,54.765427,127.68,730.7,155,97
829,112460,"1",2024,4,8,47.235357,241.998,791.99,155,98
829,2934,"1",2015,4,9,63.561215,86.521,633.4,155,99
829,101373,"1",2021,4,29,51.053388,161.88,601.200000000001,155,119
829,105468,"1",2022,4,8,54.765427,131.39,747.8,155,98
829,54044,"1",2010,4,11,44.897079,97.453,294.3,155,101
830,3977,"1",2015,4,19,63.561215,147.224,636.2,NA,109
830,106371,"1",2022,4,12,54.765427,136.31,748.1,NA,102
830,10820,"1",2016,4,16,45.466249,142.074,788.900000000001,NA,106
830,111869,"1",2023,4,27,49.579857,196.247,638.576,NA,117
830,3631,"1",2015,4,17,63.561215,137.434,636.2,NA,107
830,23629,"1",2017,4,11,57.27478,220.41,616.7,NA,101
830,4319,"1",2015,4,21,63.561215,154.702,636.2,NA,111
830,54072,"1",2010,4,17,44.897079,113.594,294.3,NA,107
830,23628,"1",2017,4,8,57.27478,196.92,616.7,NA,98
831,54108,"1",2010,4,17,44.897079,113.594,294.3,117,107
832,54125,"1",2010,4,17,44.897079,113.594,294.3,102,107
833,106349,"1",2022,4,12,54.765427,136.31,748.1,147,102
833,105457,"1",2022,4,8,54.765427,131.39,747.8,147,98
833,54154,"1",2010,4,26,44.897079,157.861,296.6,147,116
834,54170,"1",2010,4,11,44.897079,97.453,294.3,103,101
835,54190,"1",2010,4,24,44.897079,144.361,294.4,107,114
837,107511,"1",2022,4,19,54.765427,182.36,748.2,192,109
837,26659,"1",2018,4,23,62.9482860000001,209.723,809.300000000001,192,113
837,54223,"1",2013,5,1,62.3908210000001,123.3,898.700000000001,192,121
837,4649,"1",2015,4,23,63.561215,168.022,636.2,192,113
837,105458,"1",2022,4,8,54.765427,131.39,747.8,192,98
837,25776,"1",2018,4,18,62.9482860000001,140.333,801.000000000001,192,108
837,111446,"1",2023,4,19,49.579857,168.967,614.326,192,109
837,54233,"1",2010,4,11,44.897079,97.453,294.3,192,101
837,4991,"1",2015,4,25,63.561215,176.592,636.2,192,115
837,101381,"1",2021,5,6,51.053388,185.168,620.500000000001,192,126
837,10841,"1",2016,4,19,45.466249,148.36,799.700000000001,192,109
837,113184,"1",2024,4,16,47.235357,287.279,794.75,192,106
837,108497,"1",2022,4,22,54.765427,199.26,748.2,192,112
837,3960,"1",2015,4,19,63.561215,147.224,636.2,192,109
837,3613,"1",2015,4,17,63.561215,137.434,636.2,192,107
838,54247,"1",2010,4,26,44.897079,157.861,296.6,72,116
839,10852,"1",2016,4,26,45.466249,172.697,805.700000000001,NA,116
839,3959,"1",2015,4,19,63.561215,147.224,636.2,NA,109
839,54262,"1",2013,5,1,62.3908210000001,123.3,898.700000000001,NA,121
839,3612,"1",2015,4,17,63.561215,137.434,636.2,NA,107
839,54271,"1",2010,4,28,44.897079,174.111,297.6,NA,118
839,4990,"1",2015,4,25,63.561215,176.592,636.2,NA,115
839,5332,"1",2015,4,27,63.561215,186.037,642.3,NA,117
839,10854,"1",2016,5,4,45.466249,203.555,808.800000000001,NA,124
839,10853,"1",2016,5,0,45.466249,0,0,NA,120
840,54282,"1",2010,4,15,44.897079,108.192,294.3,100,105
841,54302,"1",2010,4,24,44.897079,144.361,294.4,155,114
842,101385,"1",2021,4,22,51.053388,140.808,601.200000000001,204.2,112
842,110815,"1",2023,4,14,49.579857,146.479,605.326,204.2,104
842,3257,"1",2015,4,13,63.561215,104.274,636.1,204.2,103
843,54353,"1",2010,4,22,44.897079,135.631,294.4,137,112
843,101392,"1",2021,4,28,51.053388,158.85,601.200000000001,137,118
843,3258,"1",2015,4,13,63.561215,104.274,636.1,137,103
843,10868,"1",2016,4,17,45.466249,142.074,799.400000000001,137,107
843,3738,"1",2015,4,18,63.561215,143.314,636.2,137,108
844,3421,"1",2015,4,15,63.561215,115.974,636.2,251.333333333333,105
844,110816,"1",2023,4,14,49.579857,146.479,605.326,251.333333333333,104
844,103021,"1",2021,4,22,51.053388,140.808,601.200000000001,251.333333333333,112
846,54412,"1",2010,4,22,44.897079,135.631,294.4,116,112
847,54426,"1",2010,4,22,44.897079,135.631,294.4,111,112
851,54486,"1",2010,4,19,44.897079,123.15,294.3,48,109
852,54504,"1",2010,4,24,44.897079,144.361,294.4,115,114
854,54538,"1",2010,4,19,44.897079,123.15,294.3,102,109
854,110873,"1",2023,4,14,49.579857,146.479,605.326,102,104
856,110874,"1",2023,4,14,49.579857,146.479,605.326,143.333333333333,104
856,106390,"1",2022,4,12,54.765427,136.31,748.1,143.333333333333,102
856,3266,"1",2015,4,13,63.561215,104.274,636.1,143.333333333333,103
857,25881,"1",2018,4,18,62.9482860000001,140.333,801.000000000001,170.333333333333,108
857,3466,"1",2015,4,16,63.561215,130.194,636.2,170.333333333333,106
858,54615,"1",2010,4,22,44.897079,135.631,294.4,251.4,112
858,106388,"1",2022,4,12,54.765427,136.31,748.1,251.4,102
859,54633,"1",2010,4,26,44.897079,157.861,296.6,113,116
861,54657,"1",2010,4,19,44.897079,123.15,294.3,74.5,109
869,101410,"1",2021,4,27,51.053388,156.102,601.200000000001,76,117
869,54775,"1",2011,4,4,57.929074,113.214,528.800000000001,76,94
869,54786,"1",2013,4,27,62.3908210000001,109.81,896.800000000001,76,117
869,106260,"1",2022,4,11,54.765427,131.39,748.1,76,101
870,10926,"1",2016,4,18,45.466249,143.7,799.700000000001,42.5,108
870,54826,"1",2013,4,27,62.3908210000001,109.81,896.800000000001,42.5,117
870,17926,"1",2017,4,7,57.27478,191.59,616.7,42.5,97
870,101415,"1",2021,4,27,51.053388,156.102,601.200000000001,42.5,117
870,10925,"1",2016,4,17,45.466249,142.074,799.400000000001,42.5,107
871,54852,"1",2013,4,27,62.3908210000001,109.81,896.800000000001,57,117
872,101421,"1",2021,4,21,51.053388,134.878,601.200000000001,168.5,111
872,2958,"1",2015,4,10,63.561215,88.394,633.4,168.5,100
872,105195,"1",2022,4,7,54.765427,127.68,730.7,168.5,97
872,54875,"1",2011,4,2,57.929074,99.514,528.800000000001,168.5,92
872,3404,"1",2015,4,15,63.561215,115.974,636.2,168.5,105
873,54911,"1",2011,4,8,57.929074,142.074,530.000000000001,57,98
874,54930,"1",2011,4,8,57.929074,142.074,530.000000000001,50,98
874,54940,"1",2013,4,27,62.3908210000001,109.81,896.800000000001,50,117
875,54966,"1",2013,5,1,62.3908210000001,123.3,898.700000000001,83,121
876,54981,"1",2011,4,10,57.929074,159.074,530.000000000001,99,100
877,54996,"1",2011,4,2,57.929074,99.514,528.800000000001,83.5,92
877,55004,"1",2013,4,21,62.3908210000001,71.269,892.100000000001,83.5,111
878,55020,"1",2011,4,2,57.929074,99.514,528.800000000001,140,92
879,55046,"1",2013,4,29,62.3908210000001,113.9,898.600000000001,53,119
880,55057,"1",2010,4,22,44.897079,135.631,294.4,104.666666666667,112
880,106263,"1",2022,4,11,54.765427,131.39,748.1,104.666666666667,101
880,10945,"1",2016,4,16,45.466249,142.074,788.900000000001,104.666666666667,106
882,55112,"1",2011,4,4,57.929074,113.214,528.800000000001,150.333333333333,94
882,112793,"1",2024,4,10,47.235357,249.559,793.37,150.333333333333,100
882,106247,"1",2022,4,11,54.765427,131.39,748.1,150.333333333333,101
882,25340,"1",2018,4,16,62.9482860000001,124.453,799.000000000001,150.333333333333,106
884,55166,"1",2011,4,10,57.929074,159.074,530.000000000001,45,100
886,55212,"1",2013,4,29,62.3908210000001,113.9,898.600000000001,83,119
886,55203,"1",2011,4,16,57.929074,188.589,530.100000000001,83,106
887,55224,"1",2011,4,8,57.929074,142.074,530.000000000001,64.5,98
887,106253,"1",2022,4,11,54.765427,131.39,748.1,64.5,101
887,25341,"1",2018,4,16,62.9482860000001,124.453,799.000000000001,64.5,106
887,101427,"1",2021,4,27,51.053388,156.102,601.200000000001,64.5,117
889,55283,"1",2011,3,30,57.929074,81.534,522.800000000001,429,90
889,55274,"1",2010,4,19,44.897079,123.15,294.3,429,109
889,25342,"1",2018,4,16,62.9482860000001,124.453,799.000000000001,429,106
890,10965,"1",2016,4,14,45.466249,130.724,786.000000000001,138,104
890,25343,"1",2018,4,16,62.9482860000001,124.453,799.000000000001,138,106
891,111966,"1",2023,4,28,49.579857,201.237,638.576,70.3333333333333,118
891,55383,"1",2010,4,28,44.897079,174.111,297.6,70.3333333333333,118
891,10975,"1",2016,4,14,45.466249,130.724,786.000000000001,70.3333333333333,104
891,55404,"1",2013,4,27,62.3908210000001,109.81,896.800000000001,70.3333333333333,117
891,101440,"1",2021,4,27,51.053388,156.102,601.200000000001,70.3333333333333,117
891,18018,"1",2017,4,11,57.27478,220.41,616.7,70.3333333333333,101
891,101441,"1",2021,5,3,51.053388,172.128,609.600000000001,70.3333333333333,123
891,18017,"1",2017,4,5,57.27478,182.5,616.7,70.3333333333333,95
891,3394,"1",2015,4,15,63.561215,115.974,636.2,70.3333333333333,105
891,4397,"1",2015,4,22,63.561215,161.262,636.2,70.3333333333333,112
893,55483,"1",2011,4,10,57.929074,159.074,530.000000000001,60,100
893,55493,"1",2013,4,29,62.3908210000001,113.9,898.600000000001,60,119
894,105187,"1",2022,4,7,54.765427,127.68,730.7,195.5,97
894,102830,"1",2021,4,27,51.053388,156.102,601.200000000001,195.5,117
894,111263,"1",2023,4,18,49.579857,164.477,614.326,195.5,108
894,106235,"1",2022,4,11,54.765427,131.39,748.1,195.5,101
895,55594,"1",2010,4,22,44.897079,135.631,294.4,94.5,112
895,10985,"1",2016,4,14,45.466249,130.724,786.000000000001,94.5,104
895,25460,"1",2018,4,16,62.9482860000001,124.453,799.000000000001,94.5,106
896,25345,"1",2018,4,16,62.9482860000001,124.453,799.000000000001,228.5,106
896,55632,"1",2011,4,4,57.929074,113.214,528.800000000001,228.5,94
897,102921,"1",2021,5,3,51.053388,172.128,609.600000000001,77.5,123
897,11003,"1",2016,4,18,45.466249,143.7,799.700000000001,77.5,108
897,23362,"1",2017,4,7,57.27478,191.59,616.7,77.5,97
897,11002,"1",2016,4,14,45.466249,130.724,786.000000000001,77.5,104
897,111967,"1",2023,4,28,49.579857,201.237,638.576,77.5,118
897,55659,"1",2010,4,18,44.897079,116.5,294.3,77.5,108
897,3723,"1",2015,4,18,63.561215,143.314,636.2,77.5,108
898,11012,"1",2016,4,14,45.466249,130.724,786.000000000001,169,104
898,25346,"1",2018,4,16,62.9482860000001,124.453,799.000000000001,169,106
898,55695,"1",2010,4,21,44.897079,133.58,294.4,169,111
899,55733,"1",2011,4,10,57.929074,159.074,530.000000000001,24.5,100
899,106213,"1",2022,4,11,54.765427,131.39,748.1,24.5,101
900,55759,"1",2010,4,11,44.897079,97.453,294.3,NA,101
900,3365,"1",2015,4,14,63.561215,107.984,636.2,NA,104
900,111850,"1",2023,4,27,49.579857,196.247,638.576,NA,117
900,3632,"1",2015,4,17,63.561215,137.434,636.2,NA,107
900,4667,"1",2015,4,23,63.561215,168.022,636.2,NA,113
900,111449,"1",2023,4,19,49.579857,168.967,614.326,NA,109
900,11022,"1",2016,4,16,45.466249,142.074,788.900000000001,NA,106
900,55749,"1",2013,4,23,62.3908210000001,80.609,892.100000000001,NA,113
900,107523,"1",2022,4,19,54.765427,182.36,748.2,NA,109
900,18083,"1",2017,4,9,57.27478,204.08,616.7,NA,99
900,18082,"1",2017,4,6,57.27478,186.96,616.7,NA,96
900,5694,"1",2015,4,29,63.561215,192.427,642.3,NA,119
901,55882,"1",2010,4,13,44.897079,102.173,294.3,110,103
902,55899,"1",2010,4,15,44.897079,108.192,294.3,161,105
903,55932,"1",2010,4,14,44.897079,106.443,294.3,138,104
904,55950,"1",2010,4,15,44.897079,108.192,294.3,100,105
908,56093,"1",2011,3,31,57.929074,86.194,523.500000000001,400,91
909,25121,"1",2018,4,12,62.9482860000001,105.257,798.600000000001,130,102
909,101460,"1",2021,4,20,51.053388,129.848,601.200000000001,130,110
909,25608,"1",2018,4,17,62.9482860000001,130.863,801.000000000001,130,107
910,106049,"1",2022,4,11,54.765427,131.39,748.1,110.5,101
910,56162,"1",2011,4,9,57.929074,149.924,530.000000000001,110.5,99
910,107758,"1",2022,4,20,54.765427,187.41,748.2,110.5,110
911,25609,"1",2018,4,17,62.9482860000001,130.863,801.000000000001,167.5,107
912,106052,"1",2022,4,11,54.765427,131.39,748.1,197.5,101
912,11057,"1",2016,4,23,45.466249,167.48,799.700000000001,197.5,113
912,26276,"1",2018,4,21,62.9482860000001,183.673,801.000000000001,197.5,111
912,101475,"1",2021,4,30,51.053388,163.636,609.300000000001,197.5,120
912,11058,"1",2016,4,27,45.466249,173.713,806.100000000001,197.5,117
912,25610,"1",2018,4,17,62.9482860000001,130.863,801.000000000001,197.5,107
913,25611,"1",2018,4,17,62.9482860000001,130.863,801.000000000001,209,107
913,101480,"1",2021,4,20,51.053388,129.848,601.200000000001,209,110
914,56275,"1",2011,3,27,57.929074,76.909,521.500000000001,175,87
916,56318,"1",2011,4,7,57.929074,133.104,530.000000000001,109,97
920,112600,"1",2024,4,10,47.235357,249.559,793.37,207,100
922,112599,"1",2024,4,10,47.235357,249.559,793.37,131,100
922,101486,"1",2021,4,14,51.053388,121.711,601.200000000001,131,104
922,25125,"1",2018,4,12,62.9482860000001,105.257,798.600000000001,131,102
923,56467,"1",2011,4,7,57.929074,133.104,530.000000000001,91,97
924,56492,"1",2011,4,7,57.929074,133.104,530.000000000001,94.5,97
925,56521,"1",2011,4,7,57.929074,133.104,530.000000000001,115,97
925,11081,"1",2016,4,14,45.466249,130.724,786.000000000001,115,104
925,25613,"1",2018,4,17,62.9482860000001,130.863,801.000000000001,115,107
925,103885,"1",2022,4,4,54.765427,114.392,727.6,115,94
925,3158,"1",2015,4,14,63.561215,107.984,636.2,115,104
925,111031,"1",2023,4,17,49.579857,158.047,614.076,115,107
925,56513,"1",2010,4,17,44.897079,113.594,294.3,115,107
926,56541,"1",2011,4,6,57.929074,121.584,530.000000000001,74,96
927,56562,"1",2011,4,10,57.929074,159.074,530.000000000001,77.5,100
927,56571,"1",2013,4,27,62.3908210000001,109.81,896.800000000001,77.5,117
928,101500,"1",2021,4,21,51.053388,134.878,601.200000000001,182.5,111
928,56588,"1",2011,4,4,57.929074,113.214,528.800000000001,182.5,94
928,25347,"1",2018,4,16,62.9482860000001,124.453,799.000000000001,182.5,106
929,56609,"1",2011,4,10,57.929074,159.074,530.000000000001,NA,100
930,56628,"1",2011,4,4,57.929074,113.214,528.800000000001,98,94
931,56663,"1",2013,4,27,62.3908210000001,109.81,896.800000000001,88.5,117
932,56689,"1",2013,4,27,62.3908210000001,109.81,896.800000000001,81,117
933,106276,"1",2022,4,11,54.765427,131.39,748.1,221.5,101
933,18261,"1",2017,4,5,57.27478,182.5,616.7,221.5,95
933,111273,"1",2023,4,18,49.579857,164.477,614.326,221.5,108
933,56698,"1",2010,4,22,44.897079,135.631,294.4,221.5,112
933,11098,"1",2016,4,14,45.466249,130.724,786.000000000001,221.5,104
933,111969,"1",2023,4,28,49.579857,201.237,638.576,221.5,118
933,18262,"1",2017,4,9,57.27478,204.08,616.7,221.5,99
933,56707,"1",2011,4,9,57.929074,149.924,530.000000000001,221.5,99
934,56733,"1",2011,4,8,57.929074,142.074,530.000000000001,108.5,98
935,56772,"1",2011,4,8,57.929074,142.074,530.000000000001,233.5,98
935,106274,"1",2022,4,11,54.765427,131.39,748.1,233.5,101
936,56822,"1",2013,4,27,62.3908210000001,109.81,896.800000000001,60.5,117
936,56813,"1",2011,4,10,57.929074,159.074,530.000000000001,60.5,100
937,101508,"1",2021,4,27,51.053388,156.102,601.200000000001,88,117
937,101509,"1",2021,5,3,51.053388,172.128,609.600000000001,88,123
937,18285,"1",2017,4,9,57.27478,204.08,616.7,88,99
937,18284,"1",2017,4,5,57.27478,182.5,616.7,88,95
937,106268,"1",2022,4,11,54.765427,131.39,748.1,88,101
937,4069,"1",2015,4,19,63.561215,147.224,636.2,88,109
937,4414,"1",2015,4,22,63.561215,161.262,636.2,88,112
938,56891,"1",2013,5,1,62.3908210000001,123.3,898.700000000001,103,121
938,56882,"1",2011,4,10,57.929074,159.074,530.000000000001,103,100
940,56934,"1",2011,4,10,57.929074,159.074,530.000000000001,46,100
941,56972,"1",2013,5,1,62.3908210000001,123.3,898.700000000001,54,121
941,25351,"1",2018,4,16,62.9482860000001,124.453,799.000000000001,54,106
941,106266,"1",2022,4,11,54.765427,131.39,748.1,54,101
942,57000,"1",2010,4,21,44.897079,133.58,294.4,92.5,111
942,57005,"1",2011,3,30,57.929074,81.534,522.800000000001,92.5,90
943,57037,"1",2011,4,6,57.929074,121.584,530.000000000001,106,96
944,66811,"1",2013,4,27,62.3908210000001,109.81,896.800000000001,263.25,117
944,66801,"1",2011,4,3,57.929074,108.384,528.800000000001,263.25,93
947,57121,"1",2011,4,12,57.929074,173.014,530.000000000001,39.5,102
947,57130,"1",2013,4,29,62.3908210000001,113.9,898.600000000001,39.5,119
948,103918,"1",2022,4,4,54.765427,114.392,727.6,96,94
948,57151,"1",2013,4,29,62.3908210000001,113.9,898.600000000001,96,119
948,105061,"1",2022,4,7,54.765427,127.68,730.7,96,97
949,57188,"1",2013,4,29,62.3908210000001,113.9,898.600000000001,24,119
949,11135,"1",2016,4,26,45.466249,172.697,805.700000000001,24,116
949,11137,"1",2016,5,4,45.466249,203.555,808.800000000001,24,124
949,11138,"1",2016,5,8,45.466249,245.625,808.800000000001,24,128
949,7592,"1",2015,5,13,63.561215,284.347,667,24,133
949,57172,"1",2011,4,13,57.929074,176.584,530.000000000001,24,103
949,11139,"1",2016,5,10,45.466249,275.205,808.800000000001,24,130
949,11136,"1",2016,4,29,45.466249,177.695,806.200000000001,24,119
950,57271,"1",2011,3,30,57.929074,81.534,522.800000000001,187,90
952,57318,"1",2013,4,27,62.3908210000001,109.81,896.800000000001,158.5,117
956,106225,"1",2022,4,11,54.765427,131.39,748.1,366.5,101
957,57429,"1",2011,4,9,57.929074,149.924,530.000000000001,208.8,99
958,57461,"1",2011,4,3,57.929074,108.384,528.800000000001,330.666666666667,93
959,110925,"1",2023,4,14,49.579857,146.479,605.326,336,104
959,57480,"1",2010,4,16,44.897079,110.692,294.3,336,106
959,112326,"1",2024,4,5,47.235357,216.188,787.482,336,95
960,101518,"1",2021,4,12,51.053388,121.536,597.600000000001,211,102
960,57509,"1",2010,4,19,44.897079,123.15,294.3,211,109
961,57533,"1",2010,4,22,44.897079,135.631,294.4,215.75,112
962,3254,"1",2015,4,13,63.561215,104.274,636.1,216,103
962,110872,"1",2023,4,14,49.579857,146.479,605.326,216,104
962,106376,"1",2022,4,12,54.765427,136.31,748.1,216,102
962,112312,"1",2024,4,5,47.235357,216.188,787.482,216,95
964,111934,"1",2023,4,28,49.579857,201.237,638.576,313,118
964,105476,"1",2022,4,8,54.765427,131.39,747.8,313,98
964,57586,"1",2010,4,22,44.897079,135.631,294.4,313,112
965,110817,"1",2023,4,14,49.579857,146.479,605.326,184.5,104
967,110926,"1",2023,4,14,49.579857,146.479,605.326,120.666666666667,104
969,57663,"1",2010,4,22,44.897079,135.631,294.4,96,112
969,110820,"1",2023,4,14,49.579857,146.479,605.326,96,104
970,18412,"1",2017,4,6,57.27478,186.96,616.7,254.333333333333,96
970,3756,"1",2015,4,18,63.561215,143.314,636.2,254.333333333333,108
970,57679,"1",2013,4,28,62.3908210000001,110.61,896.900000000001,254.333333333333,118
970,11161,"1",2016,4,17,45.466249,142.074,799.400000000001,254.333333333333,107
970,11164,"1",2016,4,24,45.466249,168.299,805.500000000001,254.333333333333,114
971,57706,"1",2010,4,23,44.897079,139.011,294.4,69,113
972,57721,"1",2010,4,25,44.897079,151.551,294.4,94,115
973,101536,"1",2021,4,28,51.053388,158.85,601.200000000001,232.5,118
973,106392,"1",2022,4,12,54.765427,136.31,748.1,232.5,102
973,3434,"1",2015,4,15,63.561215,115.974,636.2,232.5,105
973,104196,"1",2022,4,5,54.765427,115.81,729.9,232.5,95
973,112352,"1",2024,4,5,47.235357,216.188,787.482,232.5,95
973,110876,"1",2023,4,14,49.579857,146.479,605.326,232.5,104
974,112353,"1",2024,4,5,47.235357,216.188,787.482,187,95
974,104197,"1",2022,4,5,54.765427,115.81,729.9,187,95
974,102902,"1",2021,4,28,51.053388,158.85,601.200000000001,187,118
974,110875,"1",2023,4,14,49.579857,146.479,605.326,187,104
976,57808,"1",2010,4,22,44.897079,135.631,294.4,78,112
979,57853,"1",2010,4,19,44.897079,123.15,294.3,126.5,109
980,57871,"1",2010,4,22,44.897079,135.631,294.4,214,112
983,106391,"1",2022,4,12,54.765427,136.31,748.1,100,102
983,18456,"1",2017,4,8,57.27478,196.92,616.7,100,98
983,57921,"1",2013,4,28,62.3908210000001,110.61,896.900000000001,100,118
983,101542,"1",2021,4,28,51.053388,158.85,601.200000000001,100,118
983,11191,"1",2016,4,17,45.466249,142.074,799.400000000001,100,107
983,25792,"1",2018,4,18,62.9482860000001,140.333,801.000000000001,100,108
984,11202,"1",2016,4,19,45.466249,148.36,799.700000000001,63,109
984,18478,"1",2017,4,6,57.27478,186.96,616.7,63,96
984,11201,"1",2016,4,16,45.466249,142.074,788.900000000001,63,106
984,101546,"1",2021,4,29,51.053388,161.88,601.200000000001,63,119
984,104149,"1",2022,4,5,54.765427,115.81,729.9,63,95
985,58264,"1",2010,4,30,44.897079,193.441,297.6,144,120
986,58277,"1",2010,4,23,44.897079,139.011,294.4,97,113
987,11210,"1",2016,4,28,45.466249,175.332,806.100000000001,90,118
987,58295,"1",2013,4,23,62.3908210000001,80.609,892.100000000001,90,113
988,11216,"1",2016,4,28,45.466249,175.332,806.100000000001,191,118
988,58317,"1",2010,4,19,44.897079,123.15,294.3,191,109
991,105188,"1",2022,4,7,54.765427,127.68,730.7,215,97
991,102928,"1",2021,4,21,51.053388,134.878,601.200000000001,215,111
991,58388,"1",2011,4,4,57.929074,113.214,528.800000000001,215,94
992,109928,"1",2022,4,28,54.765427,229.35,748.6,51,118
992,58427,"1",2013,4,29,62.3908210000001,113.9,898.600000000001,51,119
992,113042,"1",2024,4,12,47.235357,262.149,794.75,51,102
994,58474,"1",2013,5,1,62.3908210000001,123.3,898.700000000001,91,121
994,58466,"1",2011,4,2,57.929074,99.514,528.800000000001,91,92
995,58490,"1",2011,4,10,57.929074,159.074,530.000000000001,107,100
995,25354,"1",2018,4,16,62.9482860000001,124.453,799.000000000001,107,106
995,105197,"1",2022,4,7,54.765427,127.68,730.7,107,97
996,11232,"1",2016,4,16,45.466249,142.074,788.900000000001,66.75,106
996,11233,"1",2016,4,18,45.466249,143.7,799.700000000001,66.75,108
996,111968,"1",2023,4,28,49.579857,201.237,638.576,66.75,118
996,112949,"1",2024,4,12,47.235357,262.149,794.75,66.75,102
996,58545,"1",2013,4,27,62.3908210000001,109.81,896.800000000001,66.75,117
996,58529,"1",2011,4,10,57.929074,159.074,530.000000000001,66.75,100
996,101557,"1",2021,5,3,51.053388,172.128,609.600000000001,66.75,123
996,106270,"1",2022,4,11,54.765427,131.39,748.1,66.75,101
996,105198,"1",2022,4,7,54.765427,127.68,730.7,66.75,97
997,112950,"1",2024,4,12,47.235357,262.149,794.75,66,102
998,25356,"1",2018,4,16,62.9482860000001,124.453,799.000000000001,89.3333333333333,106
998,106271,"1",2022,4,11,54.765427,131.39,748.1,89.3333333333333,101
998,111270,"1",2023,4,18,49.579857,164.477,614.326,89.3333333333333,108
1000,111271,"1",2023,4,18,49.579857,164.477,614.326,101.5,108
1000,25357,"1",2018,4,16,62.9482860000001,124.453,799.000000000001,101.5,106
1000,58645,"1",2013,4,27,62.3908210000001,109.81,896.800000000001,101.5,117
1000,58636,"1",2011,4,8,57.929074,142.074,530.000000000001,101.5,98
1002,58708,"1",2013,4,27,62.3908210000001,109.81,896.800000000001,77.75,117
1003,106272,"1",2022,4,11,54.765427,131.39,748.1,147.75,101
1003,111272,"1",2023,4,18,49.579857,164.477,614.326,147.75,108
1003,105199,"1",2022,4,7,54.765427,127.68,730.7,147.75,97
1003,3408,"1",2015,4,15,63.561215,115.974,636.2,147.75,105
1008,112742,"1",2024,4,10,47.235357,249.559,793.37,107.666666666667,100
1008,111259,"1",2023,4,18,49.579857,164.477,614.326,107.666666666667,108
1008,25359,"1",2018,4,16,62.9482860000001,124.453,799.000000000001,107.666666666667,106
1011,58902,"1",2011,4,2,57.929074,99.514,528.800000000001,170,92
1012,58929,"1",2011,4,8,57.929074,142.074,530.000000000001,65,98
1013,25360,"1",2018,4,16,62.9482860000001,124.453,799.000000000001,100.5,106
1013,58951,"1",2011,4,4,57.929074,113.214,528.800000000001,100.5,94
1014,25361,"1",2018,4,16,62.9482860000001,124.453,799.000000000001,60.5,106
1014,101576,"1",2021,4,21,51.053388,134.878,601.200000000001,60.5,111
1016,101581,"1",2021,4,21,51.053388,134.878,601.200000000001,60,111
1016,106256,"1",2022,4,11,54.765427,131.39,748.1,60,101
1016,59024,"1",2010,4,18,44.897079,116.5,294.3,60,108
1016,25362,"1",2018,4,16,62.9482860000001,124.453,799.000000000001,60,106
1017,25363,"1",2018,4,16,62.9482860000001,124.453,799.000000000001,146.5,106
1017,112802,"1",2024,4,11,47.235357,253.959,793.37,146.5,101
1017,106257,"1",2022,4,11,54.765427,131.39,748.1,146.5,101
1017,101587,"1",2021,4,21,51.053388,134.878,601.200000000001,146.5,111
1017,59063,"1",2011,4,2,57.929074,99.514,528.800000000001,146.5,92
1018,3730,"1",2015,4,18,63.561215,143.314,636.2,43.3333333333333,108
1018,106273,"1",2022,4,11,54.765427,131.39,748.1,43.3333333333333,101
1018,11273,"1",2016,4,18,45.466249,143.7,799.700000000001,43.3333333333333,108
1018,105200,"1",2022,4,7,54.765427,127.68,730.7,43.3333333333333,97
1018,18592,"1",2017,4,19,57.27478,256.752,618.4,43.3333333333333,109
1018,104062,"1",2022,4,4,54.765427,114.392,727.6,43.3333333333333,94
1018,11275,"1",2016,4,27,45.466249,173.713,806.100000000001,43.3333333333333,117
1018,18591,"1",2017,4,14,57.27478,235.59,616.7,43.3333333333333,104
1018,4073,"1",2015,4,19,63.561215,147.224,636.2,43.3333333333333,109
1018,59091,"1",2011,4,12,57.929074,173.014,530.000000000001,43.3333333333333,102
1019,59118,"1",2011,4,10,57.929074,159.074,530.000000000001,133,100
1020,59155,"1",2011,4,10,57.929074,159.074,530.000000000001,110,100
1020,11282,"1",2016,4,16,45.466249,142.074,788.900000000001,110,106
1021,59185,"1",2011,4,8,57.929074,142.074,530.000000000001,303.666666666667,98
1022,59210,"1",2011,4,8,57.929074,142.074,530.000000000001,296.333333333333,98
1023,59234,"1",2011,4,8,57.929074,142.074,530.000000000001,86,98
1023,59242,"1",2013,4,29,62.3908210000001,113.9,898.600000000001,86,119
1024,59265,"1",2013,4,27,62.3908210000001,109.81,896.800000000001,415,117
1041,59567,"1",2010,4,17,44.897079,113.594,294.3,61,107
1042,59585,"1",2010,4,14,44.897079,106.443,294.3,70,104
1043,59599,"1",2010,4,27,44.897079,163.931,297.6,43,117
1046,59656,"1",2010,4,13,44.897079,102.173,294.3,199,103
1047,59674,"1",2010,4,11,44.897079,97.453,294.3,123,101
1048,59693,"1",2010,4,24,44.897079,144.361,294.4,74,114
1049,59745,"1",2010,4,16,44.897079,110.692,294.3,65,106
1050,59762,"1",2010,4,11,44.897079,97.453,294.3,188,101
1051,59817,"1",2010,4,18,44.897079,116.5,294.3,50,108
1052,59835,"1",2010,4,18,44.897079,116.5,294.3,26,108
1053,59850,"1",2010,4,11,44.897079,97.453,294.3,84,101
1054,59872,"1",2010,4,9,44.897079,82.653,294.3,244,99
1054,101614,"1",2021,5,6,51.053388,185.168,620.500000000001,244,126
1056,59904,"1",2010,4,9,44.897079,82.653,294.3,239.5,99
1057,59922,"1",2010,4,18,44.897079,116.5,294.3,114,108
1058,101617,"1",2021,4,8,51.053388,114.893,597.400000000001,166,98
1058,59954,"1",2011,4,2,57.929074,99.514,528.800000000001,166,92
1059,59977,"1",2011,4,10,57.929074,159.074,530.000000000001,87,100
1059,59984,"1",2013,4,29,62.3908210000001,113.9,898.600000000001,87,119
1060,60007,"1",2013,4,27,62.3908210000001,109.81,896.800000000001,165,117
1060,59996,"1",2011,4,6,57.929074,121.584,530.000000000001,165,96
1061,111258,"1",2023,4,18,49.579857,164.477,614.326,155,108
1061,106122,"1",2022,4,11,54.765427,131.39,748.1,155,101
1061,105088,"1",2022,4,7,54.765427,127.68,730.7,155,97
1061,60022,"1",2011,4,8,57.929074,142.074,530.000000000001,155,98
1061,101625,"1",2021,4,8,51.053388,114.893,597.400000000001,155,98
1062,60044,"1",2011,4,8,57.929074,142.074,530.000000000001,109.5,98
1065,60120,"1",2011,4,9,57.929074,149.924,530.000000000001,380,99
1066,60126,"1",2011,4,10,57.929074,159.074,530.000000000001,167.5,100
1067,3386,"1",2015,4,15,63.561215,115.974,636.2,163,105
1067,3251,"1",2015,4,13,63.561215,104.274,636.1,163,103
1067,101631,"1",2021,4,27,51.053388,156.102,601.200000000001,163,117
1067,60162,"1",2010,4,16,44.897079,110.692,294.3,163,106
1067,60168,"1",2011,4,10,57.929074,159.074,530.000000000001,163,100
1070,112771,"1",2024,4,10,47.235357,249.559,793.37,301.75,100
1070,60238,"1",2011,4,3,57.929074,108.384,528.800000000001,301.75,93
1070,105168,"1",2022,4,7,54.765427,127.68,730.7,301.75,97
1071,60260,"1",2011,4,4,57.929074,113.214,528.800000000001,361.5,94
1072,60297,"1",2013,4,29,62.3908210000001,113.9,898.600000000001,225.5,119
1073,111262,"1",2023,4,18,49.579857,164.477,614.326,236.5,108
1073,60324,"1",2013,4,27,62.3908210000001,109.81,896.800000000001,236.5,117
1073,112776,"1",2024,4,10,47.235357,249.559,793.37,236.5,100
1074,60342,"1",2011,3,30,57.929074,81.534,522.800000000001,478.4,90
1074,105169,"1",2022,4,7,54.765427,127.68,730.7,478.4,97
1076,60385,"1",2011,4,10,57.929074,159.074,530.000000000001,66,100
1076,60394,"1",2013,4,29,62.3908210000001,113.9,898.600000000001,66,119
1078,60470,"1",2011,4,10,57.929074,159.074,530.000000000001,100,100
1080,60521,"1",2013,4,27,62.3908210000001,109.81,896.800000000001,145.5,117
1080,60513,"1",2011,4,10,57.929074,159.074,530.000000000001,145.5,100
1082,60569,"1",2011,4,10,57.929074,159.074,530.000000000001,157,100
1082,60577,"1",2013,4,27,62.3908210000001,109.81,896.800000000001,157,117
1083,60603,"1",2011,4,8,57.929074,142.074,530.000000000001,121,98
1083,106117,"1",2022,4,11,54.765427,131.39,748.1,121,101
1083,26003,"1",2018,4,20,62.9482860000001,169.563,801.000000000001,121,110
1083,11329,"1",2016,4,17,45.466249,142.074,799.400000000001,121,107
1083,105085,"1",2022,4,7,54.765427,127.68,730.7,121,97
1083,60596,"1",2010,4,21,44.897079,133.58,294.4,121,111
1083,101646,"1",2021,5,3,51.053388,172.128,609.600000000001,121,123
1083,11332,"1",2016,4,25,45.466249,168.847,805.700000000001,121,115
1083,111256,"1",2023,4,18,49.579857,164.477,614.326,121,108
1083,11333,"1",2016,4,28,45.466249,175.332,806.100000000001,121,118
1084,60638,"1",2011,4,8,57.929074,142.074,530.000000000001,105,98
1085,60660,"1",2011,4,6,57.929074,121.584,530.000000000001,174.5,96
1086,60684,"1",2011,4,4,57.929074,113.214,528.800000000001,163.75,94
1087,60709,"1",2011,4,4,57.929074,113.214,528.800000000001,349,94
1088,60737,"1",2011,4,4,57.929074,113.214,528.800000000001,NA,94
1089,60764,"1",2013,4,29,62.3908210000001,113.9,898.600000000001,56,119
1090,60773,"1",2011,4,8,57.929074,142.074,530.000000000001,60,98
1092,60817,"1",2011,4,8,57.929074,142.074,530.000000000001,245,98
1093,25004,"1",2018,4,11,62.9482860000001,102.943,791.000000000001,96.5,101
1093,111447,"1",2023,4,19,49.579857,168.967,614.326,96.5,109
1093,106356,"1",2022,4,12,54.765427,136.31,748.1,96.5,102
1093,60842,"1",2010,4,15,44.897079,108.192,294.3,96.5,105
1093,5683,"1",2015,4,29,63.561215,192.427,642.3,96.5,119
1093,105095,"1",2022,4,7,54.765427,127.68,730.7,96.5,97
1094,104159,"1",2022,4,5,54.765427,115.81,729.9,178,95
1094,60879,"1",2010,4,15,44.897079,108.192,294.3,178,105
1096,107519,"1",2022,4,19,54.765427,182.36,748.2,NA,109
1096,11354,"1",2016,4,16,45.466249,142.074,788.900000000001,NA,106
1096,3623,"1",2015,4,17,63.561215,137.434,636.2,NA,107
1096,60915,"1",2013,4,27,62.3908210000001,109.81,896.800000000001,NA,117
1096,3968,"1",2015,4,19,63.561215,147.224,636.2,NA,109
1096,101654,"1",2021,4,29,51.053388,161.88,601.200000000001,NA,119
1096,104161,"1",2022,4,5,54.765427,115.81,729.9,NA,95
1096,111393,"1",2023,4,19,49.579857,168.967,614.326,NA,109
1096,18760,"1",2017,4,6,57.27478,186.96,616.7,NA,96
1097,60977,"1",2010,4,17,44.897079,113.594,294.3,195.5,107
1097,106355,"1",2022,4,12,54.765427,136.31,748.1,195.5,102
1097,104160,"1",2022,4,5,54.765427,115.81,729.9,195.5,95
1098,60997,"1",2010,4,17,44.897079,113.594,294.3,133,107
1099,106351,"1",2022,4,12,54.765427,136.31,748.1,128,102
1099,105460,"1",2022,4,8,54.765427,131.39,747.8,128,98
1099,25007,"1",2018,4,11,62.9482860000001,102.943,791.000000000001,128,101
1100,3356,"1",2015,4,14,63.561215,107.984,636.2,138,104
1100,2928,"1",2015,4,9,63.561215,86.521,633.4,138,99
1100,101657,"1",2021,4,13,51.053388,121.536,601.100000000001,138,103
1100,11375,"1",2016,4,16,45.466249,142.074,788.900000000001,138,106
1100,101658,"1",2021,4,19,51.053388,127.334,601.200000000001,138,109
1100,61043,"1",2010,4,11,44.897079,97.453,294.3,138,101
1100,105461,"1",2022,4,8,54.765427,131.39,747.8,138,98
1101,25009,"1",2018,4,11,62.9482860000001,102.943,791.000000000001,320,101
1101,105462,"1",2022,4,8,54.765427,131.39,747.8,320,98
1101,61068,"1",2010,4,13,44.897079,102.173,294.3,320,103
1102,61117,"1",2010,4,13,44.897079,102.173,294.3,115.5,103
1102,105547,"1",2022,4,8,54.765427,131.39,747.8,115.5,98
1104,61158,"1",2010,4,11,44.897079,97.453,294.3,177,101
1104,2932,"1",2015,4,9,63.561215,86.521,633.4,177,99
1104,105097,"1",2022,4,7,54.765427,127.68,730.7,177,97
1108,61280,"1",2010,4,15,44.897079,108.192,294.3,109,105
1108,61272,"1",2013,4,25,62.3908210000001,97.719,892.100000000001,109,115
1109,61301,"1",2010,4,22,44.897079,135.631,294.4,58,112
1112,61355,"1",2010,4,19,44.897079,123.15,294.3,68,109
1114,61393,"1",2010,4,11,44.897079,97.453,294.3,214.5,101
1114,105465,"1",2022,4,8,54.765427,131.39,747.8,214.5,98
1115,105466,"1",2022,4,8,54.765427,131.39,747.8,439.5,98
1115,25014,"1",2018,4,11,62.9482860000001,102.943,791.000000000001,439.5,101
1115,61422,"1",2010,4,11,44.897079,97.453,294.3,439.5,101
1124,61555,"1",2011,3,30,57.929074,81.534,522.800000000001,198.5,90
1125,25367,"1",2018,4,16,62.9482860000001,124.453,799.000000000001,133.333333333333,106
1125,3689,"1",2015,4,18,63.561215,143.314,636.2,133.333333333333,108
1125,106106,"1",2022,4,11,54.765427,131.39,748.1,133.333333333333,101
1125,111225,"1",2023,4,18,49.579857,164.477,614.326,133.333333333333,108
1125,61584,"1",2011,4,10,57.929074,159.074,530.000000000001,133.333333333333,100
1125,3239,"1",2015,4,13,63.561215,104.274,636.1,133.333333333333,103
1125,61579,"1",2010,4,22,44.897079,135.631,294.4,133.333333333333,112
1125,111931,"1",2023,4,28,49.579857,201.237,638.576,133.333333333333,118
1126,111224,"1",2023,4,18,49.579857,164.477,614.326,147,108
1126,61613,"1",2011,4,6,57.929074,121.584,530.000000000001,147,96
1126,25368,"1",2018,4,16,62.9482860000001,124.453,799.000000000001,147,106
1127,61644,"1",2011,4,6,57.929074,121.584,530.000000000001,216,96
1128,61689,"1",2013,5,1,62.3908210000001,123.3,898.700000000001,100.25,121
1128,25369,"1",2018,4,16,62.9482860000001,124.453,799.000000000001,100.25,106
1128,3240,"1",2015,4,13,63.561215,104.274,636.1,100.25,103
1128,61666,"1",2010,4,21,44.897079,133.58,294.4,100.25,111
1130,61784,"1",2011,4,10,57.929074,159.074,530.000000000001,91,100
1131,61804,"1",2011,4,8,57.929074,142.074,530.000000000001,99,98
1131,61813,"1",2013,4,27,62.3908210000001,109.81,896.800000000001,99,117
1132,61838,"1",2013,4,27,62.3908210000001,109.81,896.800000000001,180,117
1133,61854,"1",2011,4,8,57.929074,142.074,530.000000000001,143,98
1134,11448,"1",2016,4,23,45.466249,167.48,799.700000000001,81,113
1134,61993,"1",2010,4,21,44.897079,133.58,294.4,81,111
1134,11447,"1",2016,4,18,45.466249,143.7,799.700000000001,81,108
1134,11450,"1",2016,4,30,45.466249,180.735,807.400000000001,81,120
1134,62000,"1",2011,4,10,57.929074,159.074,530.000000000001,81,100
1134,4386,"1",2015,4,22,63.561215,161.262,636.2,81,112
1134,11449,"1",2016,4,27,45.466249,173.713,806.100000000001,81,117
1134,11451,"1",2016,5,4,45.466249,203.555,808.800000000001,81,124
1134,11446,"1",2016,4,17,45.466249,142.074,799.400000000001,81,107
1134,62018,"1",2013,5,1,62.3908210000001,123.3,898.700000000001,81,121
1134,18912,"1",2017,4,12,57.27478,224.79,616.7,81,102
1135,111309,"1",2023,4,18,49.579857,164.477,614.326,125.5,108
1135,106115,"1",2022,4,11,54.765427,131.39,748.1,125.5,101
1135,62037,"1",2013,4,29,62.3908210000001,113.9,898.600000000001,125.5,119
1135,62035,"1",2011,4,8,57.929074,142.074,530.000000000001,125.5,98
1135,25371,"1",2018,4,16,62.9482860000001,124.453,799.000000000001,125.5,106
1136,62058,"1",2013,4,27,62.3908210000001,109.81,896.800000000001,86,117
1137,11456,"1",2016,4,17,45.466249,142.074,799.400000000001,69,107
1137,18932,"1",2017,4,11,57.27478,220.41,616.7,69,101
1137,62080,"1",2011,4,8,57.929074,142.074,530.000000000001,69,98
1137,111310,"1",2023,4,18,49.579857,164.477,614.326,69,108
1137,62098,"1",2013,4,27,62.3908210000001,109.81,896.800000000001,69,117
1137,62074,"1",2010,4,21,44.897079,133.58,294.4,69,111
1137,101682,"1",2021,5,3,51.053388,172.128,609.600000000001,69,123
1138,62112,"1",2011,4,8,57.929074,142.074,530.000000000001,74,98
1139,111311,"1",2023,4,18,49.579857,164.477,614.326,66.5,108
1139,62135,"1",2011,4,10,57.929074,159.074,530.000000000001,66.5,100
1139,62143,"1",2013,4,27,62.3908210000001,109.81,896.800000000001,66.5,117
1139,105084,"1",2022,4,7,54.765427,127.68,730.7,66.5,97
1139,101687,"1",2021,4,27,51.053388,156.102,601.200000000001,66.5,117
1141,62176,"1",2013,4,29,62.3908210000001,113.9,898.600000000001,309,119
1142,62198,"1",2013,4,27,62.3908210000001,109.81,896.800000000001,258,117
1143,62235,"1",2011,4,6,57.929074,121.584,530.000000000001,237,96
1143,112740,"1",2024,4,10,47.235357,249.559,793.37,237,100
1143,62252,"1",2013,4,23,62.3908210000001,80.609,892.100000000001,237,113
1143,25373,"1",2018,4,16,62.9482860000001,124.453,799.000000000001,237,106
1144,111326,"1",2023,4,18,49.579857,164.477,614.326,309,108
1144,101702,"1",2021,5,3,51.053388,172.128,609.600000000001,309,123
1144,25374,"1",2018,4,16,62.9482860000001,124.453,799.000000000001,309,106
1144,62268,"1",2011,4,6,57.929074,121.584,530.000000000001,309,96
1152,62407,"1",2010,4,13,44.897079,102.173,294.3,80,103
1153,62422,"1",2010,4,14,44.897079,106.443,294.3,131,104
1154,25238,"1",2018,4,14,62.9482860000001,110.293,799.000000000001,196,104
1154,104261,"1",2022,4,5,54.765427,115.81,729.9,196,95
1155,62453,"1",2010,4,13,44.897079,102.173,294.3,110,103
1158,62501,"1",2010,4,25,44.897079,151.551,294.4,63,115
1159,62515,"1",2010,4,11,44.897079,97.453,294.3,186.5,101
1160,62534,"1",2010,4,9,44.897079,82.653,294.3,179,99
1161,104263,"1",2022,4,5,54.765427,115.81,729.9,225.5,95
1161,62552,"1",2010,4,10,44.897079,90.053,294.3,225.5,100
1162,24916,"1",2018,4,9,62.9482860000001,95.593,768.300000000001,239,99
1163,24917,"1",2018,4,9,62.9482860000001,95.593,768.300000000001,207,99
1163,101710,"1",2021,4,13,51.053388,121.536,601.100000000001,207,103
1164,62626,"1",2010,4,15,44.897079,108.192,294.3,122,105
1165,25252,"1",2018,4,14,62.9482860000001,110.293,799.000000000001,156.5,104
1165,62642,"1",2010,4,13,44.897079,102.173,294.3,156.5,103
1166,62662,"1",2010,4,15,44.897079,108.192,294.3,105,105
1167,102822,"1",2021,4,19,51.053388,127.334,601.200000000001,151,109
1167,19080,"1",2017,4,9,57.27478,204.08,616.7,151,99
1168,62682,"1",2010,4,24,44.897079,144.361,294.4,64,114
1169,62707,"1",2011,3,30,57.929074,81.534,522.800000000001,407,90
1170,62732,"1",2011,4,4,57.929074,113.214,528.800000000001,188,94
1170,62742,"1",2013,4,27,62.3908210000001,109.81,896.800000000001,188,117
1171,62761,"1",2011,4,4,57.929074,113.214,528.800000000001,382,94
1171,62772,"1",2013,4,27,62.3908210000001,109.81,896.800000000001,382,117
1172,62785,"1",2011,3,30,57.929074,81.534,522.800000000001,356,90
1173,62817,"1",2013,4,27,62.3908210000001,109.81,896.800000000001,182,117
1175,62859,"1",2013,4,29,62.3908210000001,113.9,898.600000000001,52,119
1177,62904,"1",2011,4,10,57.929074,159.074,530.000000000001,90,100
1177,11547,"1",2016,4,17,45.466249,142.074,799.400000000001,90,107
1177,4384,"1",2015,4,22,63.561215,161.262,636.2,90,112
1177,111932,"1",2023,4,28,49.579857,201.237,638.576,90,118
1177,25376,"1",2018,4,16,62.9482860000001,124.453,799.000000000001,90,106
1177,106112,"1",2022,4,11,54.765427,131.39,748.1,90,101
1177,11548,"1",2016,4,18,45.466249,143.7,799.700000000001,90,108
1177,62897,"1",2010,4,24,44.897079,144.361,294.4,90,114
1177,105082,"1",2022,4,7,54.765427,127.68,730.7,90,97
1177,4039,"1",2015,4,19,63.561215,147.224,636.2,90,109
1179,62964,"1",2011,4,10,57.929074,159.074,530.000000000001,345,100
1181,112785,"1",2024,4,10,47.235357,249.559,793.37,68,100
1181,11565,"1",2016,4,25,45.466249,168.847,805.700000000001,68,115
1181,11566,"1",2016,4,28,45.466249,175.332,806.100000000001,68,118
1181,19164,"1",2017,4,14,57.27478,235.59,616.7,68,104
1181,19165,"1",2017,4,16,57.27478,245.76,617,68,106
1181,63021,"1",2011,4,10,57.929074,159.074,530.000000000001,68,100
1181,19166,"1",2017,4,19,57.27478,256.752,618.4,68,109
1182,111267,"1",2023,4,18,49.579857,164.477,614.326,340,108
1182,106246,"1",2022,4,11,54.765427,131.39,748.1,340,101
1182,104061,"1",2022,4,4,54.765427,114.392,727.6,340,94
1182,63064,"1",2011,4,6,57.929074,121.584,530.000000000001,340,96
1182,101728,"1",2021,4,27,51.053388,156.102,601.200000000001,340,117
1182,63075,"1",2013,4,27,62.3908210000001,109.81,896.800000000001,340,117
1182,109369,"1",2022,4,25,54.765427,217.83,748.2,340,115
1183,63095,"1",2011,4,12,57.929074,173.014,530.000000000001,NA,102
1183,63090,"1",2010,4,28,44.897079,174.111,297.6,NA,118
1184,105089,"1",2022,4,7,54.765427,127.68,730.7,431.5,97
1184,63145,"1",2013,4,27,62.3908210000001,109.81,896.800000000001,431.5,117
1184,3387,"1",2015,4,15,63.561215,115.974,636.2,431.5,105
1184,63128,"1",2011,4,3,57.929074,108.384,528.800000000001,431.5,93
1184,103956,"1",2022,4,4,54.765427,114.392,727.6,431.5,94
1184,19204,"1",2017,4,5,57.27478,182.5,616.7,431.5,95
1184,25380,"1",2018,4,16,62.9482860000001,124.453,799.000000000001,431.5,106
1184,101732,"1",2021,4,8,51.053388,114.893,597.400000000001,431.5,98
1184,111260,"1",2023,4,18,49.579857,164.477,614.326,431.5,108
1185,63164,"1",2013,4,27,62.3908210000001,109.81,896.800000000001,84.5,117
1186,63184,"1",2013,4,27,62.3908210000001,109.81,896.800000000001,135,117
1187,63205,"1",2011,4,8,57.929074,142.074,530.000000000001,346.333333333333,98
1187,63215,"1",2013,4,27,62.3908210000001,109.81,896.800000000001,346.333333333333,117
1188,63237,"1",2013,5,1,62.3908210000001,123.3,898.700000000001,55.5,121
1189,63250,"1",2011,4,6,57.929074,121.584,530.000000000001,329.5,96
1189,25382,"1",2018,4,16,62.9482860000001,124.453,799.000000000001,329.5,106
1189,111327,"1",2023,4,18,49.579857,164.477,614.326,329.5,108
1190,63274,"1",2011,4,10,57.929074,159.074,530.000000000001,72,100
1191,63298,"1",2011,4,4,57.929074,113.214,528.800000000001,168,94
1193,63347,"1",2013,4,21,62.3908210000001,71.269,892.100000000001,184.5,111
1193,63337,"1",2011,4,9,57.929074,149.924,530.000000000001,184.5,99
1193,111266,"1",2023,4,18,49.579857,164.477,614.326,184.5,108
1194,101739,"1",2021,5,3,51.053388,172.128,609.600000000001,63.5,123
1194,63365,"1",2013,4,27,62.3908210000001,109.81,896.800000000001,63.5,117
1195,105189,"1",2022,4,7,54.765427,127.68,730.7,169.5,97
1195,106238,"1",2022,4,11,54.765427,131.39,748.1,169.5,101
1196,105190,"1",2022,4,7,54.765427,127.68,730.7,114,97
1196,63404,"1",2011,4,6,57.929074,121.584,530.000000000001,114,96
1196,63413,"1",2013,4,29,62.3908210000001,113.9,898.600000000001,114,119
1196,111264,"1",2023,4,18,49.579857,164.477,614.326,114,108
1197,101759,"1",2021,4,27,51.053388,156.102,601.200000000001,107,117
1197,105191,"1",2022,4,7,54.765427,127.68,730.7,107,97
1197,63427,"1",2011,4,9,57.929074,149.924,530.000000000001,107,99
1197,111265,"1",2023,4,18,49.579857,164.477,614.326,107,108
1198,63449,"1",2011,4,6,57.929074,121.584,530.000000000001,117.5,96
1198,63457,"1",2013,4,27,62.3908210000001,109.81,896.800000000001,117.5,117
1199,63473,"1",2011,4,2,57.929074,99.514,528.800000000001,220,92
1200,63511,"1",2013,4,23,62.3908210000001,80.609,892.100000000001,155,113
1200,63500,"1",2011,4,3,57.929074,108.384,528.800000000001,155,93
1201,63527,"1",2011,4,6,57.929074,121.584,530.000000000001,180,96
1202,111257,"1",2023,4,18,49.579857,164.477,614.326,128,108
1202,63561,"1",2013,4,21,62.3908210000001,71.269,892.100000000001,128,111
1202,63550,"1",2011,4,2,57.929074,99.514,528.800000000001,128,92
1203,25384,"1",2018,4,16,62.9482860000001,124.453,799.000000000001,145,106
1203,63580,"1",2010,4,15,44.897079,108.192,294.3,145,105
1203,101769,"1",2021,5,3,51.053388,172.128,609.600000000001,145,123
1203,111374,"1",2023,4,18,49.579857,164.477,614.326,145,108
1203,63586,"1",2011,4,2,57.929074,99.514,528.800000000001,145,92
1203,101768,"1",2021,4,27,51.053388,156.102,601.200000000001,145,117
1204,63623,"1",2011,4,3,57.929074,108.384,528.800000000001,192,93
1205,63646,"1",2010,4,19,44.897079,123.15,294.3,137.5,109
1205,63671,"1",2013,4,21,62.3908210000001,71.269,892.100000000001,137.5,111
1205,105079,"1",2022,4,7,54.765427,127.68,730.7,137.5,97
1205,63654,"1",2011,4,4,57.929074,113.214,528.800000000001,137.5,94
1205,106109,"1",2022,4,11,54.765427,131.39,748.1,137.5,101
1205,25385,"1",2018,4,16,62.9482860000001,124.453,799.000000000001,137.5,106
1206,63690,"1",2011,4,6,57.929074,121.584,530.000000000001,167,96
1207,63716,"1",2011,4,5,57.929074,117.124,528.800000000001,205.5,95
1208,63752,"1",2011,4,2,57.929074,99.514,528.800000000001,122.5,92
1208,63744,"1",2010,4,14,44.897079,106.443,294.3,122.5,104
1209,63788,"1",2011,4,3,57.929074,108.384,528.800000000001,295,93
1210,63815,"1",2011,4,3,57.929074,108.384,528.800000000001,222.5,93
1210,111369,"1",2023,4,18,49.579857,164.477,614.326,222.5,108
1211,63848,"1",2011,4,3,57.929074,108.384,528.800000000001,403.5,93
1211,3129,"1",2015,4,13,63.561215,104.274,636.1,403.5,103
1212,63882,"1",2011,4,10,57.929074,159.074,530.000000000001,125,100
1213,103933,"1",2022,4,4,54.765427,114.392,727.6,77.5,94
1213,63903,"1",2011,4,8,57.929074,142.074,530.000000000001,77.5,98
1213,101790,"1",2021,4,15,51.053388,122.234,601.200000000001,77.5,105
1213,101791,"1",2021,4,8,51.053388,114.893,597.400000000001,77.5,98
1214,63924,"1",2011,4,4,57.929074,113.214,528.800000000001,83,94
1215,63959,"1",2011,4,3,57.929074,108.384,528.800000000001,73.5,93
1215,101798,"1",2021,4,8,51.053388,114.893,597.400000000001,73.5,98
1215,103934,"1",2022,4,4,54.765427,114.392,727.6,73.5,94
1215,3130,"1",2015,4,14,63.561215,107.984,636.2,73.5,104
1215,63951,"1",2010,4,18,44.897079,116.5,294.3,73.5,108
1216,64002,"1",2013,4,29,62.3908210000001,113.9,898.600000000001,58.5,119
1217,64012,"1",2011,4,14,57.929074,179.209,530.000000000001,32,104
1218,64031,"1",2013,4,29,62.3908210000001,113.9,898.600000000001,49.5,119
1219,64042,"1",2011,4,8,57.929074,142.074,530.000000000001,72.5,98
1219,64050,"1",2013,4,27,62.3908210000001,109.81,896.800000000001,72.5,117
1220,64068,"1",2011,4,4,57.929074,113.214,528.800000000001,123.5,94
1221,64102,"1",2013,4,29,62.3908210000001,113.9,898.600000000001,95,119
1221,64092,"1",2011,4,8,57.929074,142.074,530.000000000001,95,98
1222,25389,"1",2018,4,16,62.9482860000001,124.453,799.000000000001,45,106
1222,112927,"1",2024,4,11,47.235357,253.959,793.37,45,101
1222,64116,"1",2011,4,8,57.929074,142.074,530.000000000001,45,98
1222,64126,"1",2013,5,5,62.3908210000001,146.45,899.000000000001,45,125
1223,25390,"1",2018,4,16,62.9482860000001,124.453,799.000000000001,141,106
1223,64141,"1",2011,4,4,57.929074,113.214,528.800000000001,141,94
1223,103924,"1",2022,4,4,54.765427,114.392,727.6,141,94
1224,64165,"1",2011,4,4,57.929074,113.214,528.800000000001,65,94
1225,64195,"1",2011,4,8,57.929074,142.074,530.000000000001,37,98
1225,19398,"1",2017,4,12,57.27478,224.79,616.7,37,102
1225,64189,"1",2010,4,16,44.897079,110.692,294.3,37,106
1225,19399,"1",2017,4,14,57.27478,235.59,616.7,37,104
1225,19397,"1",2017,4,11,57.27478,220.41,616.7,37,101
1227,64289,"1",2011,4,10,57.929074,159.074,530.000000000001,66,100
1228,64313,"1",2013,4,29,62.3908210000001,113.9,898.600000000001,38,119
1229,111370,"1",2023,4,18,49.579857,164.477,614.326,83.5,108
1230,111925,"1",2023,4,28,49.579857,201.237,638.576,46,118
1230,64352,"1",2011,4,8,57.929074,142.074,530.000000000001,46,98
1231,64372,"1",2011,4,10,57.929074,159.074,530.000000000001,49,100
1231,64381,"1",2013,4,29,62.3908210000001,113.9,898.600000000001,49,119
1232,25393,"1",2018,4,16,62.9482860000001,124.453,799.000000000001,81.5,106
1233,64416,"1",2011,4,8,57.929074,142.074,530.000000000001,104,98
1234,64447,"1",2011,4,20,57.929074,220.779,530.100000000001,63,110
1234,64441,"1",2010,4,20,44.897079,128.91,294.3,63,110
1236,64491,"1",2011,4,2,57.929074,99.514,528.800000000001,285,92
1237,64518,"1",2011,4,2,57.929074,99.514,528.800000000001,168,92
1237,64527,"1",2013,4,21,62.3908210000001,71.269,892.100000000001,168,111
1239,64578,"1",2011,4,3,57.929074,108.384,528.800000000001,211,93
1240,64600,"1",2011,4,14,57.929074,179.209,530.000000000001,27,104
1240,64608,"1",2013,4,29,62.3908210000001,113.9,898.600000000001,27,119
1242,64660,"1",2010,4,19,44.897079,123.15,294.3,95.5,109
1242,64668,"1",2011,4,8,57.929074,142.074,530.000000000001,95.5,98
1242,101813,"1",2021,4,8,51.053388,114.893,597.400000000001,95.5,98
1242,103936,"1",2022,4,4,54.765427,114.392,727.6,95.5,94
1242,111371,"1",2023,4,18,49.579857,164.477,614.326,95.5,108
1242,25395,"1",2018,4,16,62.9482860000001,124.453,799.000000000001,95.5,106
1243,64708,"1",2013,4,29,62.3908210000001,113.9,898.600000000001,66,119
1243,111926,"1",2023,4,28,49.579857,201.237,638.576,66,118
1244,64743,"1",2013,4,29,62.3908210000001,113.9,898.600000000001,62,119
1244,106079,"1",2022,4,11,54.765427,131.39,748.1,62,101
1244,11681,"1",2016,4,18,45.466249,143.7,799.700000000001,62,108
1244,25951,"1",2018,4,20,62.9482860000001,169.563,801.000000000001,62,110
1244,25396,"1",2018,4,16,62.9482860000001,124.453,799.000000000001,62,106
1244,64720,"1",2010,4,23,44.897079,139.011,294.4,62,113
1244,64728,"1",2011,4,8,57.929074,142.074,530.000000000001,62,98
1244,11680,"1",2016,4,14,45.466249,130.724,786.000000000001,62,104
1244,101820,"1",2021,4,27,51.053388,156.102,601.200000000001,62,117
1245,101234,"1",2021,4,8,51.053388,114.893,597.400000000001,111,98
1245,64771,"1",2011,4,2,57.929074,99.514,528.800000000001,111,92
1245,103937,"1",2022,4,4,54.765427,114.392,727.6,111,94
1246,64809,"1",2013,4,29,62.3908210000001,113.9,898.600000000001,53.5,119
1246,25397,"1",2018,4,16,62.9482860000001,124.453,799.000000000001,53.5,106
1247,64836,"1",2011,4,10,57.929074,159.074,530.000000000001,78.5,100
1248,64863,"1",2013,4,29,62.3908210000001,113.9,898.600000000001,73,119
1249,64872,"1",2011,4,10,57.929074,159.074,530.000000000001,112.5,100
1249,64880,"1",2013,4,29,62.3908210000001,113.9,898.600000000001,112.5,119
1250,64890,"1",2011,4,10,57.929074,159.074,530.000000000001,50,100
1251,64922,"1",2013,4,29,62.3908210000001,113.9,898.600000000001,97,119
1251,64911,"1",2011,4,12,57.929074,173.014,530.000000000001,97,102
1252,25399,"1",2018,4,16,62.9482860000001,124.453,799.000000000001,68.5,106
1252,64934,"1",2011,4,12,57.929074,173.014,530.000000000001,68.5,102
1253,64962,"1",2013,4,29,62.3908210000001,113.9,898.600000000001,64.5,119
1254,64986,"1",2013,4,29,62.3908210000001,113.9,898.600000000001,69.5,119
1254,64977,"1",2011,4,12,57.929074,173.014,530.000000000001,69.5,102
1255,65005,"1",2011,4,4,57.929074,113.214,528.800000000001,108.5,94
1255,65015,"1",2013,4,21,62.3908210000001,71.269,892.100000000001,108.5,111
1256,65034,"1",2011,4,8,57.929074,142.074,530.000000000001,101.5,98
1257,51161,"1",2011,4,9,57.929074,149.924,530.000000000001,71,99
1257,65066,"1",2013,5,1,62.3908210000001,123.3,898.700000000001,71,121
1258,11690,"1",2016,4,14,45.466249,130.724,786.000000000001,134.5,104
1258,65081,"1",2010,4,22,44.897079,135.631,294.4,134.5,112
1258,65106,"1",2013,4,29,62.3908210000001,113.9,898.600000000001,134.5,119
1259,65129,"1",2013,4,29,62.3908210000001,113.9,898.600000000001,54,119
1259,65120,"1",2011,4,8,57.929074,142.074,530.000000000001,54,98
1259,111927,"1",2023,4,28,49.579857,201.237,638.576,54,118
1260,101827,"1",2021,4,27,51.053388,156.102,601.200000000001,121,117
1260,11700,"1",2016,4,14,45.466249,130.724,786.000000000001,121,104
1260,65170,"1",2013,4,29,62.3908210000001,113.9,898.600000000001,121,119
1260,65144,"1",2010,4,21,44.897079,133.58,294.4,121,111
1260,25401,"1",2018,4,16,62.9482860000001,124.453,799.000000000001,121,106
1260,3843,"1",2015,4,17,63.561215,137.434,636.2,121,107
1261,65185,"1",2011,4,8,57.929074,142.074,530.000000000001,59.5,98
1261,65194,"1",2013,4,29,62.3908210000001,113.9,898.600000000001,59.5,119
1262,11710,"1",2016,4,14,45.466249,130.724,786.000000000001,128,104
1262,101834,"1",2021,4,27,51.053388,156.102,601.200000000001,128,117
1262,65231,"1",2013,4,29,62.3908210000001,113.9,898.600000000001,128,119
1262,65216,"1",2011,4,8,57.929074,142.074,530.000000000001,128,98
1262,65209,"1",2010,4,23,44.897079,139.011,294.4,128,113
1263,65245,"1",2011,4,14,57.929074,179.209,530.000000000001,27.5,104
1264,65266,"1",2011,4,8,57.929074,142.074,530.000000000001,58,98
1264,25403,"1",2018,4,16,62.9482860000001,124.453,799.000000000001,58,106
1264,106071,"1",2022,4,11,54.765427,131.39,748.1,58,101
1265,65286,"1",2011,4,4,57.929074,113.214,528.800000000001,109,94
1267,65318,"1",2011,4,8,57.929074,142.074,530.000000000001,50.5,98
1267,111372,"1",2023,4,18,49.579857,164.477,614.326,50.5,108
1267,111928,"1",2023,4,28,49.579857,201.237,638.576,50.5,118
1268,102980,"1",2021,4,21,51.053388,134.878,601.200000000001,84,111
1268,102978,"1",2021,4,27,51.053388,156.102,601.200000000001,84,117
1268,65351,"1",2013,4,23,62.3908210000001,80.609,892.100000000001,84,113
1268,102979,"1",2021,4,15,51.053388,122.234,601.200000000001,84,105
1268,106084,"1",2022,4,11,54.765427,131.39,748.1,84,101
1269,3845,"1",2015,4,18,63.561215,143.314,636.2,57,108
1269,65375,"1",2011,4,8,57.929074,142.074,530.000000000001,57,98
1269,65369,"1",2010,4,24,44.897079,144.361,294.4,57,114
1269,106085,"1",2022,4,11,54.765427,131.39,748.1,57,101
1269,65395,"1",2013,4,29,62.3908210000001,113.9,898.600000000001,57,119
1270,65410,"1",2010,4,24,44.897079,144.361,294.4,42,114
1270,101841,"1",2021,4,27,51.053388,156.102,601.200000000001,42,117
1270,65433,"1",2013,4,29,62.3908210000001,113.9,898.600000000001,42,119
1270,3846,"1",2015,4,19,63.561215,147.224,636.2,42,109
1270,19552,"1",2017,4,12,57.27478,224.79,616.7,42,102
1270,106086,"1",2022,4,11,54.765427,131.39,748.1,42,101
1270,4014,"1",2015,4,19,63.561215,147.224,636.2,42,109
1270,19551,"1",2017,4,11,57.27478,220.41,616.7,42,101
1270,11731,"1",2016,4,18,45.466249,143.7,799.700000000001,42,108
1270,19553,"1",2017,4,14,57.27478,235.59,616.7,42,104
1270,103943,"1",2022,4,4,54.765427,114.392,727.6,42,94
1270,65417,"1",2011,4,12,57.929074,173.014,530.000000000001,42,102
1270,11730,"1",2016,4,14,45.466249,130.724,786.000000000001,42,104
1271,65453,"1",2011,4,4,57.929074,113.214,528.800000000001,73,94
1271,101845,"1",2021,4,8,51.053388,114.893,597.400000000001,73,98
1271,65448,"1",2010,4,19,44.897079,123.15,294.3,73,109
1271,103944,"1",2022,4,4,54.765427,114.392,727.6,73,94
1271,25406,"1",2018,4,16,62.9482860000001,124.453,799.000000000001,73,106
1272,105063,"1",2022,4,7,54.765427,127.68,730.7,219.5,97
1272,65486,"1",2011,4,5,57.929074,117.124,528.800000000001,219.5,95
1272,65497,"1",2013,4,27,62.3908210000001,109.81,896.800000000001,219.5,117
1273,4361,"1",2015,4,22,63.561215,161.262,636.2,44,112
1273,65529,"1",2013,4,21,62.3908210000001,71.269,892.100000000001,44,111
1273,11750,"1",2016,4,14,45.466249,130.724,786.000000000001,44,104
1273,19600,"1",2017,4,23,57.27478,277.742,618.6,44,113
1273,65511,"1",2010,4,23,44.897079,139.011,294.4,44,113
1273,19598,"1",2017,4,16,57.27478,245.76,617,44,106
1273,19599,"1",2017,4,19,57.27478,256.752,618.4,44,109
1274,19618,"1",2017,4,12,57.27478,224.79,616.7,260.5,102
1274,65592,"1",2013,4,27,62.3908210000001,109.81,896.800000000001,260.5,117
1274,3247,"1",2015,4,13,63.561215,104.274,636.1,260.5,103
1274,65576,"1",2011,4,6,57.929074,121.584,530.000000000001,260.5,96
1274,65570,"1",2010,4,19,44.897079,123.15,294.3,260.5,109
1275,101859,"1",2021,5,3,51.053388,172.128,609.600000000001,327.25,123
1275,65611,"1",2011,4,3,57.929074,108.384,528.800000000001,327.25,93
1275,25408,"1",2018,4,16,62.9482860000001,124.453,799.000000000001,327.25,106
1275,105175,"1",2022,4,7,54.765427,127.68,730.7,327.25,97
1275,111325,"1",2023,4,18,49.579857,164.477,614.326,327.25,108
1276,101863,"1",2021,4,15,51.053388,122.234,601.200000000001,277,105
1276,25409,"1",2018,4,16,62.9482860000001,124.453,799.000000000001,277,106
1276,105075,"1",2022,4,7,54.765427,127.68,730.7,277,97
1276,65640,"1",2013,4,21,62.3908210000001,71.269,892.100000000001,277,111
1277,65656,"1",2011,3,30,57.929074,81.534,522.800000000001,317,90
1277,65667,"1",2013,4,21,62.3908210000001,71.269,892.100000000001,317,111
1279,65712,"1",2010,4,17,44.897079,113.594,294.3,268,107
1279,111930,"1",2023,4,28,49.579857,201.237,638.576,268,118
1279,65740,"1",2013,4,29,62.3908210000001,113.9,898.600000000001,268,119
1279,11791,"1",2016,4,14,45.466249,130.724,786.000000000001,268,104
1279,111308,"1",2023,4,18,49.579857,164.477,614.326,268,108
1279,65721,"1",2011,4,6,57.929074,121.584,530.000000000001,268,96
1279,25978,"1",2018,4,20,62.9482860000001,169.563,801.000000000001,268,110
1279,105073,"1",2022,4,7,54.765427,127.68,730.7,268,97
1280,65767,"1",2013,4,21,62.3908210000001,71.269,892.100000000001,406,111
1281,65780,"1",2011,4,10,57.929074,159.074,530.000000000001,71,100
1281,65788,"1",2013,5,1,62.3908210000001,123.3,898.700000000001,71,121
1283,65827,"1",2011,4,8,57.929074,142.074,530.000000000001,121,98
1283,65837,"1",2013,4,21,62.3908210000001,71.269,892.100000000001,121,111
1284,65854,"1",2011,4,8,57.929074,142.074,530.000000000001,105,98
1285,11801,"1",2016,4,24,45.466249,168.299,805.500000000001,168.5,114
1285,103950,"1",2022,4,4,54.765427,114.392,727.6,168.5,94
1285,25412,"1",2018,4,16,62.9482860000001,124.453,799.000000000001,168.5,106
1285,101881,"1",2021,4,27,51.053388,156.102,601.200000000001,168.5,117
1285,65880,"1",2011,4,8,57.929074,142.074,530.000000000001,168.5,98
1286,65907,"1",2011,4,8,57.929074,142.074,530.000000000001,128.5,98
1286,65917,"1",2013,4,21,62.3908210000001,71.269,892.100000000001,128.5,111
1287,112825,"1",2024,4,11,47.235357,253.959,793.37,69,101
1287,65932,"1",2011,4,8,57.929074,142.074,530.000000000001,69,98
1287,65940,"1",2013,4,29,62.3908210000001,113.9,898.600000000001,69,119
1288,65954,"1",2011,4,8,57.929074,142.074,530.000000000001,109,98
1289,65984,"1",2013,4,29,62.3908210000001,113.9,898.600000000001,74,119
1289,65975,"1",2011,4,8,57.929074,142.074,530.000000000001,74,98
1290,66011,"1",2013,5,1,62.3908210000001,123.3,898.700000000001,50,121
1290,66002,"1",2011,4,10,57.929074,159.074,530.000000000001,50,100
1291,66036,"1",2013,4,29,62.3908210000001,113.9,898.600000000001,113.5,119
1291,66026,"1",2011,4,8,57.929074,142.074,530.000000000001,113.5,98
1292,66064,"1",2013,4,29,62.3908210000001,113.9,898.600000000001,139,119
1292,66054,"1",2011,4,3,57.929074,108.384,528.800000000001,139,93
1294,66111,"1",2013,4,29,62.3908210000001,113.9,898.600000000001,131,119
1294,111373,"1",2023,4,18,49.579857,164.477,614.326,131,108
1294,66102,"1",2011,4,2,57.929074,99.514,528.800000000001,131,92
1294,105072,"1",2022,4,7,54.765427,127.68,730.7,131,97
1294,113224,"1",2024,4,18,47.235357,294.258,799.166,131,108
1300,66194,"1",2011,4,10,57.929074,159.074,530.000000000001,114,100
1303,66260,"1",2010,4,24,44.897079,144.361,294.4,72.5,114
1303,11812,"1",2016,4,27,45.466249,173.713,806.100000000001,72.5,117
1303,11811,"1",2016,4,24,45.466249,168.299,805.500000000001,72.5,114
1303,11809,"1",2016,4,18,45.466249,143.7,799.700000000001,72.5,108
1304,66319,"1",2013,4,29,62.3908210000001,113.9,898.600000000001,156.5,119
1304,11818,"1",2016,4,14,45.466249,130.724,786.000000000001,156.5,104
1304,103920,"1",2022,4,4,54.765427,114.392,727.6,156.5,94
1304,66300,"1",2011,4,10,57.929074,159.074,530.000000000001,156.5,100
1305,66333,"1",2011,4,12,57.929074,173.014,530.000000000001,60,102
1306,5041,"1",2015,4,26,63.561215,184.102,639.3,37.5,116
1306,66359,"1",2011,4,10,57.929074,159.074,530.000000000001,37.5,100
1306,19784,"1",2017,4,11,57.27478,220.41,616.7,37.5,101
1306,11829,"1",2016,4,18,45.466249,143.7,799.700000000001,37.5,108
1306,19786,"1",2017,4,14,57.27478,235.59,616.7,37.5,104
1306,11830,"1",2016,4,23,45.466249,167.48,799.700000000001,37.5,113
1306,101904,"1",2021,5,3,51.053388,172.128,609.600000000001,37.5,123
1306,11828,"1",2016,4,14,45.466249,130.724,786.000000000001,37.5,104
1306,4698,"1",2015,4,24,63.561215,171.112,636.2,37.5,114
1306,19785,"1",2017,4,12,57.27478,224.79,616.7,37.5,102
1307,101911,"1",2021,5,3,51.053388,172.128,609.600000000001,37,123
1307,3666,"1",2015,4,18,63.561215,143.314,636.2,37,108
1307,4003,"1",2015,4,19,63.561215,147.224,636.2,37,109
1307,66400,"1",2011,4,12,57.929074,173.014,530.000000000001,37,102
1307,66394,"1",2010,4,26,44.897079,157.861,296.6,37,116
1307,11839,"1",2016,4,18,45.466249,143.7,799.700000000001,37,108
1308,66428,"1",2011,4,2,57.929074,99.514,528.800000000001,144,92
1309,66458,"1",2011,4,8,57.929074,142.074,530.000000000001,99,98
1309,66467,"1",2013,4,29,62.3908210000001,113.9,898.600000000001,99,119
1310,66482,"1",2011,4,16,57.929074,188.589,530.100000000001,62,106
1310,66489,"1",2013,4,29,62.3908210000001,113.9,898.600000000001,62,119
1311,66501,"1",2011,4,8,57.929074,142.074,530.000000000001,52,98
1311,66508,"1",2013,4,27,62.3908210000001,109.81,896.800000000001,52,117
1311,111756,"1",2023,4,26,49.579857,193.302,638.576,52,116
1312,66520,"1",2011,4,12,57.929074,173.014,530.000000000001,54.5,102
1312,66528,"1",2013,4,21,62.3908210000001,71.269,892.100000000001,54.5,111
1313,106219,"1",2022,4,11,54.765427,131.39,748.1,74.5,101
1313,66557,"1",2013,4,27,62.3908210000001,109.81,896.800000000001,74.5,117
1313,3659,"1",2015,4,18,63.561215,143.314,636.2,74.5,108
1313,66542,"1",2011,4,8,57.929074,142.074,530.000000000001,74.5,98
1313,105173,"1",2022,4,7,54.765427,127.68,730.7,74.5,97
1314,66582,"1",2011,4,12,57.929074,173.014,530.000000000001,56.5,102
1314,25415,"1",2018,4,16,62.9482860000001,124.453,799.000000000001,56.5,106
1314,105174,"1",2022,4,7,54.765427,127.68,730.7,56.5,97
1314,66576,"1",2010,4,19,44.897079,123.15,294.3,56.5,109
1314,11865,"1",2016,4,18,45.466249,143.7,799.700000000001,56.5,108
1316,66636,"1",2011,3,30,57.929074,81.534,522.800000000001,113,90
1317,105059,"1",2022,4,7,54.765427,127.68,730.7,210,97
1317,101935,"1",2021,4,8,51.053388,114.893,597.400000000001,210,98
1317,101934,"1",2021,4,21,51.053388,134.878,601.200000000001,210,111
1317,66671,"1",2011,4,4,57.929074,113.214,528.800000000001,210,94
1318,66704,"1",2011,4,4,57.929074,113.214,528.800000000001,277,94
1319,25418,"1",2018,4,16,62.9482860000001,124.453,799.000000000001,122,106
1319,11891,"1",2016,4,14,45.466249,130.724,786.000000000001,122,104
1319,66756,"1",2013,4,29,62.3908210000001,113.9,898.600000000001,122,119
1319,66736,"1",2011,4,2,57.929074,99.514,528.800000000001,122,92
1319,103945,"1",2022,4,4,54.765427,114.392,727.6,122,94
1319,3229,"1",2015,4,13,63.561215,104.274,636.1,122,103
1321,3675,"1",2015,4,18,63.561215,143.314,636.2,NA,108
1321,4018,"1",2015,4,19,63.561215,147.224,636.2,NA,109
1321,11902,"1",2016,4,18,45.466249,143.7,799.700000000001,NA,108
1321,4363,"1",2015,4,22,63.561215,161.262,636.2,NA,112
1321,111929,"1",2023,4,28,49.579857,201.237,638.576,NA,118
1321,19957,"1",2017,4,11,57.27478,220.41,616.7,NA,101
1321,19955,"1",2017,4,7,57.27478,191.59,616.7,NA,97
1321,66829,"1",2011,4,12,57.929074,173.014,530.000000000001,NA,102
1322,66866,"1",2011,4,6,57.929074,121.584,530.000000000001,233.666666666667,96
1322,103947,"1",2022,4,4,54.765427,114.392,727.6,233.666666666667,94
1322,101953,"1",2021,4,21,51.053388,134.878,601.200000000001,233.666666666667,111
1322,66885,"1",2013,4,27,62.3908210000001,109.81,896.800000000001,233.666666666667,117
1322,66859,"1",2010,4,14,44.897079,106.443,294.3,233.666666666667,104
1322,112520,"1",2024,4,8,47.235357,241.998,791.99,233.666666666667,98
1323,25421,"1",2018,4,16,62.9482860000001,124.453,799.000000000001,134.5,106
1323,112521,"1",2024,4,8,47.235357,241.998,791.99,134.5,98
1323,106088,"1",2022,4,11,54.765427,131.39,748.1,134.5,101
1323,66902,"1",2011,4,3,57.929074,108.384,528.800000000001,134.5,93
1323,66911,"1",2013,4,27,62.3908210000001,109.81,896.800000000001,134.5,117
1324,66932,"1",2011,4,3,57.929074,108.384,528.800000000001,225.5,93
1324,25422,"1",2018,4,16,62.9482860000001,124.453,799.000000000001,225.5,106
1324,66925,"1",2010,4,19,44.897079,123.15,294.3,225.5,109
1325,66967,"1",2011,4,6,57.929074,121.584,530.000000000001,213.5,96
1327,25622,"1",2018,4,17,62.9482860000001,130.863,801.000000000001,330,107
1327,67056,"1",2011,4,4,57.929074,113.214,528.800000000001,330,94
1327,101962,"1",2021,4,26,51.053388,154.887,601.200000000001,330,116
1331,25624,"1",2018,4,17,62.9482860000001,130.863,801.000000000001,127.333333333333,107
1331,67276,"1",2011,4,7,57.929074,133.104,530.000000000001,127.333333333333,97
1331,105990,"1",2022,4,11,54.765427,131.39,748.1,127.333333333333,101
1332,67298,"1",2011,4,7,57.929074,133.104,530.000000000001,79,97
1332,67284,"1",2013,5,2,62.3908210000001,124.37,898.700000000001,79,122
1333,101974,"1",2021,4,30,51.053388,163.636,609.300000000001,109.5,120
1333,3858,"1",2015,4,19,63.561215,147.224,636.2,109.5,109
1333,103863,"1",2022,4,4,54.765427,114.392,727.6,109.5,94
1333,67326,"1",2011,4,7,57.929074,133.104,530.000000000001,109.5,97
1333,4201,"1",2015,4,21,63.561215,154.702,636.2,109.5,111
1333,111519,"1",2023,4,25,49.579857,192.193,628.576,109.5,115
1333,4547,"1",2015,4,23,63.561215,168.022,636.2,109.5,113
1333,67318,"1",2010,4,23,44.897079,139.011,294.4,109.5,113
1333,11933,"1",2016,4,14,45.466249,130.724,786.000000000001,109.5,104
1335,25625,"1",2018,4,17,62.9482860000001,130.863,801.000000000001,54.5,107
1335,107701,"1",2022,4,20,54.765427,187.41,748.2,54.5,110
1335,67372,"1",2011,4,7,57.929074,133.104,530.000000000001,54.5,97
1336,67397,"1",2011,4,8,57.929074,142.074,530.000000000001,108,98
1337,67420,"1",2011,4,7,57.929074,133.104,530.000000000001,78,97
1339,67537,"1",2011,4,9,57.929074,149.924,530.000000000001,104.5,99
1345,67748,"1",2011,4,8,57.929074,142.074,530.000000000001,NA,98
1346,67769,"1",2011,4,7,57.929074,133.104,530.000000000001,100,97
1349,111103,"1",2023,4,17,49.579857,158.047,614.076,118,107
1349,102988,"1",2021,4,26,51.053388,154.887,601.200000000001,118,116
1349,67851,"1",2011,4,5,57.929074,117.124,528.800000000001,118,95
1350,67877,"1",2011,4,9,57.929074,149.924,530.000000000001,80.5,99
1351,105993,"1",2022,4,11,54.765427,131.39,748.1,29,101
1351,103864,"1",2022,4,4,54.765427,114.392,727.6,29,94
1351,111520,"1",2023,4,25,49.579857,192.193,628.576,29,115
1351,3859,"1",2015,4,19,63.561215,147.224,636.2,29,109
1351,11960,"1",2016,4,14,45.466249,130.724,786.000000000001,29,104
1351,25626,"1",2018,4,17,62.9482860000001,130.863,801.000000000001,29,107
1351,67904,"1",2010,4,20,44.897079,128.91,294.3,29,110
1351,3516,"1",2015,4,17,63.561215,137.434,636.2,29,107
1351,101980,"1",2021,4,30,51.053388,163.636,609.300000000001,29,120
1351,111105,"1",2023,4,17,49.579857,158.047,614.076,29,107
1352,101986,"1",2021,4,30,51.053388,163.636,609.300000000001,62,120
1352,67955,"1",2011,4,8,57.929074,142.074,530.000000000001,62,98
1352,11970,"1",2016,4,14,45.466249,130.724,786.000000000001,62,104
1352,3517,"1",2015,4,17,63.561215,137.434,636.2,62,107
1352,25627,"1",2018,4,17,62.9482860000001,130.863,801.000000000001,62,107
1352,3860,"1",2015,4,19,63.561215,147.224,636.2,62,109
1352,105994,"1",2022,4,11,54.765427,131.39,748.1,62,101
1352,111106,"1",2023,4,17,49.579857,158.047,614.076,62,107
1352,67945,"1",2010,4,20,44.897079,128.91,294.3,62,110
1352,111521,"1",2023,4,25,49.579857,192.193,628.576,62,115
1354,68019,"1",2011,4,7,57.929074,133.104,530.000000000001,65,97
1355,68047,"1",2011,4,7,57.929074,133.104,530.000000000001,111,97
1356,68070,"1",2010,4,25,44.897079,151.551,294.4,49,115
1356,111522,"1",2023,4,25,49.579857,192.193,628.576,49,115
1356,20166,"1",2017,4,9,57.27478,204.08,616.7,49,99
1356,68077,"1",2011,4,9,57.929074,149.924,530.000000000001,49,99
1356,11981,"1",2016,4,18,45.466249,143.7,799.700000000001,49,108
1356,4204,"1",2015,4,21,63.561215,154.702,636.2,49,111
1357,68109,"1",2011,4,7,57.929074,133.104,530.000000000001,88.5,97
1358,68130,"1",2011,4,9,57.929074,149.924,530.000000000001,39,99
1359,68160,"1",2011,4,8,57.929074,142.074,530.000000000001,203.5,98
1360,68184,"1",2011,4,9,57.929074,149.924,530.000000000001,127,99
1361,25629,"1",2018,4,17,62.9482860000001,130.863,801.000000000001,178.25,107
1361,68204,"1",2010,4,18,44.897079,116.5,294.3,178.25,108
1361,111104,"1",2023,4,17,49.579857,158.047,614.076,178.25,107
1361,3019,"1",2015,4,11,63.561215,96.054,633.4,178.25,101
1361,2840,"1",2015,4,8,63.561215,79.071,633.4,178.25,98
1361,3143,"1",2015,4,14,63.561215,107.984,636.2,178.25,104
1361,68211,"1",2011,4,7,57.929074,133.104,530.000000000001,178.25,97
1362,68247,"1",2011,4,11,57.929074,164.554,530.000000000001,114.75,101
1363,103862,"1",2022,4,4,54.765427,114.392,727.6,106,94
1363,25630,"1",2018,4,17,62.9482860000001,130.863,801.000000000001,106,107
1363,105992,"1",2022,4,11,54.765427,131.39,748.1,106,101
1364,68287,"1",2011,4,7,57.929074,133.104,530.000000000001,105,97
1365,68315,"1",2011,4,7,57.929074,133.104,530.000000000001,174.5,97
1367,25137,"1",2018,4,12,62.9482860000001,105.257,798.600000000001,86,102
1367,103992,"1",2022,4,4,54.765427,114.392,727.6,86,94
1367,106167,"1",2022,4,11,54.765427,131.39,748.1,86,101
1367,101999,"1",2021,4,26,51.053388,154.887,601.200000000001,86,116
1367,25631,"1",2018,4,17,62.9482860000001,130.863,801.000000000001,86,107
1367,111039,"1",2023,4,17,49.579857,158.047,614.076,86,107
1368,68493,"1",2011,4,5,57.929074,117.124,528.800000000001,118,95
1370,68534,"1",2011,4,7,57.929074,133.104,530.000000000001,77,97
1371,111544,"1",2023,4,25,49.579857,192.193,628.576,108.333333333333,115
1371,25747,"1",2018,4,17,62.9482860000001,130.863,801.000000000001,108.333333333333,107
1371,25218,"1",2018,4,12,62.9482860000001,105.257,798.600000000001,108.333333333333,102
1371,68555,"1",2011,4,7,57.929074,133.104,530.000000000001,108.333333333333,97
1371,102869,"1",2021,4,30,51.053388,163.636,609.300000000001,108.333333333333,120
1371,104012,"1",2022,4,4,54.765427,114.392,727.6,108.333333333333,94
1372,68583,"1",2011,4,9,57.929074,149.924,530.000000000001,69,99
1372,112578,"1",2024,4,9,47.235357,247.208,791.99,69,99
1372,68582,"1",2010,4,28,44.897079,174.111,297.6,69,118
1372,12013,"1",2016,5,2,45.466249,190.195,808.200000000001,69,122
1372,25632,"1",2018,4,17,62.9482860000001,130.863,801.000000000001,69,107
1372,20221,"1",2017,4,24,57.27478,282.732,618.6,69,114
1372,20216,"1",2017,4,12,57.27478,224.79,616.7,69,102
1372,20219,"1",2017,4,17,57.27478,251.49,617,69,107
1372,20220,"1",2017,4,21,57.27478,265.542,618.4,69,111
1372,12008,"1",2016,4,18,45.466249,143.7,799.700000000001,69,108
1372,20218,"1",2017,4,15,57.27478,240.22,616.7,69,105
1372,113384,"1",2024,4,25,47.235357,312.308,800.638,69,115
1372,5913,"1",2015,5,1,63.561215,202.117,645.7,69,121
1372,20215,"1",2017,4,11,57.27478,220.41,616.7,69,101
1372,12011,"1",2016,4,24,45.466249,168.299,805.500000000001,69,114
1372,5231,"1",2015,4,27,63.561215,186.037,642.3,69,117
1373,68607,"1",2011,4,7,57.929074,133.104,530.000000000001,114,97
1374,68633,"1",2010,4,22,44.897079,135.631,294.4,88,112
1374,102005,"1",2021,4,30,51.053388,163.636,609.300000000001,88,120
1374,12018,"1",2016,4,13,45.466249,124.774,786.000000000001,88,103
1374,111092,"1",2023,4,17,49.579857,158.047,614.076,88,107
1374,105041,"1",2022,4,7,54.765427,127.68,730.7,88,97
1374,68639,"1",2011,4,8,57.929074,142.074,530.000000000001,88,98
1374,111510,"1",2023,4,25,49.579857,192.193,628.576,88,115
1374,3827,"1",2015,4,19,63.561215,147.224,636.2,88,109
1374,103827,"1",2022,4,4,54.765427,114.392,727.6,88,94
1374,105955,"1",2022,4,11,54.765427,131.39,748.1,88,101
1375,106216,"1",2022,4,11,54.765427,131.39,748.1,38,101
1375,68674,"1",2011,4,12,57.929074,173.014,530.000000000001,38,102
1375,68682,"1",2013,4,29,62.3908210000001,113.9,898.600000000001,38,119
1376,104043,"1",2022,4,4,54.765427,114.392,727.6,104.5,94
1376,68694,"1",2011,4,6,57.929074,121.584,530.000000000001,104.5,96
1376,112518,"1",2024,4,8,47.235357,241.998,791.99,104.5,98
1377,68717,"1",2011,4,12,57.929074,173.014,530.000000000001,27,102
1377,68726,"1",2013,4,29,62.3908210000001,113.9,898.600000000001,27,119
1378,26024,"1",2018,4,20,62.9482860000001,169.563,801.000000000001,53.5,110
1378,68750,"1",2013,5,5,62.3908210000001,146.45,899.000000000001,53.5,125
1378,68742,"1",2011,4,13,57.929074,176.584,530.000000000001,53.5,103
1378,109355,"1",2022,4,25,54.765427,217.83,748.2,53.5,115
1378,102017,"1",2021,5,19,51.053388,262.441,670.900000000001,53.5,139
1380,111324,"1",2023,4,18,49.579857,164.477,614.326,164,108
1380,102023,"1",2021,5,3,51.053388,172.128,609.600000000001,164,123
1380,105172,"1",2022,4,7,54.765427,127.68,730.7,164,97
1380,68789,"1",2011,4,4,57.929074,113.214,528.800000000001,164,94
1380,68799,"1",2013,4,29,62.3908210000001,113.9,898.600000000001,164,119
1382,68827,"1",2011,4,9,57.929074,149.924,530.000000000001,NA,99
1383,68838,"1",2011,4,12,57.929074,173.014,530.000000000001,18,102
1383,68847,"1",2013,4,29,62.3908210000001,113.9,898.600000000001,18,119
1384,68863,"1",2011,4,6,57.929074,121.584,530.000000000001,248,96
1384,111228,"1",2023,4,18,49.579857,164.477,614.326,248,108
1385,104058,"1",2022,4,4,54.765427,114.392,727.6,291,94
1385,68888,"1",2011,4,2,57.929074,99.514,528.800000000001,291,92
1386,68912,"1",2011,4,2,57.929074,99.514,528.800000000001,377.75,92
1387,68937,"1",2011,4,2,57.929074,99.514,528.800000000001,330,92
1388,68959,"1",2011,3,30,57.929074,81.534,522.800000000001,401.5,90
1390,105183,"1",2022,4,7,54.765427,127.68,730.7,281,97
1390,12056,"1",2016,4,16,45.466249,142.074,788.900000000001,281,106
1390,20339,"1",2017,4,5,57.27478,182.5,616.7,281,95
1390,69007,"1",2011,4,6,57.929074,121.584,530.000000000001,281,96
1390,111962,"1",2023,4,28,49.579857,201.237,638.576,281,118
1390,26042,"1",2018,4,20,62.9482860000001,169.563,801.000000000001,281,110
1390,104054,"1",2022,4,4,54.765427,114.392,727.6,281,94
1390,3714,"1",2015,4,18,63.561215,143.314,636.2,281,108
1390,106230,"1",2022,4,11,54.765427,131.39,748.1,281,101
1390,4402,"1",2015,4,22,63.561215,161.262,636.2,281,112
1391,105192,"1",2022,4,7,54.765427,127.68,730.7,49,97
1391,69048,"1",2013,4,29,62.3908210000001,113.9,898.600000000001,49,119
1391,106243,"1",2022,4,11,54.765427,131.39,748.1,49,101
1391,69040,"1",2011,4,10,57.929074,159.074,530.000000000001,49,100
1393,69072,"1",2011,4,10,57.929074,159.074,530.000000000001,82,100
1394,69103,"1",2013,4,29,62.3908210000001,113.9,898.600000000001,105,119
1394,69094,"1",2011,4,6,57.929074,121.584,530.000000000001,105,96
1395,69127,"1",2013,4,29,62.3908210000001,113.9,898.600000000001,269.5,119
1396,25426,"1",2018,4,16,62.9482860000001,124.453,799.000000000001,315,106
1396,69148,"1",2013,4,27,62.3908210000001,109.81,896.800000000001,315,117
1397,69163,"1",2011,3,30,57.929074,81.534,522.800000000001,305.5,90
1398,69195,"1",2013,4,29,62.3908210000001,113.9,898.600000000001,248,119
1398,69186,"1",2011,4,2,57.929074,99.514,528.800000000001,248,92
1399,102053,"1",2021,4,27,51.053388,156.102,601.200000000001,267.5,117
1399,106223,"1",2022,4,11,54.765427,131.39,748.1,267.5,101
1399,69210,"1",2011,3,30,57.929074,81.534,522.800000000001,267.5,90
1400,111226,"1",2023,4,18,49.579857,164.477,614.326,262.5,108
1400,102057,"1",2021,4,27,51.053388,156.102,601.200000000001,262.5,117
1400,102058,"1",2021,5,3,51.053388,172.128,609.600000000001,262.5,123
1400,25428,"1",2018,4,16,62.9482860000001,124.453,799.000000000001,262.5,106
1400,69240,"1",2010,4,21,44.897079,133.58,294.4,262.5,111
1400,3482,"1",2015,4,15,63.561215,115.974,636.2,262.5,105
1400,69247,"1",2011,4,10,57.929074,159.074,530.000000000001,262.5,100
1400,20425,"1",2017,4,5,57.27478,182.5,616.7,262.5,95
1401,20448,"1",2017,4,5,57.27478,182.5,616.7,272.5,95
1401,111227,"1",2023,4,18,49.579857,164.477,614.326,272.5,108
1401,4056,"1",2015,4,19,63.561215,147.224,636.2,272.5,109
1403,102069,"1",2021,4,27,51.053388,156.102,601.200000000001,185.5,117
1403,25430,"1",2018,4,16,62.9482860000001,124.453,799.000000000001,185.5,106
1403,69334,"1",2011,4,9,57.929074,149.924,530.000000000001,185.5,99
1403,12110,"1",2016,4,14,45.466249,130.724,786.000000000001,185.5,104
1403,12111,"1",2016,4,16,45.466249,142.074,788.900000000001,185.5,106
1404,69376,"1",2013,4,27,62.3908210000001,109.81,896.800000000001,238,117
1404,69366,"1",2011,3,30,57.929074,81.534,522.800000000001,238,90
1404,105076,"1",2022,4,7,54.765427,127.68,730.7,238,97
1405,69397,"1",2011,4,2,57.929074,99.514,528.800000000001,310,92
1405,12122,"1",2016,4,16,45.466249,142.074,788.900000000001,310,106
1405,12121,"1",2016,4,14,45.466249,130.724,786.000000000001,310,104
1405,12123,"1",2016,4,18,45.466249,143.7,799.700000000001,310,108
1405,69390,"1",2010,4,21,44.897079,133.58,294.4,310,111
1405,102073,"1",2021,4,27,51.053388,156.102,601.200000000001,310,117
1405,111223,"1",2023,4,18,49.579857,164.477,614.326,310,108
1405,3384,"1",2015,4,15,63.561215,115.974,636.2,310,105
1406,69429,"1",2011,4,8,57.929074,142.074,530.000000000001,75,98
1407,69443,"1",2011,4,8,57.929074,142.074,530.000000000001,82.5,98
1408,69463,"1",2011,4,8,57.929074,142.074,530.000000000001,NA,98
1409,69474,"1",2013,4,27,62.3908210000001,109.81,896.800000000001,191,117
1409,69469,"1",2011,4,8,57.929074,142.074,530.000000000001,191,98
1410,69483,"1",2013,4,22,62.3908210000001,75.439,892.100000000001,83,112
1411,102080,"1",2021,4,26,51.053388,154.887,601.200000000001,69.5,116
1411,104002,"1",2022,4,4,54.765427,114.392,727.6,69.5,94
1412,69544,"1",2011,4,4,57.929074,113.214,528.800000000001,120,94
1413,111036,"1",2023,4,17,49.579857,158.047,614.076,119,107
1413,69571,"1",2011,4,8,57.929074,142.074,530.000000000001,119,98
1413,112687,"1",2024,4,10,47.235357,249.559,793.37,119,100
1414,102086,"1",2021,4,26,51.053388,154.887,601.200000000001,92.5,116
1414,103993,"1",2022,4,4,54.765427,114.392,727.6,92.5,94
1414,69596,"1",2011,4,7,57.929074,133.104,530.000000000001,92.5,97
1415,69623,"1",2011,4,8,57.929074,142.074,530.000000000001,83,98
1416,111037,"1",2023,4,17,49.579857,158.047,614.076,119.5,107
1416,69648,"1",2011,4,7,57.929074,133.104,530.000000000001,119.5,97
1417,103994,"1",2022,4,4,54.765427,114.392,727.6,110,94
1417,111536,"1",2023,4,25,49.579857,192.193,628.576,110,115
1417,12133,"1",2016,4,18,45.466249,143.7,799.700000000001,110,108
1417,12134,"1",2016,4,21,45.466249,159.29,799.700000000001,110,111
1417,12132,"1",2016,4,13,45.466249,124.774,786.000000000001,110,103
1417,25635,"1",2018,4,17,62.9482860000001,130.863,801.000000000001,110,107
1417,69674,"1",2010,4,19,44.897079,123.15,294.3,110,109
1417,3851,"1",2015,4,19,63.561215,147.224,636.2,110,109
1417,102094,"1",2021,4,30,51.053388,163.636,609.300000000001,110,120
1417,111040,"1",2023,4,17,49.579857,158.047,614.076,110,107
1417,26306,"1",2018,4,21,62.9482860000001,183.673,801.000000000001,110,111
1417,69686,"1",2011,4,8,57.929074,142.074,530.000000000001,110,98
1417,4540,"1",2015,4,23,63.561215,168.022,636.2,110,113
1418,69720,"1",2011,4,7,57.929074,133.104,530.000000000001,78,97
1418,111537,"1",2023,4,25,49.579857,192.193,628.576,78,115
1419,69746,"1",2011,4,4,57.929074,113.214,528.800000000001,138,94
1420,25636,"1",2018,4,17,62.9482860000001,130.863,801.000000000001,127,107
1420,111038,"1",2023,4,17,49.579857,158.047,614.076,127,107
1420,69780,"1",2010,4,17,44.897079,113.594,294.3,127,107
1420,102100,"1",2021,4,26,51.053388,154.887,601.200000000001,127,116
1420,3136,"1",2015,4,14,63.561215,107.984,636.2,127,104
1420,12143,"1",2016,4,13,45.466249,124.774,786.000000000001,127,103
1420,69791,"1",2011,4,8,57.929074,142.074,530.000000000001,127,98
1421,26308,"1",2018,4,21,62.9482860000001,183.673,801.000000000001,100,111
1421,25637,"1",2018,4,17,62.9482860000001,130.863,801.000000000001,100,107
1421,111535,"1",2023,4,25,49.579857,192.193,628.576,100,115
1421,20559,"1",2017,4,26,57.27478,290.212,618.6,100,116
1421,111035,"1",2023,4,17,49.579857,158.047,614.076,100,107
1421,103990,"1",2022,4,4,54.765427,114.392,727.6,100,94
1422,69834,"1",2011,4,11,57.929074,164.554,530.000000000001,48,101
1423,102105,"1",2021,4,14,51.053388,121.711,601.200000000001,307.5,104
1423,69867,"1",2011,4,3,57.929074,108.384,528.800000000001,307.5,93
1423,2981,"1",2015,4,11,63.561215,96.054,633.4,307.5,101
1423,69859,"1",2010,4,8,44.897079,78.383,294.1,307.5,98
1423,25638,"1",2018,4,17,62.9482860000001,130.863,801.000000000001,307.5,107
1423,2827,"1",2015,4,8,63.561215,79.071,633.4,307.5,98
1424,112634,"1",2024,4,10,47.235357,249.559,793.37,165.5,100
1424,110962,"1",2023,4,17,49.579857,158.047,614.076,165.5,107
1425,69944,"1",2011,4,9,57.929074,149.924,530.000000000001,174.5,99
1426,2887,"1",2015,4,9,63.561215,86.521,633.4,122.5,99
1427,20640,"1",2017,4,6,57.27478,186.96,616.7,151.5,96
1427,12187,"1",2016,4,14,45.466249,130.724,786.000000000001,151.5,104
1427,110960,"1",2023,4,17,49.579857,158.047,614.076,151.5,107
1427,3901,"1",2015,4,19,63.561215,147.224,636.2,151.5,109
1427,106044,"1",2022,4,11,54.765427,131.39,748.1,151.5,101
1427,70004,"1",2010,4,16,44.897079,110.692,294.3,151.5,106
1434,70181,"1",2011,4,9,57.929074,149.924,530.000000000001,120,99
1435,102131,"1",2021,4,14,51.053388,121.711,601.200000000001,112,104
1435,70204,"1",2011,4,9,57.929074,149.924,530.000000000001,112,99
1436,106191,"1",2022,4,11,54.765427,131.39,748.1,87,101
1437,70308,"1",2011,3,31,57.929074,86.194,523.500000000001,106,91
1437,110966,"1",2023,4,17,49.579857,158.047,614.076,106,107
1437,106193,"1",2022,4,11,54.765427,131.39,748.1,106,101
1437,70299,"1",2010,4,13,44.897079,102.173,294.3,106,103
1437,2897,"1",2015,4,9,63.561215,86.521,633.4,106,99
1437,12197,"1",2016,4,14,45.466249,130.724,786.000000000001,106,104
1440,70497,"1",2011,4,3,57.929074,108.384,528.800000000001,NA,93
1443,70568,"1",2011,3,29,57.929074,81.534,521.600000000001,146.5,89
1444,70600,"1",2011,4,5,57.929074,117.124,528.800000000001,156.5,95
1444,3902,"1",2015,4,19,63.561215,147.224,636.2,156.5,109
1444,70594,"1",2010,4,16,44.897079,110.692,294.3,156.5,106
1444,20686,"1",2017,4,6,57.27478,186.96,616.7,156.5,96
1444,3181,"1",2015,4,14,63.561215,107.984,636.2,156.5,104
1445,25645,"1",2018,4,17,62.9482860000001,130.863,801.000000000001,182.5,107
1445,70635,"1",2011,4,3,57.929074,108.384,528.800000000001,182.5,93
1446,70663,"1",2011,4,11,57.929074,164.554,530.000000000001,25,101
1448,20728,"1",2017,4,8,57.27478,196.92,616.7,109,98
1448,102137,"1",2021,4,20,51.053388,129.848,601.200000000001,109,110
1448,70706,"1",2010,4,26,44.897079,157.861,296.6,109,116
1450,20754,"1",2017,4,14,57.27478,235.59,616.7,85,104
1450,70744,"1",2013,4,28,62.3908210000001,110.61,896.900000000001,85,118
1450,12237,"1",2016,4,18,45.466249,143.7,799.700000000001,85,108
1450,12236,"1",2016,4,14,45.466249,130.724,786.000000000001,85,104
1450,102144,"1",2021,4,26,51.053388,154.887,601.200000000001,85,116
1450,70765,"1",2011,4,11,57.929074,164.554,530.000000000001,85,101
1450,20753,"1",2017,4,12,57.27478,224.79,616.7,85,102
1450,12241,"1",2016,4,27,45.466249,173.713,806.100000000001,85,117
1450,70758,"1",2010,4,24,44.897079,144.361,294.4,85,114
1450,3903,"1",2015,4,19,63.561215,147.224,636.2,85,109
1450,20751,"1",2017,4,8,57.27478,196.92,616.7,85,98
1450,20752,"1",2017,4,11,57.27478,220.41,616.7,85,101
1450,12238,"1",2016,4,20,45.466249,154.56,799.700000000001,85,110
1451,70787,"1",2011,4,11,57.929074,164.554,530.000000000001,25,101
1452,70815,"1",2010,4,13,44.897079,102.173,294.3,124.5,103
1454,70877,"1",2011,3,29,57.929074,81.534,521.600000000001,107,89
1455,70908,"1",2011,4,4,57.929074,113.214,528.800000000001,145,94
1457,70956,"1",2011,3,31,57.929074,86.194,523.500000000001,226,91
1458,70979,"1",2010,4,25,44.897079,151.551,294.4,77,115
1458,12260,"1",2016,4,23,45.466249,167.48,799.700000000001,77,113
1458,12262,"1",2016,4,27,45.466249,173.713,806.100000000001,77,117
1459,106053,"1",2022,4,11,54.765427,131.39,748.1,152,101
1459,110964,"1",2023,4,17,49.579857,158.047,614.076,152,107
1459,3186,"1",2015,4,14,63.561215,107.984,636.2,152,104
1459,3562,"1",2015,4,17,63.561215,137.434,636.2,152,107
1459,3063,"1",2015,4,11,63.561215,96.054,633.4,152,101
1459,3907,"1",2015,4,19,63.561215,147.224,636.2,152,109
1460,25653,"1",2018,4,17,62.9482860000001,130.863,801.000000000001,110,107
1460,25153,"1",2018,4,12,62.9482860000001,105.257,798.600000000001,110,102
1460,71057,"1",2011,4,3,57.929074,108.384,528.800000000001,110,93
1462,71101,"1",2011,4,3,57.929074,108.384,528.800000000001,155,93
1463,106050,"1",2022,4,11,54.765427,131.39,748.1,126.5,101
1463,71125,"1",2011,4,9,57.929074,149.924,530.000000000001,126.5,99
1465,25654,"1",2018,4,17,62.9482860000001,130.863,801.000000000001,115.5,107
1465,71179,"1",2011,4,7,57.929074,133.104,530.000000000001,115.5,97
1466,112628,"1",2024,4,10,47.235357,249.559,793.37,97,100
1466,25655,"1",2018,4,17,62.9482860000001,130.863,801.000000000001,97,107
1466,106056,"1",2022,4,11,54.765427,131.39,748.1,97,101
1466,25155,"1",2018,4,12,62.9482860000001,105.257,798.600000000001,97,102
1466,3042,"1",2015,4,11,63.561215,96.054,633.4,97,101
1469,3904,"1",2015,4,19,63.561215,147.224,636.2,147,109
1469,20886,"1",2017,4,6,57.27478,186.96,616.7,147,96
1469,110961,"1",2023,4,17,49.579857,158.047,614.076,147,107
1469,25656,"1",2018,4,17,62.9482860000001,130.863,801.000000000001,147,107
1469,106046,"1",2022,4,11,54.765427,131.39,748.1,147,101
1469,12298,"1",2016,4,14,45.466249,130.724,786.000000000001,147,104
1469,25156,"1",2018,4,12,62.9482860000001,105.257,798.600000000001,147,102
1469,102171,"1",2021,4,26,51.053388,154.887,601.200000000001,147,116
1469,3183,"1",2015,4,14,63.561215,107.984,636.2,147,104
1469,3559,"1",2015,4,17,63.561215,137.434,636.2,147,107
1469,71349,"1",2010,4,17,44.897079,113.594,294.3,147,107
1471,71414,"1",2011,4,6,57.929074,121.584,530.000000000001,128,96
1473,110963,"1",2023,4,17,49.579857,158.047,614.076,153.333333333333,107
1474,102175,"1",2021,4,14,51.053388,121.711,601.200000000001,163,104
1474,71490,"1",2010,4,10,44.897079,90.053,294.3,163,100
1474,25157,"1",2018,4,12,62.9482860000001,105.257,798.600000000001,163,102
1474,3061,"1",2015,4,11,63.561215,96.054,633.4,163,101
1475,112624,"1",2024,4,10,47.235357,249.559,793.37,173,100
1475,110965,"1",2023,4,17,49.579857,158.047,614.076,173,107
1475,102183,"1",2021,4,30,51.053388,163.636,609.300000000001,173,120
1475,71531,"1",2011,4,7,57.929074,133.104,530.000000000001,173,97
1475,25657,"1",2018,4,17,62.9482860000001,130.863,801.000000000001,173,107
1475,111744,"1",2023,4,26,49.579857,193.302,638.576,173,116
1476,71558,"1",2011,4,7,57.929074,133.104,530.000000000001,195,97
1478,71593,"1",2011,4,7,57.929074,133.104,530.000000000001,92,97
1479,71613,"1",2011,4,7,57.929074,133.104,530.000000000001,58,97
1480,71637,"1",2011,3,29,57.929074,81.534,521.600000000001,92.5,89
1481,71662,"1",2011,4,5,57.929074,117.124,528.800000000001,90,95
1482,71689,"1",2011,4,5,57.929074,117.124,528.800000000001,75,95
1483,3878,"1",2015,4,19,63.561215,147.224,636.2,99,109
1483,111530,"1",2023,4,25,49.579857,192.193,628.576,99,115
1483,71724,"1",2010,4,25,44.897079,151.551,294.4,99,115
1483,102190,"1",2021,4,30,51.053388,163.636,609.300000000001,99,120
1484,112602,"1",2024,4,10,47.235357,249.559,793.37,146,100
1484,71764,"1",2011,4,5,57.929074,117.124,528.800000000001,146,95
1484,20955,"1",2017,4,11,57.27478,220.41,616.7,146,101
1484,102196,"1",2021,4,30,51.053388,163.636,609.300000000001,146,120
1484,108364,"1",2022,4,22,54.765427,199.26,748.2,146,112
1484,71756,"1",2010,4,20,44.897079,128.91,294.3,146,110
1488,71931,"1",2010,4,12,44.897079,99.952,294.3,181,102
1488,25161,"1",2018,4,12,62.9482860000001,105.257,798.600000000001,181,102
1488,3867,"1",2015,4,19,63.561215,147.224,636.2,181,109
1488,111028,"1",2023,4,17,49.579857,158.047,614.076,181,107
1488,71941,"1",2011,4,3,57.929074,108.384,528.800000000001,181,93
1489,111029,"1",2023,4,17,49.579857,158.047,614.076,175,107
1489,71977,"1",2011,4,3,57.929074,108.384,528.800000000001,175,93
1489,111739,"1",2023,4,26,49.579857,193.302,638.576,175,116
1490,72005,"1",2011,4,7,57.929074,133.104,530.000000000001,170,97
1491,3149,"1",2015,4,14,63.561215,107.984,636.2,213.5,104
1491,25162,"1",2018,4,12,62.9482860000001,105.257,798.600000000001,213.5,102
1491,3525,"1",2015,4,17,63.561215,137.434,636.2,213.5,107
1491,72036,"1",2010,4,25,44.897079,151.551,294.4,213.5,115
1491,102208,"1",2021,4,30,51.053388,163.636,609.300000000001,213.5,120
1491,3868,"1",2015,4,19,63.561215,147.224,636.2,213.5,109
1491,20998,"1",2017,4,9,57.27478,204.08,616.7,213.5,99
1491,106009,"1",2022,4,11,54.765427,131.39,748.1,213.5,101
1491,111531,"1",2023,4,25,49.579857,192.193,628.576,213.5,115
1491,72045,"1",2011,4,8,57.929074,142.074,530.000000000001,213.5,98
1492,72083,"1",2011,3,29,57.929074,81.534,521.600000000001,182,89
1493,102213,"1",2021,4,26,51.053388,154.887,601.200000000001,46,116
1493,102214,"1",2021,4,30,51.053388,163.636,609.300000000001,46,120
1493,12361,"1",2016,4,14,45.466249,130.724,786.000000000001,46,104
1493,102212,"1",2021,4,20,51.053388,129.848,601.200000000001,46,110
1493,72106,"1",2010,4,10,44.897079,90.053,294.3,46,100
1494,72152,"1",2011,3,29,57.929074,81.534,521.600000000001,181.5,89
1495,106182,"1",2022,4,11,54.765427,131.39,748.1,55,101
1495,72179,"1",2011,4,12,57.929074,173.014,530.000000000001,55,102
1496,111546,"1",2023,4,25,49.579857,192.193,628.576,71.5,115
1496,72203,"1",2011,4,13,57.929074,176.584,530.000000000001,71.5,103
1496,111121,"1",2023,4,17,49.579857,158.047,614.076,71.5,107
1496,72187,"1",2013,5,4,62.3908210000001,139.89,898.700000000001,71.5,124
1497,72213,"1",2013,5,4,62.3908210000001,139.89,898.700000000001,40,124
1497,102220,"1",2021,4,30,51.053388,163.636,609.300000000001,40,120
1497,107882,"1",2022,4,20,54.765427,187.41,748.2,40,110
1497,72228,"1",2011,4,13,57.929074,176.584,530.000000000001,40,103
1497,111545,"1",2023,4,25,49.579857,192.193,628.576,40,115
1498,21045,"1",2017,4,21,57.27478,265.542,618.4,159,111
1498,72246,"1",2011,4,9,57.929074,149.924,530.000000000001,159,99
1498,106184,"1",2022,4,11,54.765427,131.39,748.1,159,101
1498,21044,"1",2017,4,17,57.27478,251.49,617,159,107
1498,108636,"1",2022,4,22,54.765427,199.26,748.2,159,112
1498,12371,"1",2016,4,23,45.466249,167.48,799.700000000001,159,113
1498,21043,"1",2017,4,14,57.27478,235.59,616.7,159,104
1498,107883,"1",2022,4,20,54.765427,187.41,748.2,159,110
1498,12372,"1",2016,4,27,45.466249,173.713,806.100000000001,159,117
1498,12373,"1",2016,5,1,45.466249,184.785,808.200000000001,159,121
1499,72272,"1",2011,4,3,57.929074,108.384,528.800000000001,NA,93
1500,72297,"1",2011,4,4,57.929074,113.214,528.800000000001,NA,94
1500,25165,"1",2018,4,12,62.9482860000001,105.257,798.600000000001,NA,102
1502,72352,"1",2011,3,31,57.929074,86.194,523.500000000001,NA,91
1503,72377,"1",2011,3,31,57.929074,86.194,523.500000000001,NA,91
1504,25660,"1",2018,4,17,62.9482860000001,130.863,801.000000000001,267,107
1504,25166,"1",2018,4,12,62.9482860000001,105.257,798.600000000001,267,102
1504,103906,"1",2022,4,4,54.765427,114.392,727.6,267,94
1506,72603,"1",2010,4,17,44.897079,113.594,294.3,102.5,107
1506,21100,"1",2017,4,6,57.27478,186.96,616.7,102.5,96
1506,72613,"1",2011,4,3,57.929074,108.384,528.800000000001,102.5,93
1506,3920,"1",2015,4,19,63.561215,147.224,636.2,102.5,109
1506,110958,"1",2023,4,17,49.579857,158.047,614.076,102.5,107
1506,106037,"1",2022,4,11,54.765427,131.39,748.1,102.5,101
1506,12393,"1",2016,4,14,45.466249,130.724,786.000000000001,102.5,104
1506,3823,"1",2015,4,18,63.561215,143.314,636.2,102.5,108
1507,72649,"1",2011,4,7,57.929074,133.104,530.000000000001,74,97
1508,72673,"1",2011,4,9,57.929074,149.924,530.000000000001,71,99
1509,102243,"1",2021,4,30,51.053388,163.636,609.300000000001,106,120
1509,25167,"1",2018,4,12,62.9482860000001,105.257,798.600000000001,106,102
1509,103909,"1",2022,4,4,54.765427,114.392,727.6,106,94
1509,106038,"1",2022,4,11,54.765427,131.39,748.1,106,101
1509,72694,"1",2011,4,9,57.929074,149.924,530.000000000001,106,99
1511,72764,"1",2011,4,9,57.929074,149.924,530.000000000001,95,99
1513,72812,"1",2011,4,9,57.929074,149.924,530.000000000001,87,99
1513,110957,"1",2023,4,17,49.579857,158.047,614.076,87,107
1514,72826,"1",2011,4,9,57.929074,149.924,530.000000000001,121.5,99
1515,72853,"1",2011,4,7,57.929074,133.104,530.000000000001,101.5,97
1517,72908,"1",2011,4,6,57.929074,121.584,530.000000000001,79,96
1518,72931,"1",2011,4,3,57.929074,108.384,528.800000000001,76,93
1520,103907,"1",2022,4,4,54.765427,114.392,727.6,105.5,94
1520,72972,"1",2011,3,27,57.929074,76.909,521.500000000001,105.5,87
1521,73002,"1",2010,4,23,44.897079,139.011,294.4,137,113
1523,73064,"1",2011,4,3,57.929074,108.384,528.800000000001,148,93
1524,3520,"1",2015,4,17,63.561215,137.434,636.2,43,107
1524,12411,"1",2016,4,14,45.466249,130.724,786.000000000001,43,104
1525,73119,"1",2011,4,7,57.929074,133.104,530.000000000001,70,97
1526,103866,"1",2022,4,4,54.765427,114.392,727.6,83,94
1526,73145,"1",2011,4,7,57.929074,133.104,530.000000000001,83,97
1527,73174,"1",2011,4,7,57.929074,133.104,530.000000000001,97.5,97
1528,73202,"1",2011,4,7,57.929074,133.104,530.000000000001,69.5,97
1528,111523,"1",2023,4,25,49.579857,192.193,628.576,69.5,115
1529,73227,"1",2011,4,9,57.929074,149.924,530.000000000001,45,99
1530,73256,"1",2011,4,7,57.929074,133.104,530.000000000001,94.5,97
1530,102967,"1",2021,4,26,51.053388,154.887,601.200000000001,94.5,116
1530,103869,"1",2022,4,4,54.765427,114.392,727.6,94.5,94
1531,111524,"1",2023,4,25,49.579857,192.193,628.576,89.5,115
1531,12421,"1",2016,4,14,45.466249,130.724,786.000000000001,89.5,104
1531,73283,"1",2010,4,25,44.897079,151.551,294.4,89.5,115
1531,102250,"1",2021,4,30,51.053388,163.636,609.300000000001,89.5,120
1531,111107,"1",2023,4,17,49.579857,158.047,614.076,89.5,107
1531,73288,"1",2011,4,7,57.929074,133.104,530.000000000001,89.5,97
1531,3864,"1",2015,4,19,63.561215,147.224,636.2,89.5,109
1531,103870,"1",2022,4,4,54.765427,114.392,727.6,89.5,94
1531,3521,"1",2015,4,17,63.561215,137.434,636.2,89.5,107
1532,73336,"1",2011,4,7,57.929074,133.104,530.000000000001,249,97
1532,106000,"1",2022,4,11,54.765427,131.39,748.1,249,101
1532,111108,"1",2023,4,17,49.579857,158.047,614.076,249,107
1532,73329,"1",2010,4,23,44.897079,139.011,294.4,249,113
1532,3146,"1",2015,4,14,63.561215,107.984,636.2,249,104
1532,12431,"1",2016,4,14,45.466249,130.724,786.000000000001,249,104
1532,3522,"1",2015,4,17,63.561215,137.434,636.2,249,107
1533,73372,"1",2011,4,3,57.929074,108.384,528.800000000001,208.5,93
1535,103868,"1",2022,4,4,54.765427,114.392,727.6,69.5,94
1535,107708,"1",2022,4,20,54.765427,187.41,748.2,69.5,110
1536,73444,"1",2011,4,11,57.929074,164.554,530.000000000001,61,101
1538,111526,"1",2023,4,25,49.579857,192.193,628.576,90.5,115
1538,103881,"1",2022,4,4,54.765427,114.392,727.6,90.5,94
1538,113380,"1",2024,4,25,47.235357,312.308,800.638,90.5,115
1538,106006,"1",2022,4,11,54.765427,131.39,748.1,90.5,101
1538,73495,"1",2011,4,6,57.929074,121.584,530.000000000001,90.5,96
1538,26349,"1",2018,4,21,62.9482860000001,183.673,801.000000000001,90.5,111
1538,25663,"1",2018,4,17,62.9482860000001,130.863,801.000000000001,90.5,107
1539,73511,"1",2011,4,17,57.929074,195.419,530.100000000001,49,107
1540,73530,"1",2011,4,8,57.929074,142.074,530.000000000001,92,98
1541,73555,"1",2011,4,9,57.929074,149.924,530.000000000001,66,99
1542,12442,"1",2016,4,18,45.466249,143.7,799.700000000001,61.5,108
1542,12445,"1",2016,4,27,45.466249,173.713,806.100000000001,61.5,117
1542,21211,"1",2017,4,16,57.27478,245.76,617,61.5,106
1542,21209,"1",2017,4,12,57.27478,224.79,616.7,61.5,102
1542,12444,"1",2016,4,23,45.466249,167.48,799.700000000001,61.5,113
1542,73579,"1",2010,4,25,44.897079,151.551,294.4,61.5,115
1542,12446,"1",2016,5,3,45.466249,197.285,808.200000000001,61.5,123
1542,73584,"1",2011,4,9,57.929074,149.924,530.000000000001,61.5,99
1542,108350,"1",2022,4,22,54.765427,199.26,748.2,61.5,112
1542,5243,"1",2015,4,27,63.561215,186.037,642.3,61.5,117
1542,21208,"1",2017,4,9,57.27478,204.08,616.7,61.5,99
1542,21210,"1",2017,4,14,57.27478,235.59,616.7,61.5,104
1543,25746,"1",2018,4,17,62.9482860000001,130.863,801.000000000001,80,107
1543,106004,"1",2022,4,11,54.765427,131.39,748.1,80,101
1544,103871,"1",2022,4,4,54.765427,114.392,727.6,198.5,94
1544,3147,"1",2015,4,14,63.561215,107.984,636.2,198.5,104
1544,12451,"1",2016,4,14,45.466249,130.724,786.000000000001,198.5,104
1544,102270,"1",2021,4,26,51.053388,154.887,601.200000000001,198.5,116
1544,73642,"1",2010,4,16,44.897079,110.692,294.3,198.5,106
1545,73686,"1",2011,4,6,57.929074,121.584,530.000000000001,210,96
1546,73719,"1",2011,4,7,57.929074,133.104,530.000000000001,122,97
1546,104017,"1",2022,4,4,54.765427,114.392,727.6,122,94
1546,111041,"1",2023,4,17,49.579857,158.047,614.076,122,107
1546,73712,"1",2010,4,17,44.897079,113.594,294.3,122,107
1547,73754,"1",2011,4,9,57.929074,149.924,530.000000000001,68.5,99
1548,73783,"1",2011,4,3,57.929074,108.384,528.800000000001,102,93
1549,106226,"1",2022,4,11,54.765427,131.39,748.1,106.5,101
1549,25433,"1",2018,4,16,62.9482860000001,124.453,799.000000000001,106.5,106
1550,12472,"1",2016,4,17,45.466249,142.074,799.400000000001,47,107
1550,23519,"1",2017,4,8,57.27478,196.92,616.7,47,98
1550,73815,"1",2010,4,24,44.897079,144.361,294.4,47,114
1550,4079,"1",2015,4,19,63.561215,147.224,636.2,47,109
1550,111933,"1",2023,4,28,49.579857,201.237,638.576,47,118
1550,107617,"1",2022,4,19,54.765427,182.36,748.2,47,109
1550,4423,"1",2015,4,22,63.561215,161.262,636.2,47,112
1550,3735,"1",2015,4,18,63.561215,143.314,636.2,47,108
1552,73846,"1",2013,4,28,62.3908210000001,110.61,896.900000000001,209,118
1552,73853,"1",2010,4,18,44.897079,116.5,294.3,209,108
1552,3418,"1",2015,4,15,63.561215,115.974,636.2,209,105
1553,73869,"1",2010,4,22,44.897079,135.631,294.4,84,112
1554,112317,"1",2024,4,5,47.235357,216.188,787.482,185,95
1554,104164,"1",2022,4,5,54.765427,115.81,729.9,185,95
1555,21300,"1",2017,4,16,57.27478,245.76,617,89,106
1555,5802,"1",2015,4,30,63.561215,196.747,643.4,89,120
1555,21307,"1",2017,5,5,57.27478,333.154,623,89,125
1555,12493,"1",2016,4,20,45.466249,154.56,799.700000000001,89,110
1555,12495,"1",2016,4,26,45.466249,172.697,805.700000000001,89,116
1555,21305,"1",2017,4,30,57.27478,300.944,619.8,89,120
1555,21299,"1",2017,4,13,57.27478,230.4,616.7,89,103
1555,21298,"1",2017,4,10,57.27478,215.09,616.7,89,100
1555,21301,"1",2017,4,19,57.27478,256.752,618.4,89,109
1555,113092,"1",2024,4,15,47.235357,282.959,794.75,89,105
1555,12497,"1",2016,5,5,45.466249,211.585,808.800000000001,89,125
1555,21306,"1",2017,5,2,57.27478,316.854,621.7,89,122
1555,21302,"1",2017,4,24,57.27478,282.732,618.6,89,114
1555,25807,"1",2018,4,18,62.9482860000001,140.333,801.000000000001,89,108
1555,12496,"1",2016,4,31,45.466249,0,0,89,121
1555,21304,"1",2017,4,28,57.27478,294.411,619.7,89,118
1555,21303,"1",2017,4,26,57.27478,290.212,618.6,89,116
1555,26516,"1",2018,4,22,62.9482860000001,196.073,801.000000000001,89,112
1556,111935,"1",2023,4,28,49.579857,201.237,638.576,100,118
1557,73952,"1",2010,4,19,44.897079,123.15,294.3,93.5,109
1558,73971,"1",2010,4,22,44.897079,135.631,294.4,136,112
1559,73986,"1",2010,4,19,44.897079,123.15,294.3,121.5,109
1560,25808,"1",2018,4,18,62.9482860000001,140.333,801.000000000001,86,108
1560,74021,"1",2010,4,22,44.897079,135.631,294.4,86,112
1560,105477,"1",2022,4,8,54.765427,131.39,747.8,86,98
1562,112333,"1",2024,4,5,47.235357,216.188,787.482,209,95
1562,25877,"1",2018,4,18,62.9482860000001,140.333,801.000000000001,209,108
1563,74056,"1",2010,4,24,44.897079,144.361,294.4,37.5,114
1564,74076,"1",2010,4,26,44.897079,157.861,296.6,41.3333333333333,116
1565,74089,"1",2010,4,23,44.897079,139.011,294.4,82,113
1566,74104,"1",2010,4,23,44.897079,139.011,294.4,59,113
1568,104187,"1",2022,4,5,54.765427,115.81,729.9,139.75,95
1569,110821,"1",2023,4,14,49.579857,146.479,605.326,210.333333333333,104
1569,106386,"1",2022,4,12,54.765427,136.31,748.1,210.333333333333,102
1569,102291,"1",2021,4,28,51.053388,158.85,601.200000000001,210.333333333333,118
1570,102297,"1",2021,4,28,51.053388,158.85,601.200000000001,181.25,118
1570,25810,"1",2018,4,18,62.9482860000001,140.333,801.000000000001,181.25,108
1570,21361,"1",2017,4,6,57.27478,186.96,616.7,181.25,96
1570,110819,"1",2023,4,14,49.579857,146.479,605.326,181.25,104
1570,106387,"1",2022,4,12,54.765427,136.31,748.1,181.25,102
1572,74198,"1",2010,4,24,44.897079,144.361,294.4,82,114
1573,21385,"1",2017,4,15,57.27478,240.22,616.7,101.5,105
1573,107542,"1",2022,4,19,54.765427,182.36,748.2,101.5,109
1573,4437,"1",2015,4,22,63.561215,161.262,636.2,101.5,112
1573,21383,"1",2017,4,8,57.27478,196.92,616.7,101.5,98
1573,21384,"1",2017,4,11,57.27478,220.41,616.7,101.5,101
1573,111939,"1",2023,4,28,49.579857,201.237,638.576,101.5,118
1574,108538,"1",2022,4,22,54.765427,199.26,748.2,61.6666666666667,112
1574,107543,"1",2022,4,19,54.765427,182.36,748.2,61.6666666666667,109
1574,109497,"1",2022,4,26,54.765427,221.77,748.2,61.6666666666667,116
1574,74232,"1",2010,4,26,44.897079,157.861,296.6,61.6666666666667,116
1574,104185,"1",2022,4,5,54.765427,115.81,729.9,61.6666666666667,95
1576,112355,"1",2024,4,5,47.235357,216.188,787.482,152,95
1576,104199,"1",2022,4,5,54.765427,115.81,729.9,152,95
1576,102311,"1",2021,4,28,51.053388,158.85,601.200000000001,152,118
1576,3436,"1",2015,4,15,63.561215,115.974,636.2,152,105
1576,3268,"1",2015,4,13,63.561215,104.274,636.1,152,103
1577,25812,"1",2018,4,18,62.9482860000001,140.333,801.000000000001,160,108
1577,12558,"1",2016,4,24,45.466249,168.299,805.500000000001,160,114
1577,21430,"1",2017,4,16,57.27478,245.76,617,160,106
1577,102318,"1",2021,5,6,51.053388,185.168,620.500000000001,160,126
1577,107555,"1",2022,4,19,54.765427,182.36,748.2,160,109
1577,12555,"1",2016,4,17,45.466249,142.074,799.400000000001,160,107
1577,74293,"1",2010,4,18,44.897079,116.5,294.3,160,108
1577,4451,"1",2015,4,22,63.561215,161.262,636.2,160,112
1577,5479,"1",2015,4,28,63.561215,189.337,642.3,160,118
1577,4798,"1",2015,4,24,63.561215,171.112,636.2,160,114
1577,105483,"1",2022,4,8,54.765427,131.39,747.8,160,98
1577,104200,"1",2022,4,5,54.765427,115.81,729.9,160,95
1577,12556,"1",2016,4,20,45.466249,154.56,799.700000000001,160,110
1577,6314,"1",2015,5,4,63.561215,217.447,650.5,160,124
1577,21427,"1",2017,4,6,57.27478,186.96,616.7,160,96
1577,21428,"1",2017,4,9,57.27478,204.08,616.7,160,99
1577,111941,"1",2023,4,28,49.579857,201.237,638.576,160,118
1578,107621,"1",2022,4,19,54.765427,182.36,748.2,NA,109
1578,111942,"1",2023,4,28,49.579857,201.237,638.576,NA,118
1578,103029,"1",2021,5,6,51.053388,185.168,620.500000000001,NA,126
1579,104204,"1",2022,4,5,54.765427,115.81,729.9,65,95
1580,4452,"1",2015,4,22,63.561215,161.262,636.2,72,112
1580,74360,"1",2010,4,16,44.897079,110.692,294.3,72,106
1580,21470,"1",2017,4,11,57.27478,220.41,616.7,72,101
1580,107624,"1",2022,4,19,54.765427,182.36,748.2,72,109
1580,21469,"1",2017,4,6,57.27478,186.96,616.7,72,96
1580,4799,"1",2015,4,24,63.561215,171.112,636.2,72,114
1580,12581,"1",2016,4,24,45.466249,168.299,805.500000000001,72,114
1582,74387,"1",2010,4,24,44.897079,144.361,294.4,17,114
1584,74409,"1",2010,4,24,44.897079,144.361,294.4,56,114
1584,5499,"1",2015,4,28,63.561215,189.337,642.3,56,118
1584,107602,"1",2022,4,19,54.765427,182.36,748.2,56,109
1584,25816,"1",2018,4,18,62.9482860000001,140.333,801.000000000001,56,108
1584,74401,"1",2013,5,0,62.3908210000001,0,0,56,120
1584,4818,"1",2015,4,24,63.561215,171.112,636.2,56,114
1584,102324,"1",2021,5,6,51.053388,185.168,620.500000000001,56,126
1584,12589,"1",2016,4,20,45.466249,154.56,799.700000000001,56,110
1584,21492,"1",2017,4,11,57.27478,220.41,616.7,56,101
1584,21491,"1",2017,4,8,57.27478,196.92,616.7,56,98
1585,3458,"1",2015,4,15,63.561215,115.974,636.2,162,105
1585,102328,"1",2021,4,28,51.053388,158.85,601.200000000001,162,118
1586,12609,"1",2016,4,20,45.466249,154.56,799.700000000001,53,110
1586,5845,"1",2015,4,30,63.561215,196.747,643.4,53,120
1586,12612,"1",2016,4,29,45.466249,177.695,806.200000000001,53,119
1586,5159,"1",2015,4,26,63.561215,184.102,639.3,53,116
1586,74452,"1",2010,4,26,44.897079,157.861,296.6,53,116
1586,12611,"1",2016,4,24,45.466249,168.299,805.500000000001,53,114
1587,74464,"1",2010,4,22,44.897079,135.631,294.4,127,112
1589,74491,"1",2010,4,23,44.897079,139.011,294.4,20,113
1590,74521,"1",2010,4,18,44.897079,116.5,294.3,133,108
1593,25819,"1",2018,4,18,62.9482860000001,140.333,801.000000000001,111,108
1593,12618,"1",2016,4,17,45.466249,142.074,799.400000000001,111,107
1593,12619,"1",2016,4,20,45.466249,154.56,799.700000000001,111,110
1593,105490,"1",2022,4,8,54.765427,131.39,747.8,111,98
1597,74644,"1",2010,4,17,44.897079,113.594,294.3,97,107
1598,74660,"1",2010,4,27,44.897079,163.931,297.6,65,117
1599,105489,"1",2022,4,8,54.765427,131.39,747.8,93,98
1599,25820,"1",2018,4,18,62.9482860000001,140.333,801.000000000001,93,108
1601,105491,"1",2022,4,8,54.765427,131.39,747.8,146,98
1601,112375,"1",2024,4,5,47.235357,216.188,787.482,146,95
1601,106402,"1",2022,4,12,54.765427,136.31,748.1,146,102
1601,25821,"1",2018,4,18,62.9482860000001,140.333,801.000000000001,146,108
1601,110824,"1",2023,4,14,49.579857,146.479,605.326,146,104
1602,104210,"1",2022,4,5,54.765427,115.81,729.9,127,95
1604,25822,"1",2018,4,18,62.9482860000001,140.333,801.000000000001,186,108
1604,111946,"1",2023,4,28,49.579857,201.237,638.576,186,118
1604,107565,"1",2022,4,19,54.765427,182.36,748.2,186,109
1604,104212,"1",2022,4,5,54.765427,115.81,729.9,186,95
1605,111947,"1",2023,4,28,49.579857,201.237,638.576,139.5,118
1606,112378,"1",2024,4,5,47.235357,216.188,787.482,148,95
1606,105492,"1",2022,4,8,54.765427,131.39,747.8,148,98
1606,106403,"1",2022,4,12,54.765427,136.31,748.1,148,102
1606,74797,"1",2010,4,24,44.897079,144.361,294.4,148,114
1607,105493,"1",2022,4,8,54.765427,131.39,747.8,83.5,98
1607,25824,"1",2018,4,18,62.9482860000001,140.333,801.000000000001,83.5,108
1607,106404,"1",2022,4,12,54.765427,136.31,748.1,83.5,102
1607,74813,"1",2010,4,24,44.897079,144.361,294.4,83.5,114
1607,107567,"1",2022,4,19,54.765427,182.36,748.2,83.5,109
1608,21605,"1",2017,4,15,57.27478,240.22,616.7,62,105
1608,102346,"1",2021,5,6,51.053388,185.168,620.500000000001,62,126
1608,12629,"1",2016,4,20,45.466249,154.56,799.700000000001,62,110
1608,74835,"1",2010,4,26,44.897079,157.861,296.6,62,116
1608,12628,"1",2016,4,17,45.466249,142.074,799.400000000001,62,107
1609,3279,"1",2015,4,13,63.561215,104.274,636.1,158,103
1609,112383,"1",2024,4,5,47.235357,216.188,787.482,158,95
1609,110877,"1",2023,4,14,49.579857,146.479,605.326,158,104
1609,74874,"1",2010,4,18,44.897079,116.5,294.3,158,108
1609,106408,"1",2022,4,12,54.765427,136.31,748.1,158,102
1610,112384,"1",2024,4,5,47.235357,216.188,787.482,146,95
1610,106406,"1",2022,4,12,54.765427,136.31,748.1,146,102
1611,74914,"1",2010,4,26,44.897079,157.861,296.6,144.5,116
1612,111949,"1",2023,4,28,49.579857,201.237,638.576,92,118
1612,12648,"1",2016,4,17,45.466249,142.074,799.400000000001,92,107
1612,74934,"1",2010,4,25,44.897079,151.551,294.4,92,115
1613,4806,"1",2015,4,24,63.561215,171.112,636.2,119,114
1613,21658,"1",2017,4,10,57.27478,215.09,616.7,119,100
1613,3770,"1",2015,4,18,63.561215,143.314,636.2,119,108
1613,12658,"1",2016,4,20,45.466249,154.56,799.700000000001,119,110
1613,12657,"1",2016,4,17,45.466249,142.074,799.400000000001,119,107
1613,110823,"1",2023,4,14,49.579857,146.479,605.326,119,104
1613,25829,"1",2018,4,18,62.9482860000001,140.333,801.000000000001,119,108
1613,111948,"1",2023,4,28,49.579857,201.237,638.576,119,118
1613,4457,"1",2015,4,22,63.561215,161.262,636.2,119,112
1614,112381,"1",2024,4,5,47.235357,216.188,787.482,194,95
1615,74997,"1",2013,4,28,62.3908210000001,110.61,896.900000000001,NA,118
1615,75002,"1",2010,4,24,44.897079,144.361,294.4,NA,114
1616,21702,"1",2017,4,9,57.27478,204.08,616.7,162,99
1616,75025,"1",2010,4,24,44.897079,144.361,294.4,162,114
1616,3776,"1",2015,4,18,63.561215,143.314,636.2,162,108
1616,21701,"1",2017,4,6,57.27478,186.96,616.7,162,96
1616,106412,"1",2022,4,12,54.765427,136.31,748.1,162,102
1616,104228,"1",2022,4,5,54.765427,115.81,729.9,162,95
1616,111951,"1",2023,4,28,49.579857,201.237,638.576,162,118
1616,75016,"1",2013,4,28,62.3908210000001,110.61,896.900000000001,162,118
1617,106411,"1",2022,4,12,54.765427,136.31,748.1,71,102
1618,105064,"1",2022,4,7,54.765427,127.68,730.7,49.5,97
1618,75060,"1",2011,4,8,57.929074,142.074,530.000000000001,49.5,98
1618,75070,"1",2013,4,27,62.3908210000001,109.81,896.800000000001,49.5,117
1618,103931,"1",2022,4,4,54.765427,114.392,727.6,49.5,94
1619,105946,"1",2022,4,11,54.765427,131.39,748.1,214,101
1619,75093,"1",2011,4,5,57.929074,117.124,528.800000000001,214,95
1619,75077,"1",2013,4,24,62.3908210000001,88.389,892.100000000001,214,114
1619,25741,"1",2018,4,17,62.9482860000001,130.863,801.000000000001,214,107
1620,75143,"1",2011,3,29,57.929074,81.534,521.600000000001,289,89
1621,102370,"1",2021,4,26,51.053388,154.887,601.200000000001,233,116
1621,75170,"1",2010,4,24,44.897079,144.361,294.4,233,114
1621,25665,"1",2018,4,17,62.9482860000001,130.863,801.000000000001,233,107
1621,75178,"1",2011,4,5,57.929074,117.124,528.800000000001,233,95
1621,3824,"1",2015,4,18,63.561215,143.314,636.2,233,108
1621,111507,"1",2023,4,25,49.579857,192.193,628.576,233,115
1621,21724,"1",2017,4,10,57.27478,215.09,616.7,233,100
1621,103820,"1",2022,4,4,54.765427,114.392,727.6,233,94
1621,12687,"1",2016,4,13,45.466249,124.774,786.000000000001,233,103
1621,21723,"1",2017,4,9,57.27478,204.08,616.7,233,99
1621,25178,"1",2018,4,12,62.9482860000001,105.257,798.600000000001,233,102
1621,3323,"1",2015,4,13,63.561215,104.274,636.1,233,103
1621,3653,"1",2015,4,17,63.561215,137.434,636.2,233,107
1623,75239,"1",2011,4,4,57.929074,113.214,528.800000000001,230,94
1624,75265,"1",2011,4,7,57.929074,133.104,530.000000000001,197.5,97
1625,75293,"1",2011,4,5,57.929074,117.124,528.800000000001,295,95
1628,103971,"1",2022,4,4,54.765427,114.392,727.6,61,94
1629,75372,"1",2010,4,20,44.897079,128.91,294.3,77,110
1630,103972,"1",2022,4,4,54.765427,114.392,727.6,74,94
1633,102385,"1",2021,4,30,51.053388,163.636,609.300000000001,55,120
1638,75537,"1",2010,4,20,44.897079,128.91,294.3,70,110
1638,102396,"1",2021,4,30,51.053388,163.636,609.300000000001,70,120
1638,103979,"1",2022,4,4,54.765427,114.392,727.6,70,94
1643,75606,"1",2011,4,5,57.929074,117.124,528.800000000001,206,95
1644,75634,"1",2011,4,5,57.929074,117.124,528.800000000001,145,95
1645,75656,"1",2011,4,9,57.929074,149.924,530.000000000001,67.5,99
1645,75644,"1",2013,4,24,62.3908210000001,88.389,892.100000000001,67.5,114
1649,75788,"1",2011,4,7,57.929074,133.104,530.000000000001,80,97
1649,75780,"1",2010,4,18,44.897079,116.5,294.3,80,108
1649,21826,"1",2017,4,6,57.27478,186.96,616.7,80,96
1649,2845,"1",2015,4,8,63.561215,79.071,633.4,80,98
1649,106155,"1",2022,4,11,54.765427,131.39,748.1,80,101
1649,111112,"1",2023,4,17,49.579857,158.047,614.076,80,107
1649,3566,"1",2015,4,17,63.561215,137.434,636.2,80,107
1650,75823,"1",2011,4,7,57.929074,133.104,530.000000000001,72,97
1651,102406,"1",2021,4,22,51.053388,140.808,601.200000000001,274,112
1653,75908,"1",2010,4,19,44.897079,123.15,294.3,194.5,109
1655,75946,"1",2010,4,18,44.897079,116.5,294.3,137.5,108
1656,75962,"1",2010,4,24,44.897079,144.361,294.4,103,114
1658,111954,"1",2023,4,28,49.579857,201.237,638.576,218,118
1658,75993,"1",2010,4,23,44.897079,139.011,294.4,218,113
1659,110927,"1",2023,4,14,49.579857,146.479,605.326,193,104
1659,76009,"1",2010,4,18,44.897079,116.5,294.3,193,108
1660,12721,"1",2016,4,24,45.466249,168.299,805.500000000001,148,114
1660,105508,"1",2022,4,8,54.765427,131.39,747.8,148,98
1660,76024,"1",2010,4,23,44.897079,139.011,294.4,148,113
1660,25836,"1",2018,4,18,62.9482860000001,140.333,801.000000000001,148,108
1661,76042,"1",2010,4,25,44.897079,151.551,294.4,55,115
1662,111963,"1",2023,4,28,49.579857,201.237,638.576,77,118
1662,76062,"1",2010,4,21,44.897079,133.58,294.4,77,111
1662,76069,"1",2011,4,5,57.929074,117.124,528.800000000001,77,95
1662,21851,"1",2017,4,10,57.27478,215.09,616.7,77,100
1662,21850,"1",2017,4,10,57.27478,215.09,616.7,77,100
1662,21852,"1",2017,4,12,57.27478,224.79,616.7,77,102
1662,12731,"1",2016,4,27,45.466249,173.713,806.100000000001,77,117
1663,76095,"1",2011,3,30,57.929074,81.534,522.800000000001,134.5,90
1664,106120,"1",2022,4,11,54.765427,131.39,748.1,62,101
1665,76131,"1",2011,4,1,57.929074,93.294,528.800000000001,178,91
1667,76213,"1",2011,4,14,57.929074,179.209,530.000000000001,62.5,104
1667,111961,"1",2023,4,28,49.579857,201.237,638.576,62.5,118
1667,25435,"1",2018,4,16,62.9482860000001,124.453,799.000000000001,62.5,106
1667,76228,"1",2013,4,29,62.3908210000001,113.9,898.600000000001,62.5,119
1667,21872,"1",2017,4,5,57.27478,182.5,616.7,62.5,95
1667,102420,"1",2021,4,27,51.053388,156.102,601.200000000001,62.5,117
1667,106228,"1",2022,4,11,54.765427,131.39,748.1,62.5,101
1667,12738,"1",2016,4,17,45.466249,142.074,799.400000000001,62.5,107
1668,76244,"1",2011,4,10,57.929074,159.074,530.000000000001,102,100
1668,76252,"1",2013,4,27,62.3908210000001,109.81,896.800000000001,102,117
1669,76285,"1",2011,4,6,57.929074,121.584,530.000000000001,42,96
1669,76296,"1",2013,5,5,62.3908210000001,146.45,899.000000000001,42,125
1670,76306,"1",2010,4,26,44.897079,157.861,296.6,110,116
1670,23385,"1",2017,4,5,57.27478,182.5,616.7,110,95
1670,23386,"1",2017,4,9,57.27478,204.08,616.7,110,99
1670,4405,"1",2015,4,22,63.561215,161.262,636.2,110,112
1670,111964,"1",2023,4,28,49.579857,201.237,638.576,110,118
1670,23387,"1",2017,4,10,57.27478,215.09,616.7,110,100
1670,4060,"1",2015,4,19,63.561215,147.224,636.2,110,109
1670,12753,"1",2016,5,2,45.466249,190.195,808.200000000001,110,122
1670,107936,"1",2022,4,20,54.765427,187.41,748.2,110,110
1670,76332,"1",2013,5,1,62.3908210000001,123.3,898.700000000001,110,121
1670,12748,"1",2016,4,16,45.466249,142.074,788.900000000001,110,106
1670,76315,"1",2011,4,9,57.929074,149.924,530.000000000001,110,99
1670,4752,"1",2015,4,24,63.561215,171.112,636.2,110,114
1670,106242,"1",2022,4,11,54.765427,131.39,748.1,110,101
1672,76411,"1",2011,4,3,57.929074,108.384,528.800000000001,116.5,93
1673,76461,"1",2013,4,27,62.3908210000001,109.81,896.800000000001,136,117
1673,76451,"1",2011,4,4,57.929074,113.214,528.800000000001,136,94
1674,76477,"1",2010,4,19,44.897079,123.15,294.3,92.5,109
1674,106265,"1",2022,4,11,54.765427,131.39,748.1,92.5,101
1674,12758,"1",2016,4,14,45.466249,130.724,786.000000000001,92.5,104
1675,76520,"1",2011,4,7,57.929074,133.104,530.000000000001,71,97
1676,76546,"1",2011,4,8,57.929074,142.074,530.000000000001,69,98
1676,26362,"1",2018,4,21,62.9482860000001,183.673,801.000000000001,69,111
1676,106005,"1",2022,4,11,54.765427,131.39,748.1,69,101
1677,102432,"1",2021,4,30,51.053388,163.636,609.300000000001,70.6666666666667,120
1677,12773,"1",2016,4,29,45.466249,177.695,806.200000000001,70.6666666666667,119
1677,76570,"1",2010,4,25,44.897079,151.551,294.4,70.6666666666667,115
1677,12770,"1",2016,4,23,45.466249,167.48,799.700000000001,70.6666666666667,113
1677,12769,"1",2016,4,18,45.466249,143.7,799.700000000001,70.6666666666667,108
1677,12772,"1",2016,4,25,45.466249,168.847,805.700000000001,70.6666666666667,115
1677,4559,"1",2015,4,23,63.561215,168.022,636.2,70.6666666666667,113
1677,76579,"1",2011,4,7,57.929074,133.104,530.000000000001,70.6666666666667,97
1677,12774,"1",2016,5,3,45.466249,197.285,808.200000000001,70.6666666666667,123
1677,21918,"1",2017,4,11,57.27478,220.41,616.7,70.6666666666667,101
1677,12771,"1",2016,4,24,45.466249,168.299,805.500000000001,70.6666666666667,114
1677,21919,"1",2017,4,12,57.27478,224.79,616.7,70.6666666666667,102
1677,21920,"1",2017,4,14,57.27478,235.59,616.7,70.6666666666667,104
1678,76612,"1",2011,4,8,57.929074,142.074,530.000000000001,75.5,98
1679,2859,"1",2015,4,9,63.561215,86.521,633.4,88,99
1679,12780,"1",2016,4,18,45.466249,143.7,799.700000000001,88,108
1679,76634,"1",2010,4,26,44.897079,157.861,296.6,88,116
1679,3871,"1",2015,4,19,63.561215,147.224,636.2,88,109
1679,76641,"1",2011,4,7,57.929074,133.104,530.000000000001,88,97
1679,102439,"1",2021,4,30,51.053388,163.636,609.300000000001,88,120
1679,21940,"1",2017,4,9,57.27478,204.08,616.7,88,99
1679,103883,"1",2022,4,4,54.765427,114.392,727.6,88,94
1679,111527,"1",2023,4,25,49.579857,192.193,628.576,88,115
1679,21941,"1",2017,4,10,57.27478,215.09,616.7,88,100
1679,25673,"1",2018,4,17,62.9482860000001,130.863,801.000000000001,88,107
1680,76672,"1",2011,4,7,57.929074,133.104,530.000000000001,103.5,97
1682,76726,"1",2011,4,5,57.929074,117.124,528.800000000001,124,95
1683,106003,"1",2022,4,11,54.765427,131.39,748.1,59,101
1683,12793,"1",2016,4,23,45.466249,167.48,799.700000000001,59,113
1683,108351,"1",2022,4,22,54.765427,199.26,748.2,59,112
1683,12795,"1",2016,5,1,45.466249,184.785,808.200000000001,59,121
1683,4561,"1",2015,4,23,63.561215,168.022,636.2,59,113
1683,25674,"1",2018,4,17,62.9482860000001,130.863,801.000000000001,59,107
1683,76755,"1",2010,4,25,44.897079,151.551,294.4,59,115
1683,26365,"1",2018,4,21,62.9482860000001,183.673,801.000000000001,59,111
1683,12791,"1",2016,4,18,45.466249,143.7,799.700000000001,59,108
1683,12794,"1",2016,4,27,45.466249,173.713,806.100000000001,59,117
1683,76762,"1",2011,4,7,57.929074,133.104,530.000000000001,59,97
1684,76794,"1",2011,4,7,57.929074,133.104,530.000000000001,132.333333333333,97
1684,25675,"1",2018,4,17,62.9482860000001,130.863,801.000000000001,132.333333333333,107
1684,111528,"1",2023,4,25,49.579857,192.193,628.576,132.333333333333,115
1684,103884,"1",2022,4,4,54.765427,114.392,727.6,132.333333333333,94
1684,106007,"1",2022,4,11,54.765427,131.39,748.1,132.333333333333,101
1685,76816,"1",2011,4,7,57.929074,133.104,530.000000000001,74.5,97
1685,111529,"1",2023,4,25,49.579857,192.193,628.576,74.5,115
1686,76842,"1",2011,4,7,57.929074,133.104,530.000000000001,109.5,97
1687,76864,"1",2011,4,8,57.929074,142.074,530.000000000001,137,98
1688,76877,"1",2011,4,9,57.929074,149.924,530.000000000001,128,99
1689,76900,"1",2011,4,9,57.929074,149.924,530.000000000001,161,99
1690,25676,"1",2018,4,17,62.9482860000001,130.863,801.000000000001,225,107
1690,76923,"1",2010,4,24,44.897079,144.361,294.4,225,114
1690,111032,"1",2023,4,17,49.579857,158.047,614.076,225,107
1690,3154,"1",2015,4,14,63.561215,107.984,636.2,225,104
1690,76929,"1",2011,4,3,57.929074,108.384,528.800000000001,225,93
1690,112597,"1",2024,4,10,47.235357,249.559,793.37,225,100
1690,3030,"1",2015,4,11,63.561215,96.054,633.4,225,101
1691,25677,"1",2018,4,17,62.9482860000001,130.863,801.000000000001,172,107
1691,112595,"1",2024,4,10,47.235357,249.559,793.37,172,100
1691,76977,"1",2011,4,9,57.929074,149.924,530.000000000001,172,99
1692,77002,"1",2011,4,6,57.929074,121.584,530.000000000001,77,96
1693,77025,"1",2011,4,9,57.929074,149.924,530.000000000001,106,99
1694,107718,"1",2022,4,20,54.765427,187.41,748.2,73,110
1694,77053,"1",2011,4,5,57.929074,117.124,528.800000000001,73,95
1694,25678,"1",2018,4,17,62.9482860000001,130.863,801.000000000001,73,107
1694,111532,"1",2023,4,25,49.579857,192.193,628.576,73,115
1694,26369,"1",2018,4,21,62.9482860000001,183.673,801.000000000001,73,111
1695,77090,"1",2011,4,5,57.929074,117.124,528.800000000001,113,95
1696,77113,"1",2011,4,7,57.929074,133.104,530.000000000001,74,97
1697,102458,"1",2021,4,30,51.053388,163.636,609.300000000001,49,120
1697,111033,"1",2023,4,17,49.579857,158.047,614.076,49,107
1697,77135,"1",2011,4,9,57.929074,149.924,530.000000000001,49,99
1697,3537,"1",2015,4,17,63.561215,137.434,636.2,49,107
1697,25679,"1",2018,4,17,62.9482860000001,130.863,801.000000000001,49,107
1697,26370,"1",2018,4,21,62.9482860000001,183.673,801.000000000001,49,111
1697,3880,"1",2015,4,19,63.561215,147.224,636.2,49,109
1697,21990,"1",2017,4,9,57.27478,204.08,616.7,49,99
1698,77164,"1",2011,4,15,57.929074,183.019,530.100000000001,59.5,105
1698,77150,"1",2013,5,4,62.3908210000001,139.89,898.700000000001,59.5,124
1699,77192,"1",2011,4,5,57.929074,117.124,528.800000000001,112,95
1700,77218,"1",2011,4,8,57.929074,142.074,530.000000000001,86.5,98
1700,77201,"1",2013,5,2,62.3908210000001,124.37,898.700000000001,86.5,122
1701,77242,"1",2011,4,7,57.929074,133.104,530.000000000001,119,97
1702,77279,"1",2011,4,9,57.929074,149.924,530.000000000001,71.5,99
1702,25680,"1",2018,4,17,62.9482860000001,130.863,801.000000000001,71.5,107
1702,77273,"1",2010,4,25,44.897079,151.551,294.4,71.5,115
1703,77307,"1",2011,4,14,57.929074,179.209,530.000000000001,66.5,104
1704,3875,"1",2015,4,19,63.561215,147.224,636.2,94.5,109
1704,12834,"1",2016,5,1,45.466249,184.785,808.200000000001,94.5,121
1704,77332,"1",2010,4,23,44.897079,139.011,294.4,94.5,113
1704,3156,"1",2015,4,14,63.561215,107.984,636.2,94.5,104
1704,77341,"1",2011,4,8,57.929074,142.074,530.000000000001,94.5,98
1704,111525,"1",2023,4,25,49.579857,192.193,628.576,94.5,115
1704,12832,"1",2016,4,23,45.466249,167.48,799.700000000001,94.5,113
1704,102479,"1",2021,4,30,51.053388,163.636,609.300000000001,94.5,120
1704,22034,"1",2017,4,9,57.27478,204.08,616.7,94.5,99
1704,4218,"1",2015,4,21,63.561215,154.702,636.2,94.5,111
1704,103876,"1",2022,4,4,54.765427,114.392,727.6,94.5,94
1704,25681,"1",2018,4,17,62.9482860000001,130.863,801.000000000001,94.5,107
1704,12833,"1",2016,4,27,45.466249,173.713,806.100000000001,94.5,117
1704,22035,"1",2017,4,10,57.27478,215.09,616.7,94.5,100
1704,12830,"1",2016,4,18,45.466249,143.7,799.700000000001,94.5,108
1705,77369,"1",2011,4,7,57.929074,133.104,530.000000000001,63,97
1706,77389,"1",2011,4,9,57.929074,149.924,530.000000000001,58,99
1707,12840,"1",2016,4,18,45.466249,143.7,799.700000000001,115,108
1707,12842,"1",2016,4,23,45.466249,167.48,799.700000000001,115,113
1707,77417,"1",2010,4,25,44.897079,151.551,294.4,115,115
1707,3876,"1",2015,4,19,63.561215,147.224,636.2,115,109
1707,25682,"1",2018,4,17,62.9482860000001,130.863,801.000000000001,115,107
1708,77456,"1",2011,4,9,57.929074,149.924,530.000000000001,45,99
1709,77477,"1",2011,4,13,57.929074,176.584,530.000000000001,37,103
1710,77490,"1",2011,4,9,57.929074,149.924,530.000000000001,52,99
1711,77535,"1",2011,4,7,57.929074,133.104,530.000000000001,592,97
1712,108356,"1",2022,4,22,54.765427,199.26,748.2,38,112
1712,102493,"1",2021,4,30,51.053388,163.636,609.300000000001,38,120
1712,77555,"1",2011,4,9,57.929074,149.924,530.000000000001,38,99
1713,77575,"1",2011,4,11,57.929074,164.554,530.000000000001,43,101
1715,110955,"1",2023,4,17,49.579857,158.047,614.076,82,107
1715,77652,"1",2011,4,9,57.929074,149.924,530.000000000001,82,99
1716,77680,"1",2011,4,9,57.929074,149.924,530.000000000001,117.5,99
1717,102507,"1",2021,4,30,51.053388,163.636,609.300000000001,169.5,120
1717,77704,"1",2011,4,7,57.929074,133.104,530.000000000001,169.5,97
1719,12860,"1",2016,4,18,45.466249,143.7,799.700000000001,72.5,108
1719,102513,"1",2021,4,30,51.053388,163.636,609.300000000001,72.5,120
1719,12859,"1",2016,4,14,45.466249,130.724,786.000000000001,72.5,104
1719,22101,"1",2017,4,11,57.27478,220.41,616.7,72.5,101
1719,77741,"1",2013,5,4,62.3908210000001,139.89,898.700000000001,72.5,124
1719,22100,"1",2017,4,8,57.27478,196.92,616.7,72.5,98
1721,77813,"1",2011,4,7,57.929074,133.104,530.000000000001,157,97
1722,102518,"1",2021,4,26,51.053388,154.887,601.200000000001,110.5,116
1722,22123,"1",2017,4,8,57.27478,196.92,616.7,110.5,98
1722,111742,"1",2023,4,26,49.579857,193.302,638.576,110.5,116
1722,3052,"1",2015,4,11,63.561215,96.054,633.4,110.5,101
1722,110952,"1",2023,4,17,49.579857,158.047,614.076,110.5,107
1722,77841,"1",2010,4,23,44.897079,139.011,294.4,110.5,113
1723,77877,"1",2011,4,10,57.929074,159.074,530.000000000001,46,100
1727,77977,"1",2011,4,7,57.929074,133.104,530.000000000001,145,97
1728,22147,"1",2017,4,16,57.27478,245.76,617,168,106
1728,22148,"1",2017,4,19,57.27478,256.752,618.4,168,109
1728,78005,"1",2011,4,3,57.929074,108.384,528.800000000001,168,93
1730,78064,"1",2011,4,7,57.929074,133.104,530.000000000001,141,97
1731,78094,"1",2010,4,23,44.897079,139.011,294.4,121,113
1731,3897,"1",2015,4,19,63.561215,147.224,636.2,121,109
1731,3176,"1",2015,4,14,63.561215,107.984,636.2,121,104
1731,3552,"1",2015,4,17,63.561215,137.434,636.2,121,107
1731,22165,"1",2017,4,6,57.27478,186.96,616.7,121,96
1731,25202,"1",2018,4,12,62.9482860000001,105.257,798.600000000001,121,102
1731,102525,"1",2021,4,26,51.053388,154.887,601.200000000001,121,116
1731,78103,"1",2011,3,31,57.929074,86.194,523.500000000001,121,91
1731,110959,"1",2023,4,17,49.579857,158.047,614.076,121,107
1732,78142,"1",2011,4,4,57.929074,113.214,528.800000000001,545,94
1732,25684,"1",2018,4,17,62.9482860000001,130.863,801.000000000001,545,107
1732,111743,"1",2023,4,26,49.579857,193.302,638.576,545,116
1732,102534,"1",2021,4,30,51.053388,163.636,609.300000000001,545,120
1733,78165,"1",2011,4,9,57.929074,149.924,530.000000000001,50,99
1736,12903,"1",2016,4,15,45.466249,136.874,786.000000000001,289,105
1736,78266,"1",2011,3,28,57.929074,78.234,521.600000000001,289,88
1737,12908,"1",2016,4,15,45.466249,136.874,786.000000000001,530,105
1737,78311,"1",2011,3,30,57.929074,81.534,522.800000000001,530,90
1740,2879,"1",2015,4,9,63.561215,86.521,633.4,134,99
1740,3169,"1",2015,4,14,63.561215,107.984,636.2,134,104
1740,78384,"1",2010,4,17,44.897079,113.594,294.3,134,107
1740,12912,"1",2016,4,13,45.466249,124.774,786.000000000001,134,103
1740,25685,"1",2018,4,17,62.9482860000001,130.863,801.000000000001,134,107
1740,110953,"1",2023,4,17,49.579857,158.047,614.076,134,107
1740,78392,"1",2011,4,3,57.929074,108.384,528.800000000001,134,93
1740,25204,"1",2018,4,12,62.9482860000001,105.257,798.600000000001,134,102
1741,25205,"1",2018,4,12,62.9482860000001,105.257,798.600000000001,130.5,102
1741,102542,"1",2021,4,26,51.053388,154.887,601.200000000001,130.5,116
1742,78443,"1",2011,4,9,57.929074,149.924,530.000000000001,67.5,99
1743,78464,"1",2011,4,9,57.929074,149.924,530.000000000001,91.5,99
1744,78487,"1",2011,4,7,57.929074,133.104,530.000000000001,73.5,97
1745,78508,"1",2011,4,7,57.929074,133.104,530.000000000001,37.5,97
1746,12923,"1",2016,4,18,45.466249,143.7,799.700000000001,75,108
1746,25687,"1",2018,4,17,62.9482860000001,130.863,801.000000000001,75,107
1746,106031,"1",2022,4,11,54.765427,131.39,748.1,75,101
1746,102549,"1",2021,4,26,51.053388,154.887,601.200000000001,75,116
1746,102550,"1",2021,4,30,51.053388,163.636,609.300000000001,75,120
1746,78537,"1",2011,4,9,57.929074,149.924,530.000000000001,75,99
1746,12922,"1",2016,4,13,45.466249,124.774,786.000000000001,75,103
1746,4234,"1",2015,4,21,63.561215,154.702,636.2,75,111
1747,78561,"1",2011,4,9,57.929074,149.924,530.000000000001,27,99
1748,22301,"1",2017,4,19,57.27478,256.752,618.4,46,109
1748,78583,"1",2010,4,27,44.897079,163.931,297.6,46,117
1748,22298,"1",2017,4,11,57.27478,220.41,616.7,46,101
1748,109180,"1",2022,4,25,54.765427,217.83,748.2,46,115
1748,22300,"1",2017,4,14,57.27478,235.59,616.7,46,104
1748,22299,"1",2017,4,12,57.27478,224.79,616.7,46,102
1748,78589,"1",2011,4,7,57.929074,133.104,530.000000000001,46,97
1748,6445,"1",2015,5,5,63.561215,225.507,650.6,46,125
1748,102557,"1",2021,4,30,51.053388,163.636,609.300000000001,46,120
1748,12933,"1",2016,4,18,45.466249,143.7,799.700000000001,46,108
1749,78621,"1",2010,4,17,44.897079,113.594,294.3,43,107
1749,106033,"1",2022,4,11,54.765427,131.39,748.1,43,101
1749,78629,"1",2011,4,7,57.929074,133.104,530.000000000001,43,97
1749,12942,"1",2016,4,13,45.466249,124.774,786.000000000001,43,103
1749,102563,"1",2021,4,26,51.053388,154.887,601.200000000001,43,116
1750,78657,"1",2011,4,9,57.929074,149.924,530.000000000001,68,99
1751,102567,"1",2021,4,14,51.053388,121.711,601.200000000001,245,104
1752,78709,"1",2011,4,7,57.929074,133.104,530.000000000001,115.5,97
1752,102577,"1",2021,4,26,51.053388,154.887,601.200000000001,115.5,116
1753,78736,"1",2011,4,7,57.929074,133.104,530.000000000001,263,97
1754,78765,"1",2011,4,7,57.929074,133.104,530.000000000001,199,97
1756,78810,"1",2011,4,9,57.929074,149.924,530.000000000001,197,99
1757,78829,"1",2011,4,7,57.929074,133.104,530.000000000001,110,97
1758,110956,"1",2023,4,17,49.579857,158.047,614.076,160,107
1758,112890,"1",2024,4,11,47.235357,253.959,793.37,160,101
1759,106034,"1",2022,4,11,54.765427,131.39,748.1,152.5,101
1759,78886,"1",2011,4,8,57.929074,142.074,530.000000000001,152.5,98
1759,78879,"1",2010,4,25,44.897079,151.551,294.4,152.5,115
1759,25691,"1",2018,4,17,62.9482860000001,130.863,801.000000000001,152.5,107
1759,3173,"1",2015,4,14,63.561215,107.984,636.2,152.5,104
1759,22359,"1",2017,4,8,57.27478,196.92,616.7,152.5,98
1759,110954,"1",2023,4,17,49.579857,158.047,614.076,152.5,107
1759,12959,"1",2016,4,18,45.466249,143.7,799.700000000001,152.5,108
1760,78917,"1",2011,4,11,57.929074,164.554,530.000000000001,78,101
1762,78940,"1",2011,4,11,57.929074,164.554,530.000000000001,83,101
1762,106012,"1",2022,4,11,54.765427,131.39,748.1,83,101
1762,25693,"1",2018,4,17,62.9482860000001,130.863,801.000000000001,83,107
1762,111030,"1",2023,4,17,49.579857,158.047,614.076,83,107
1763,12969,"1",2016,4,27,45.466249,173.713,806.100000000001,88,117
1763,113397,"1",2024,4,25,47.235357,312.308,800.638,88,115
1763,12970,"1",2016,5,1,45.466249,184.785,808.200000000001,88,121
1763,12968,"1",2016,4,23,45.466249,167.48,799.700000000001,88,113
1763,78954,"1",2011,4,7,57.929074,133.104,530.000000000001,88,97
1766,104229,"1",2022,4,5,54.765427,115.81,729.9,129,95
1766,112391,"1",2024,4,5,47.235357,216.188,787.482,129,95
1766,110827,"1",2023,4,14,49.579857,146.479,605.326,129,104
1767,79078,"1",2010,4,24,44.897079,144.361,294.4,180,114
1768,105498,"1",2022,4,8,54.765427,131.39,747.8,120,98
1768,79098,"1",2010,4,24,44.897079,144.361,294.4,120,114
1768,104226,"1",2022,4,5,54.765427,115.81,729.9,120,95
1769,79121,"1",2010,4,24,44.897079,144.361,294.4,180,114
1770,79142,"1",2010,4,22,44.897079,135.631,294.4,165,112
1771,79161,"1",2010,4,23,44.897079,139.011,294.4,126,113
1772,79181,"1",2010,4,23,44.897079,139.011,294.4,118,113
1774,79220,"1",2010,4,26,44.897079,157.861,296.6,55,116
1778,79285,"1",2010,4,24,44.897079,144.361,294.4,100,114
1780,79323,"1",2010,4,24,44.897079,144.361,294.4,95,114
1781,25839,"1",2018,4,18,62.9482860000001,140.333,801.000000000001,158,108
1781,104223,"1",2022,4,5,54.765427,115.81,729.9,158,95
1781,3278,"1",2015,4,13,63.561215,104.274,636.1,158,103
1782,79366,"1",2010,4,18,44.897079,116.5,294.3,212,108
1783,79392,"1",2010,4,23,44.897079,139.011,294.4,73,113
1783,79383,"1",2013,4,28,62.3908210000001,110.61,896.900000000001,73,118
1784,79413,"1",2010,4,25,44.897079,151.551,294.4,94,115
1784,106410,"1",2022,4,12,54.765427,136.31,748.1,94,102
1784,105497,"1",2022,4,8,54.765427,131.39,747.8,94,98
1784,111950,"1",2023,4,28,49.579857,201.237,638.576,94,118
1786,79446,"1",2010,4,26,44.897079,157.861,296.6,120,116
1787,79473,"1",2010,4,23,44.897079,139.011,294.4,95,113
1787,79462,"1",2013,4,28,62.3908210000001,110.61,896.900000000001,95,118
1787,110829,"1",2023,4,14,49.579857,146.479,605.326,95,104
1787,3448,"1",2015,4,15,63.561215,115.974,636.2,95,105
1788,110830,"1",2023,4,14,49.579857,146.479,605.326,136,104
1788,79490,"1",2013,4,28,62.3908210000001,110.61,896.900000000001,136,118
1788,105500,"1",2022,4,8,54.765427,131.39,747.8,136,98
1788,3281,"1",2015,4,13,63.561215,104.274,636.1,136,103
1788,25840,"1",2018,4,18,62.9482860000001,140.333,801.000000000001,136,108
1788,3449,"1",2015,4,15,63.561215,115.974,636.2,136,105
1789,79520,"1",2010,4,26,44.897079,157.861,296.6,99,116
1789,104233,"1",2022,4,5,54.765427,115.81,729.9,99,95
1789,105501,"1",2022,4,8,54.765427,131.39,747.8,99,98
1789,25841,"1",2018,4,18,62.9482860000001,140.333,801.000000000001,99,108
1790,79536,"1",2010,4,27,44.897079,163.931,297.6,113,117
1791,79549,"1",2010,4,23,44.897079,139.011,294.4,18,113
1794,79599,"1",2010,4,26,44.897079,157.861,296.6,69,116
1795,79606,"1",2010,4,24,44.897079,144.361,294.4,114,114
1796,102621,"1",2021,4,28,51.053388,158.85,601.200000000001,121,118
1796,111952,"1",2023,4,28,49.579857,201.237,638.576,121,118
1796,25842,"1",2018,4,18,62.9482860000001,140.333,801.000000000001,121,108
1797,106407,"1",2022,4,12,54.765427,136.31,748.1,148,102
1797,25843,"1",2018,4,18,62.9482860000001,140.333,801.000000000001,148,108
1798,79661,"1",2010,4,25,44.897079,151.551,294.4,229,115
1799,79678,"1",2010,4,17,44.897079,113.594,294.3,141,107
1801,112398,"1",2024,4,5,47.235357,216.188,787.482,115,95
1802,79722,"1",2010,4,24,44.897079,144.361,294.4,107,114
1803,79780,"1",2010,4,17,44.897079,113.594,294.3,73,107
1804,104237,"1",2022,4,5,54.765427,115.81,729.9,90,95
1806,79842,"1",2010,4,18,44.897079,116.5,294.3,97,108
1808,110826,"1",2023,4,14,49.579857,146.479,605.326,60,104
1808,79859,"1",2010,4,26,44.897079,157.861,296.6,60,116
1809,79871,"1",2010,4,24,44.897079,144.361,294.4,62,114
1810,104236,"1",2022,4,5,54.765427,115.81,729.9,542,95
1812,79924,"1",2010,4,23,44.897079,139.011,294.4,104,113
1813,79941,"1",2010,4,23,44.897079,139.011,294.4,106,113
1815,79971,"1",2010,4,24,44.897079,144.361,294.4,93,114
1817,105510,"1",2022,4,8,54.765427,131.39,747.8,95,98
1817,80000,"1",2010,4,26,44.897079,157.861,296.6,95,116
1818,80014,"1",2010,4,27,44.897079,163.931,297.6,62,117
1820,105511,"1",2022,4,8,54.765427,131.39,747.8,101,98
1821,111955,"1",2023,4,28,49.579857,201.237,638.576,158,118
1821,105538,"1",2022,4,8,54.765427,131.39,747.8,158,98
1821,112413,"1",2024,4,5,47.235357,216.188,787.482,158,95
1823,80086,"1",2010,4,17,44.897079,113.594,294.3,130,107
1823,104244,"1",2022,4,5,54.765427,115.81,729.9,130,95
1823,105512,"1",2022,4,8,54.765427,131.39,747.8,130,98
1823,25849,"1",2018,4,18,62.9482860000001,140.333,801.000000000001,130,108
1824,80101,"1",2010,4,18,44.897079,116.5,294.3,156,108
1825,80123,"1",2010,4,24,44.897079,144.361,294.4,72,114
1826,80138,"1",2010,4,24,44.897079,144.361,294.4,150,114
1827,80154,"1",2010,4,25,44.897079,151.551,294.4,103,115
1828,25850,"1",2018,4,18,62.9482860000001,140.333,801.000000000001,125,108
1831,25851,"1",2018,4,18,62.9482860000001,140.333,801.000000000001,130,108
1831,105513,"1",2022,4,8,54.765427,131.39,747.8,130,98
1831,104245,"1",2022,4,5,54.765427,115.81,729.9,130,95
1833,80231,"1",2010,4,23,44.897079,139.011,294.4,152,113
1834,80246,"1",2010,4,25,44.897079,151.551,294.4,84,115
1836,80267,"1",2010,4,26,44.897079,157.861,296.6,51.5,116
1836,111958,"1",2023,4,28,49.579857,201.237,638.576,51.5,118
1837,80281,"1",2010,4,23,44.897079,139.011,294.4,32,113
1838,80296,"1",2010,4,16,44.897079,110.692,294.3,133,106
1841,25852,"1",2018,4,18,62.9482860000001,140.333,801.000000000001,87.5,108
1841,107603,"1",2022,4,19,54.765427,182.36,748.2,87.5,109
1841,80331,"1",2010,4,24,44.897079,144.361,294.4,87.5,114
1841,13019,"1",2016,4,24,45.466249,168.299,805.500000000001,87.5,114
1842,80347,"1",2010,4,24,44.897079,144.361,294.4,98.5,114
1843,80363,"1",2010,4,25,44.897079,151.551,294.4,75,115
1844,105541,"1",2022,4,8,54.765427,131.39,747.8,131,98
1844,80377,"1",2010,4,22,44.897079,135.631,294.4,131,112
1844,13026,"1",2016,4,24,45.466249,168.299,805.500000000001,131,114
1845,80405,"1",2010,4,18,44.897079,116.5,294.3,163.5,108
1848,80463,"1",2010,4,19,44.897079,123.15,294.3,143,109
1849,80480,"1",2010,4,24,44.897079,144.361,294.4,135,114
1850,80496,"1",2010,4,18,44.897079,116.5,294.3,110,108
1851,80512,"1",2010,4,23,44.897079,139.011,294.4,36,113
1853,80531,"1",2010,4,26,44.897079,157.861,296.6,68,116
1854,104255,"1",2022,4,5,54.765427,115.81,729.9,143,95
1855,80568,"1",2010,4,18,44.897079,116.5,294.3,118,108
1857,107632,"1",2022,4,19,54.765427,182.36,748.2,176,109
1857,80610,"1",2010,4,22,44.897079,135.631,294.4,176,112
1857,80602,"1",2013,5,0,62.3908210000001,0,0,176,120
1857,25854,"1",2018,4,18,62.9482860000001,140.333,801.000000000001,176,108
1858,80627,"1",2010,4,24,44.897079,144.361,294.4,77,114
1860,80648,"1",2010,4,27,44.897079,163.931,297.6,61,117
1862,80665,"1",2010,4,29,44.897079,184.701,297.6,NA,119
1863,80669,"1",2010,4,23,44.897079,139.011,294.4,NA,113
1867,80698,"1",2010,4,26,44.897079,157.861,296.6,92,116
1867,111940,"1",2023,4,28,49.579857,201.237,638.576,92,118
1869,80723,"1",2010,4,23,44.897079,139.011,294.4,61,113
1870,80748,"1",2010,4,23,44.897079,139.011,294.4,68.5,113
1871,80768,"1",2010,4,19,44.897079,123.15,294.3,233.666666666667,109
1872,80783,"1",2013,4,28,62.3908210000001,110.61,896.900000000001,201,118
1872,80792,"1",2010,4,18,44.897079,116.5,294.3,201,108
1873,80808,"1",2010,4,23,44.897079,139.011,294.4,48,113
1875,80816,"1",2010,4,18,44.897079,116.5,294.3,183,108
1876,80836,"1",2010,4,26,44.897079,157.861,296.6,47,116
1877,80851,"1",2010,4,24,44.897079,144.361,294.4,186,114
1878,80866,"1",2010,4,23,44.897079,139.011,294.4,30,113
1879,25857,"1",2018,4,18,62.9482860000001,140.333,801.000000000001,96,108
1880,110822,"1",2023,4,14,49.579857,146.479,605.326,98,104
1880,80892,"1",2010,4,22,44.897079,135.631,294.4,98,112
1881,80908,"1",2010,4,23,44.897079,139.011,294.4,46,113
1882,25858,"1",2018,4,18,62.9482860000001,140.333,801.000000000001,71,108
1882,111943,"1",2023,4,28,49.579857,201.237,638.576,71,118
1882,102632,"1",2021,4,28,51.053388,158.85,601.200000000001,71,118
1884,80954,"1",2010,4,16,44.897079,110.692,294.3,291,106
1885,107622,"1",2022,4,19,54.765427,182.36,748.2,150,109
1885,80977,"1",2010,4,17,44.897079,113.594,294.3,150,107
1886,80993,"1",2010,4,17,44.897079,113.594,294.3,140,107
1887,13049,"1",2016,5,3,45.466249,197.285,808.200000000001,218.5,123
1887,81013,"1",2010,4,18,44.897079,116.5,294.3,218.5,108
1887,25860,"1",2018,4,18,62.9482860000001,140.333,801.000000000001,218.5,108
1887,13047,"1",2016,4,24,45.466249,168.299,805.500000000001,218.5,114
1888,81028,"1",2010,4,25,44.897079,151.551,294.4,46,115
1889,81052,"1",2010,4,18,44.897079,116.5,294.3,125.5,108
1889,81042,"1",2013,5,0,62.3908210000001,0,0,125.5,120
1890,81068,"1",2010,4,22,44.897079,135.631,294.4,79,112
1891,81085,"1",2010,4,22,44.897079,135.631,294.4,66,112
1894,81147,"1",2010,4,24,44.897079,144.361,294.4,113,114
1895,81167,"1",2010,4,24,44.897079,144.361,294.4,91,114
1896,81183,"1",2010,4,26,44.897079,157.861,296.6,33,116
1897,81195,"1",2013,4,28,62.3908210000001,110.61,896.900000000001,95,118
1898,81219,"1",2010,4,26,44.897079,157.861,296.6,65,116
1899,81238,"1",2010,4,23,44.897079,139.011,294.4,53,113
1900,81250,"1",2010,4,26,44.897079,157.861,296.6,84,116
1902,81285,"1",2010,4,24,44.897079,144.361,294.4,65,114
1904,81317,"1",2010,4,22,44.897079,135.631,294.4,100,112
1905,81335,"1",2010,4,26,44.897079,157.861,296.6,64,116
1906,81349,"1",2010,4,25,44.897079,151.551,294.4,30,115
1906,102639,"1",2021,5,6,51.053388,185.168,620.500000000001,30,126
1907,81364,"1",2010,4,26,44.897079,157.861,296.6,88,116
1909,81390,"1",2010,4,19,44.897079,123.15,294.3,95,109
1911,81403,"1",2010,4,24,44.897079,144.361,294.4,50,114
1913,81460,"1",2010,4,23,44.897079,139.011,294.4,39,113
1914,106405,"1",2022,4,12,54.765427,136.31,748.1,263,102
1914,110825,"1",2023,4,14,49.579857,146.479,605.326,263,104
1914,112382,"1",2024,4,5,47.235357,216.188,787.482,263,95
1916,110828,"1",2023,4,14,49.579857,146.479,605.326,195,104
1916,104235,"1",2022,4,5,54.765427,115.81,729.9,195,95
1916,81510,"1",2013,4,28,62.3908210000001,110.61,896.900000000001,195,118
1917,106414,"1",2022,4,12,54.765427,136.31,748.1,341,102
1917,25863,"1",2018,4,18,62.9482860000001,140.333,801.000000000001,341,108
1919,81564,"1",2013,4,28,62.3908210000001,110.61,896.900000000001,112,118
1919,113057,"1",2024,4,15,47.235357,282.959,794.75,112,105
1919,105539,"1",2022,4,8,54.765427,131.39,747.8,112,98
1921,81610,"1",2010,4,11,44.897079,97.453,294.3,NA,101
1922,81626,"1",2010,4,13,44.897079,102.173,294.3,NA,103
1923,81645,"1",2010,5,5,44.897079,212.462,322,NA,125
1924,81649,"1",2010,4,11,44.897079,97.453,294.3,NA,101
1925,106320,"1",2022,4,12,54.765427,136.31,748.1,NA,102
1925,107489,"1",2022,4,19,54.765427,182.36,748.2,NA,109
1925,25696,"1",2018,4,17,62.9482860000001,130.863,801.000000000001,NA,107
1925,108437,"1",2022,4,22,54.765427,199.26,748.2,NA,112
1926,81682,"1",2010,4,11,44.897079,97.453,294.3,75,101
1928,106375,"1",2022,4,12,54.765427,136.31,748.1,82,102
1928,25865,"1",2018,4,18,62.9482860000001,140.333,801.000000000001,82,108
1928,81703,"1",2010,4,15,44.897079,108.192,294.3,82,105
1930,81738,"1",2010,4,25,44.897079,151.551,294.4,86,115
1933,81856,"1",2010,4,11,44.897079,97.453,294.3,130,101
1935,81889,"1",2010,4,16,44.897079,110.692,294.3,91,106
1937,81933,"1",2010,4,22,44.897079,135.631,294.4,97,112
1938,81949,"1",2010,4,17,44.897079,113.594,294.3,41,107
1939,82018,"1",2010,4,16,44.897079,110.692,294.3,99,106
1940,82034,"1",2010,4,18,44.897079,116.5,294.3,75,108
1941,82049,"1",2010,4,24,44.897079,144.361,294.4,99,114
1942,82101,"1",2010,4,18,44.897079,116.5,294.3,57,108
1943,82223,"1",2010,4,18,44.897079,116.5,294.3,NA,108
1943,106332,"1",2022,4,12,54.765427,136.31,748.1,NA,102
1943,3467,"1",2015,4,16,63.561215,130.194,636.2,NA,106
1943,25755,"1",2018,4,17,62.9482860000001,130.863,801.000000000001,NA,107
1943,103079,"1",2021,4,19,51.053388,127.334,601.200000000001,NA,109
1943,3948,"1",2015,4,19,63.561215,147.224,636.2,NA,109
1943,111473,"1",2023,4,19,49.579857,168.967,614.326,NA,109
1945,82509,"1",2010,4,11,44.897079,97.453,294.3,104,101
1946,82551,"1",2010,4,24,44.897079,144.361,294.4,123,114
1947,82571,"1",2010,4,11,44.897079,97.453,294.3,113,101
1948,111474,"1",2023,4,19,49.579857,168.967,614.326,87,109
1948,82613,"1",2010,4,9,44.897079,82.653,294.3,87,99
1949,82631,"1",2010,4,18,44.897079,116.5,294.3,101,108
1950,82649,"1",2010,4,18,44.897079,116.5,294.3,188,108
1952,82666,"1",2010,4,19,44.897079,123.15,294.3,56,109
1953,82682,"1",2010,4,19,44.897079,123.15,294.3,72,109
1953,112471,"1",2024,4,8,47.235357,241.998,791.99,72,98
1954,82697,"1",2010,4,11,44.897079,97.453,294.3,97,101
1955,82715,"1",2010,4,15,44.897079,108.192,294.3,119,105
1956,82735,"1",2010,4,26,44.897079,157.861,296.6,102,116
1957,102659,"1",2021,4,19,51.053388,127.334,601.200000000001,71,109
1957,105453,"1",2022,4,8,54.765427,131.39,747.8,71,98
1957,104150,"1",2022,4,5,54.765427,115.81,729.9,71,95
1957,106347,"1",2022,4,12,54.765427,136.31,748.1,71,102
1957,111442,"1",2023,4,19,49.579857,168.967,614.326,71,109
1957,102658,"1",2021,4,29,51.053388,161.88,601.200000000001,71,119
1958,82751,"1",2010,4,27,44.897079,163.931,297.6,45,117
1959,82766,"1",2010,4,23,44.897079,139.011,294.4,25,113
1960,2960,"1",2015,4,10,63.561215,88.394,633.4,65,100
1960,3608,"1",2015,4,17,63.561215,137.434,636.2,65,107
1960,111443,"1",2023,4,19,49.579857,168.967,614.326,65,109
1960,82786,"1",2010,4,19,44.897079,123.15,294.3,65,109
1962,82823,"1",2010,4,17,44.897079,113.594,294.3,57,107
1963,3956,"1",2015,4,19,63.561215,147.224,636.2,49,109
1963,23672,"1",2017,4,8,57.27478,196.92,616.7,49,98
1963,82850,"1",2013,4,25,62.3908210000001,97.719,892.100000000001,49,115
1963,103070,"1",2021,4,29,51.053388,161.88,601.200000000001,49,119
1963,3609,"1",2015,4,17,63.561215,137.434,636.2,49,107
1963,111444,"1",2023,4,19,49.579857,168.967,614.326,49,109
1964,5673,"1",2015,4,29,63.561215,192.427,642.3,120,119
1966,25869,"1",2018,4,18,62.9482860000001,140.333,801.000000000001,156.5,108
1968,83027,"1",2010,4,27,44.897079,163.931,297.6,NA,117
1968,23497,"1",2017,4,8,57.27478,196.92,616.7,NA,98
1968,23498,"1",2017,4,11,57.27478,220.41,616.7,NA,101
1968,13136,"1",2016,4,16,45.466249,142.074,788.900000000001,NA,106
1968,102942,"1",2021,4,29,51.053388,161.88,601.200000000001,NA,119
1969,23651,"1",2017,4,11,57.27478,220.41,616.7,NA,101
1969,83109,"1",2010,4,19,44.897079,123.15,294.3,NA,109
1969,13146,"1",2016,4,24,45.466249,168.299,805.500000000001,NA,114
1969,5000,"1",2015,4,25,63.561215,176.592,636.2,NA,115
1969,105463,"1",2022,4,8,54.765427,131.39,747.8,NA,98
1969,23650,"1",2017,4,8,57.27478,196.92,616.7,NA,98
1969,83099,"1",2013,4,25,62.3908210000001,97.719,892.100000000001,NA,115
1969,13145,"1",2016,4,19,45.466249,148.36,799.700000000001,NA,109
1969,6015,"1",2015,4,29,63.561215,192.427,642.3,NA,119
1969,13147,"1",2016,4,28,45.466249,175.332,806.100000000001,NA,118
1969,103067,"1",2021,4,29,51.053388,161.88,601.200000000001,NA,119
1969,13149,"1",2016,5,6,45.466249,221.985,808.800000000001,NA,126
1969,104162,"1",2022,4,5,54.765427,115.81,729.9,NA,95
1969,13144,"1",2016,4,16,45.466249,142.074,788.900000000001,NA,106
1969,23652,"1",2017,4,15,57.27478,240.22,616.7,NA,105
1970,3970,"1",2015,4,19,63.561215,147.224,636.2,NA,109
1970,102662,"1",2021,5,6,51.053388,185.168,620.500000000001,NA,126
1970,4312,"1",2015,4,21,63.561215,154.702,636.2,NA,111
1970,4659,"1",2015,4,23,63.561215,168.022,636.2,NA,113
1971,83177,"1",2010,4,26,44.897079,157.861,296.6,NA,116
1971,4655,"1",2015,4,23,63.561215,168.022,636.2,NA,113
1972,107509,"1",2022,4,19,54.765427,182.36,748.2,70,109
1972,102667,"1",2021,5,17,51.053388,248.341,650.400000000001,70,137
1972,113187,"1",2024,4,16,47.235357,287.279,794.75,70,106
1972,110197,"1",2022,4,29,54.765427,233.53,748.6,70,119
1972,102666,"1",2021,5,6,51.053388,185.168,620.500000000001,70,126
1972,109457,"1",2022,4,26,54.765427,221.77,748.2,70,116
1973,22546,"1",2017,4,13,57.27478,230.4,616.7,NA,103
1973,22548,"1",2017,4,19,57.27478,256.752,618.4,NA,109
1973,83237,"1",2010,4,24,44.897079,144.361,294.4,NA,114
1973,22547,"1",2017,4,16,57.27478,245.76,617,NA,106
1973,25871,"1",2018,4,18,62.9482860000001,140.333,801.000000000001,NA,108
1976,83353,"1",2010,4,15,44.897079,108.192,294.3,68,105
1976,25020,"1",2018,4,11,62.9482860000001,102.943,791.000000000001,68,101
1977,83365,"1",2010,4,25,44.897079,151.551,294.4,50,115
1979,83383,"1",2010,4,25,44.897079,151.551,294.4,62,115
1980,83398,"1",2010,4,24,44.897079,144.361,294.4,78,114
1982,83420,"1",2010,4,11,44.897079,97.453,294.3,197.5,101
1983,83452,"1",2010,4,17,44.897079,113.594,294.3,112,107
1985,83501,"1",2010,4,27,44.897079,163.931,297.6,45,117
1986,83516,"1",2010,4,11,44.897079,97.453,294.3,198,101
1987,83535,"1",2010,4,19,44.897079,123.15,294.3,149,109
1989,22566,"1",2017,4,8,57.27478,196.92,616.7,67,98
1989,113182,"1",2024,4,16,47.235357,287.279,794.75,67,106
1989,22567,"1",2017,4,11,57.27478,220.41,616.7,67,101
1989,4992,"1",2015,4,25,63.561215,176.592,636.2,67,115
1989,83573,"1",2010,4,28,44.897079,174.111,297.6,67,118
1989,13171,"1",2016,4,24,45.466249,168.299,805.500000000001,67,114
1989,104155,"1",2022,4,5,54.765427,115.81,729.9,67,95
1989,109461,"1",2022,4,26,54.765427,221.77,748.2,67,116
1989,108499,"1",2022,4,22,54.765427,199.26,748.2,67,112
1989,13173,"1",2016,5,1,45.466249,184.785,808.200000000001,67,121
1989,112462,"1",2024,4,8,47.235357,241.998,791.99,67,98
1989,22568,"1",2017,4,15,57.27478,240.22,616.7,67,105
1989,107513,"1",2022,4,19,54.765427,182.36,748.2,67,109
1989,5334,"1",2015,4,27,63.561215,186.037,642.3,67,117
1990,13178,"1",2016,4,16,45.466249,142.074,788.900000000001,128,106
1990,22588,"1",2017,4,6,57.27478,186.96,616.7,128,96
1990,102671,"1",2021,4,29,51.053388,161.88,601.200000000001,128,119
1990,83600,"1",2010,4,15,44.897079,108.192,294.3,128,105
1991,102994,"1",2021,4,13,51.053388,121.536,601.100000000001,87,103
1991,111445,"1",2023,4,19,49.579857,168.967,614.326,87,109
1991,3616,"1",2015,4,17,63.561215,137.434,636.2,87,107
1991,102993,"1",2021,4,29,51.053388,161.88,601.200000000001,87,119
1991,83626,"1",2010,4,11,44.897079,97.453,294.3,87,101
1991,106350,"1",2022,4,12,54.765427,136.31,748.1,87,102
1991,23584,"1",2017,4,8,57.27478,196.92,616.7,87,98
1992,83667,"1",2010,4,17,44.897079,113.594,294.3,58,107
1993,102673,"1",2021,4,29,51.053388,161.88,601.200000000001,83,119
1993,83699,"1",2010,4,19,44.897079,123.15,294.3,83,109
1994,83722,"1",2010,4,11,44.897079,97.453,294.3,480,101
1995,83760,"1",2010,4,19,44.897079,123.15,294.3,42,109
1996,83776,"1",2010,4,15,44.897079,108.192,294.3,88,105
1997,83795,"1",2010,4,11,44.897079,97.453,294.3,195,101
1999,83847,"1",2010,4,11,44.897079,97.453,294.3,118,101
2000,83936,"1",2010,4,24,44.897079,144.361,294.4,97,114
2003,83951,"1",2010,5,5,44.897079,212.462,322,20,125
2004,83964,"1",2010,4,27,44.897079,163.931,297.6,15,117
2005,84039,"1",2010,4,13,44.897079,102.173,294.3,135,103
2007,13196,"1",2016,4,16,45.466249,142.074,788.900000000001,113,106
2007,3372,"1",2015,4,14,63.561215,107.984,636.2,113,104
2007,3109,"1",2015,4,11,63.561215,96.054,633.4,113,101
2007,84080,"1",2010,4,13,44.897079,102.173,294.3,113,103
2007,111413,"1",2023,4,19,49.579857,168.967,614.326,113,109
2008,84099,"1",2010,4,16,44.897079,110.692,294.3,205,106
2009,22610,"1",2017,4,7,57.27478,191.59,616.7,76,97
2009,3645,"1",2015,4,17,63.561215,137.434,636.2,76,107
2009,84125,"1",2010,4,24,44.897079,144.361,294.4,76,114
2011,84143,"1",2010,4,19,44.897079,123.15,294.3,144,109
2012,111414,"1",2023,4,19,49.579857,168.967,614.326,190,109
2012,84166,"1",2010,4,11,44.897079,97.453,294.3,190,101
2013,84189,"1",2010,4,13,44.897079,102.173,294.3,188,103
2013,25879,"1",2018,4,18,62.9482860000001,140.333,801.000000000001,188,108
2013,111412,"1",2023,4,19,49.579857,168.967,614.326,188,109
2014,84207,"1",2010,4,12,44.897079,99.952,294.3,100,102
2015,84235,"1",2010,4,27,44.897079,163.931,297.6,38,117
2016,84248,"1",2010,4,10,44.897079,90.053,294.3,152,100
2017,25699,"1",2018,4,17,62.9482860000001,130.863,801.000000000001,79,107
2017,84263,"1",2010,4,15,44.897079,108.192,294.3,79,105
2017,25243,"1",2018,4,14,62.9482860000001,110.293,799.000000000001,79,104
2019,84482,"1",2010,4,11,44.897079,97.453,294.3,138,101
2021,84517,"1",2010,4,27,44.897079,163.931,297.6,38,117
2022,84535,"1",2010,4,16,44.897079,110.692,294.3,155,106
2024,84568,"1",2010,4,11,44.897079,97.453,294.3,141,101
2024,106446,"1",2022,4,12,54.765427,136.31,748.1,141,102
2026,84597,"1",2010,4,11,44.897079,97.453,294.3,198,101
2027,25701,"1",2018,4,17,62.9482860000001,130.863,801.000000000001,221,107
2027,84616,"1",2010,4,14,44.897079,106.443,294.3,221,104
2028,84634,"1",2010,4,31,44.897079,0,0,38,121
2029,84649,"1",2010,4,24,44.897079,144.361,294.4,31,114
2030,84707,"1",2010,4,16,44.897079,110.692,294.3,136,106
2031,84724,"1",2010,4,24,44.897079,144.361,294.4,62,114
2032,106439,"1",2022,4,12,54.765427,136.31,748.1,79,102
2033,22653,"1",2017,4,9,57.27478,204.08,616.7,110,99
2033,84767,"1",2010,4,24,44.897079,144.361,294.4,110,114
2033,25703,"1",2018,4,17,62.9482860000001,130.863,801.000000000001,110,107
2033,102682,"1",2021,5,6,51.053388,185.168,620.500000000001,110,126
2033,3987,"1",2015,4,19,63.561215,147.224,636.2,110,109
2033,22654,"1",2017,4,11,57.27478,220.41,616.7,110,101
2033,106440,"1",2022,4,12,54.765427,136.31,748.1,110,102
2033,105528,"1",2022,4,8,54.765427,131.39,747.8,110,98
2033,4329,"1",2015,4,21,63.561215,154.702,636.2,110,111
2033,102681,"1",2021,4,29,51.053388,161.88,601.200000000001,110,119
2033,4679,"1",2015,4,23,63.561215,168.022,636.2,110,113
2033,13238,"1",2016,4,16,45.466249,142.074,788.900000000001,110,106
2033,111880,"1",2023,4,28,49.579857,201.237,638.576,110,118
2033,22655,"1",2017,4,15,57.27478,240.22,616.7,110,105
2033,111406,"1",2023,4,19,49.579857,168.967,614.326,110,109
2034,84785,"1",2010,4,25,44.897079,151.551,294.4,114,115
2035,84800,"1",2010,4,16,44.897079,110.692,294.3,236,106
2036,84819,"1",2010,4,24,44.897079,144.361,294.4,52,114
2037,84834,"1",2010,4,13,44.897079,102.173,294.3,94,103
2038,84849,"1",2010,4,17,44.897079,113.594,294.3,38,107
2039,84863,"1",2010,4,24,44.897079,144.361,294.4,95,114
2040,5018,"1",2015,4,25,63.561215,176.592,636.2,57,115
2040,84886,"1",2010,4,19,44.897079,123.15,294.3,57,109
2040,13247,"1",2016,4,16,45.466249,142.074,788.900000000001,57,106
2040,13248,"1",2016,4,19,45.466249,148.36,799.700000000001,57,109
2040,22675,"1",2017,4,9,57.27478,204.08,616.7,57,99
2042,84923,"1",2010,4,29,44.897079,184.701,297.6,53,119
2045,85066,"1",2010,4,13,44.897079,102.173,294.3,214,103
2046,85332,"1",2010,4,15,44.897079,108.192,294.3,190,105
2047,85350,"1",2010,4,11,44.897079,97.453,294.3,149,101
2048,111866,"1",2023,4,27,49.579857,196.247,638.576,124.25,117
2048,85368,"1",2010,4,9,44.897079,82.653,294.3,124.25,99
2048,111448,"1",2023,4,19,49.579857,168.967,614.326,124.25,109
2049,85386,"1",2010,4,11,44.897079,97.453,294.3,149.5,101
2050,85405,"1",2010,4,15,44.897079,108.192,294.3,170,105
2050,103053,"1",2021,4,29,51.053388,161.88,601.200000000001,170,119
2050,25023,"1",2018,4,11,62.9482860000001,102.943,791.000000000001,170,101
2050,103054,"1",2021,4,19,51.053388,127.334,601.200000000001,170,109
2051,85444,"1",2010,4,13,44.897079,102.173,294.3,119,103
2052,85464,"1",2013,4,23,62.3908210000001,80.609,892.100000000001,114,113
2052,85473,"1",2010,4,26,44.897079,157.861,296.6,114,116
2053,25024,"1",2018,4,11,62.9482860000001,102.943,791.000000000001,166,101
2053,85491,"1",2010,4,12,44.897079,99.952,294.3,166,102
2053,103084,"1",2021,4,19,51.053388,127.334,601.200000000001,166,109
2054,85511,"1",2010,4,9,44.897079,82.653,294.3,101.5,99
2055,85526,"1",2010,4,15,44.897079,108.192,294.3,93.5,105
2056,85552,"1",2010,4,13,44.897079,102.173,294.3,145,103
2056,85542,"1",2013,4,29,62.3908210000001,113.9,898.600000000001,145,119
2057,85574,"1",2010,4,13,44.897079,102.173,294.3,NA,103
2057,25030,"1",2018,4,11,62.9482860000001,102.943,791.000000000001,NA,101
2057,105103,"1",2022,4,7,54.765427,127.68,730.7,NA,97
2058,85591,"1",2010,4,15,44.897079,108.192,294.3,159,105
2059,85609,"1",2010,4,13,44.897079,102.173,294.3,68,103
2060,85626,"1",2010,4,23,44.897079,139.011,294.4,68,113
2060,112895,"1",2024,4,11,47.235357,253.959,793.37,68,101
2061,85641,"1",2010,4,17,44.897079,113.594,294.3,71,107
2062,85658,"1",2010,4,11,44.897079,97.453,294.3,148,101
2064,85689,"1",2010,4,13,44.897079,102.173,294.3,129,103
2065,85703,"1",2010,4,15,44.897079,108.192,294.3,80,105
2066,85719,"1",2010,5,5,44.897079,212.462,322,43,125
2067,85730,"1",2010,4,19,44.897079,123.15,294.3,141,109
2068,3476,"1",2015,4,16,63.561215,130.194,636.2,122,106
2068,85758,"1",2010,4,13,44.897079,102.173,294.3,122,103
2068,3973,"1",2015,4,19,63.561215,147.224,636.2,122,109
2068,13270,"1",2016,4,16,45.466249,142.074,788.900000000001,122,106
2068,102937,"1",2021,4,19,51.053388,127.334,601.200000000001,122,109
2069,85775,"1",2010,4,11,44.897079,97.453,294.3,250,101
2070,86229,"1",2010,4,24,44.897079,144.361,294.4,54,114
2071,86244,"1",2010,4,9,44.897079,82.653,294.3,118,99
2072,86262,"1",2010,4,9,44.897079,82.653,294.3,110,99
2073,86277,"1",2010,4,11,44.897079,97.453,294.3,34,101
2074,86306,"1",2010,4,15,44.897079,108.192,294.3,109,105
2075,86342,"1",2010,4,19,44.897079,123.15,294.3,66.5,109
2076,86357,"1",2010,4,23,44.897079,139.011,294.4,48.5,113
2077,86371,"1",2010,4,15,44.897079,108.192,294.3,55.5,105
2078,86388,"1",2010,4,24,44.897079,144.361,294.4,111,114
2079,86403,"1",2010,4,29,44.897079,184.701,297.6,32,119
2081,25223,"1",2018,4,14,62.9482860000001,110.293,799.000000000001,143,104
2081,86429,"1",2010,4,11,44.897079,97.453,294.3,143,101
2082,111397,"1",2023,4,19,49.579857,168.967,614.326,129,109
2083,86484,"1",2010,4,16,44.897079,110.692,294.3,192,106
2084,111394,"1",2023,4,19,49.579857,168.967,614.326,300,109
2084,86503,"1",2010,4,13,44.897079,102.173,294.3,300,103
2085,86521,"1",2010,4,19,44.897079,123.15,294.3,162,109
2086,86543,"1",2010,4,13,44.897079,102.173,294.3,51,103
2087,86584,"1",2010,4,17,44.897079,113.594,294.3,109,107
2088,86686,"1",2010,4,13,44.897079,102.173,294.3,94,103
2089,86693,"1",2010,4,19,44.897079,123.15,294.3,58,109
2090,24921,"1",2018,4,9,62.9482860000001,95.593,768.300000000001,363,99
2090,86717,"1",2010,4,10,44.897079,90.053,294.3,363,100
2090,106429,"1",2022,4,12,54.765427,136.31,748.1,363,102
2091,86738,"1",2010,4,11,44.897079,97.453,294.3,144,101
2092,106428,"1",2022,4,12,54.765427,136.31,748.1,80,102
2092,86756,"1",2010,4,17,44.897079,113.594,294.3,80,107
2093,86789,"1",2010,4,13,44.897079,102.173,294.3,99,103
2094,86804,"1",2010,4,17,44.897079,113.594,294.3,80,107
2096,86837,"1",2010,4,14,44.897079,106.443,294.3,119,104
2096,13295,"1",2016,5,0,45.466249,0,0,119,120
2096,106334,"1",2022,4,12,54.765427,136.31,748.1,119,102
2096,13294,"1",2016,4,26,45.466249,172.697,805.700000000001,119,116
2097,25709,"1",2018,4,17,62.9482860000001,130.863,801.000000000001,245,107
2097,86854,"1",2010,4,11,44.897079,97.453,294.3,245,101
2099,86903,"1",2010,4,27,44.897079,163.931,297.6,118,117
2100,86920,"1",2010,4,27,44.897079,163.931,297.6,64,117
2100,25710,"1",2018,4,17,62.9482860000001,130.863,801.000000000001,64,107
2101,86936,"1",2010,4,22,44.897079,135.631,294.4,73,112
2102,86952,"1",2010,4,24,44.897079,144.361,294.4,169,114
2103,86968,"1",2010,4,10,44.897079,90.053,294.3,192,100
2104,86988,"1",2010,4,23,44.897079,139.011,294.4,180,113
2105,106345,"1",2022,4,12,54.765427,136.31,748.1,79,102
2105,107506,"1",2022,4,19,54.765427,182.36,748.2,79,109
2105,105094,"1",2022,4,7,54.765427,127.68,730.7,79,97
2105,25711,"1",2018,4,17,62.9482860000001,130.863,801.000000000001,79,107
2105,87006,"1",2010,4,10,44.897079,90.053,294.3,79,100
2106,87020,"1",2010,4,11,44.897079,97.453,294.3,52,101
2107,87074,"1",2010,4,9,44.897079,82.653,294.3,230,99
2108,87089,"1",2010,4,9,44.897079,82.653,294.3,195,99
2109,102691,"1",2021,4,19,51.053388,127.334,601.200000000001,NA,109
2110,87132,"1",2010,4,16,44.897079,110.692,294.3,206,106
2112,87182,"1",2010,4,26,44.897079,157.861,296.6,24,116
2113,87195,"1",2010,4,22,44.897079,135.631,294.4,77,112
2114,87220,"1",2010,4,25,44.897079,151.551,294.4,26,115
2115,87233,"1",2010,4,31,44.897079,0,0,47,121
2116,87296,"1",2010,4,27,44.897079,163.931,297.6,62,117
2117,87312,"1",2010,4,22,44.897079,135.631,294.4,73,112
2118,87326,"1",2010,4,13,44.897079,102.173,294.3,67,103
2120,87354,"1",2010,4,15,44.897079,108.192,294.3,67,105
2121,87373,"1",2010,4,13,44.897079,102.173,294.3,41,103
2122,87387,"1",2010,4,25,44.897079,151.551,294.4,70,115
2123,87403,"1",2010,4,25,44.897079,151.551,294.4,54,115
2124,87421,"1",2010,5,15,44.897079,249.301,323,56,135
2126,87456,"1",2010,4,18,44.897079,116.5,294.3,128,108
2127,87471,"1",2010,4,25,44.897079,151.551,294.4,99.5,115
2128,87488,"1",2010,4,25,44.897079,151.551,294.4,40,115
2129,87504,"1",2010,5,15,44.897079,249.301,323,37,135
2130,87514,"1",2010,4,9,44.897079,82.653,294.3,68,99
2131,87530,"1",2013,4,25,62.3908210000001,97.719,892.100000000001,52,115
2131,87540,"1",2010,4,29,44.897079,184.701,297.6,52,119
2132,87557,"1",2010,4,17,44.897079,113.594,294.3,37,107
2133,87573,"1",2010,4,19,44.897079,123.15,294.3,29,109
2135,87617,"1",2010,4,23,44.897079,139.011,294.4,41,113
2136,87634,"1",2010,4,19,44.897079,123.15,294.3,127,109
2137,87649,"1",2010,4,13,44.897079,102.173,294.3,108,103
2138,87665,"1",2010,4,15,44.897079,108.192,294.3,86,105
2139,87684,"1",2010,4,12,44.897079,99.952,294.3,87,102
2139,87677,"1",2013,4,25,62.3908210000001,97.719,892.100000000001,87,115
2140,87699,"1",2010,5,3,44.897079,208.494,317.2,55,123
2142,87732,"1",2010,4,22,44.897079,135.631,294.4,89,112
2143,87746,"1",2010,4,19,44.897079,123.15,294.3,107,109
2144,87762,"1",2010,4,9,44.897079,82.653,294.3,58,99
2145,87780,"1",2010,4,10,44.897079,90.053,294.3,97,100
2146,87797,"1",2010,4,13,44.897079,102.173,294.3,82,103
2147,87822,"1",2010,4,24,44.897079,144.361,294.4,88,114
2149,3432,"1",2015,4,15,63.561215,115.974,636.2,146.5,105
2149,87859,"1",2013,4,28,62.3908210000001,110.61,896.900000000001,146.5,118
2149,102908,"1",2021,4,28,51.053388,158.85,601.200000000001,146.5,118
2151,87892,"1",2010,4,29,44.897079,184.701,297.6,54,119
2152,87898,"1",2010,4,19,44.897079,123.15,294.3,87,109
2153,87925,"1",2010,4,22,44.897079,135.631,294.4,141.5,112
2153,3430,"1",2015,4,15,63.561215,115.974,636.2,141.5,105
2154,87941,"1",2010,4,13,44.897079,102.173,294.3,46,103
2155,87948,"1",2010,4,11,44.897079,97.453,294.3,80,101
2156,88160,"1",2010,4,18,44.897079,116.5,294.3,95,108
2157,88194,"1",2010,4,12,44.897079,99.952,294.3,124,102
2160,88244,"1",2010,4,13,44.897079,102.173,294.3,145,103
2162,88279,"1",2010,4,16,44.897079,110.692,294.3,160,106
2163,88297,"1",2010,4,18,44.897079,116.5,294.3,52,108
2165,88312,"1",2010,4,19,44.897079,123.15,294.3,300,109
2167,88346,"1",2010,4,19,44.897079,123.15,294.3,64,109
2169,88394,"1",2010,4,19,44.897079,123.15,294.3,108,109
2169,88386,"1",2013,4,25,62.3908210000001,97.719,892.100000000001,108,115
2170,88406,"1",2010,4,18,44.897079,116.5,294.3,137,108
2171,88422,"1",2010,4,18,44.897079,116.5,294.3,102,108
2172,88447,"1",2010,4,16,44.897079,110.692,294.3,114,106
2173,88462,"1",2010,4,16,44.897079,110.692,294.3,114,106
2174,88478,"1",2010,4,15,44.897079,108.192,294.3,136,105
2175,88494,"1",2010,4,17,44.897079,113.594,294.3,158,107
2176,88516,"1",2010,4,18,44.897079,116.5,294.3,66,108
2177,88534,"1",2010,4,22,44.897079,135.631,294.4,105,112
2179,88566,"1",2010,4,16,44.897079,110.692,294.3,150,106
2180,88582,"1",2010,4,16,44.897079,110.692,294.3,142,106
2181,88601,"1",2010,4,18,44.897079,116.5,294.3,99,108
2182,88615,"1",2010,4,16,44.897079,110.692,294.3,129,106
2183,88633,"1",2013,4,27,62.3908210000001,109.81,896.800000000001,72,117
2183,88640,"1",2010,4,17,44.897079,113.594,294.3,72,107
2184,88652,"1",2010,4,15,44.897079,108.192,294.3,37,105
2185,88659,"1",2013,4,27,62.3908210000001,109.81,896.800000000001,148,117
2185,88666,"1",2010,4,24,44.897079,144.361,294.4,148,114
2186,88683,"1",2010,4,18,44.897079,116.5,294.3,74,108
2187,64320,"1",2011,4,12,57.929074,173.014,530.000000000001,61,102
2187,88702,"1",2010,4,17,44.897079,113.594,294.3,61,107
2188,88718,"1",2010,4,17,44.897079,113.594,294.3,81,107
2190,88822,"1",2013,4,27,62.3908210000001,109.81,896.800000000001,30,117
2190,88829,"1",2010,4,15,44.897079,108.192,294.3,30,105
2191,88847,"1",2010,4,18,44.897079,116.5,294.3,125,108
2192,88861,"1",2010,4,18,44.897079,116.5,294.3,103,108
2193,88877,"1",2010,4,22,44.897079,135.631,294.4,85,112
2195,88910,"1",2010,4,18,44.897079,116.5,294.3,72,108
2196,88924,"1",2010,4,14,44.897079,106.443,294.3,121,104
2197,88942,"1",2010,4,18,44.897079,116.5,294.3,95,108
2198,88957,"1",2010,4,16,44.897079,110.692,294.3,71,106
2200,88986,"1",2010,4,19,44.897079,123.15,294.3,52,109
2201,89002,"1",2010,4,25,44.897079,151.551,294.4,58,115
2202,89018,"1",2010,4,18,44.897079,116.5,294.3,70,108
2203,89042,"1",2010,4,19,44.897079,123.15,294.3,31,109
2204,89056,"1",2010,4,18,44.897079,116.5,294.3,107,108
2206,89080,"1",2010,4,17,44.897079,113.594,294.3,56,107
2207,89095,"1",2010,4,17,44.897079,113.594,294.3,86,107
2208,89111,"1",2010,4,19,44.897079,123.15,294.3,41,109
2209,89129,"1",2010,4,18,44.897079,116.5,294.3,35,108
2211,89155,"1",2010,4,17,44.897079,113.594,294.3,89,107
2212,89170,"1",2010,4,18,44.897079,116.5,294.3,31,108
2213,89194,"1",2010,4,17,44.897079,113.594,294.3,51,107
2214,89208,"1",2010,4,17,44.897079,113.594,294.3,71,107
2215,89222,"1",2010,4,19,44.897079,123.15,294.3,53,109
2216,89235,"1",2010,4,17,44.897079,113.594,294.3,28,107
2218,89264,"1",2010,4,19,44.897079,123.15,294.3,67,109
2219,89280,"1",2010,4,19,44.897079,123.15,294.3,72,109
2221,89313,"1",2010,4,25,44.897079,151.551,294.4,13,115
2222,89325,"1",2010,4,18,44.897079,116.5,294.3,115,108
2223,89342,"1",2010,4,19,44.897079,123.15,294.3,34,109
2224,89355,"1",2010,4,22,44.897079,135.631,294.4,110,112
2226,89718,"1",2010,4,16,44.897079,110.692,294.3,129,106
2227,89834,"1",2010,4,18,44.897079,116.5,294.3,85,108
2228,89850,"1",2010,4,17,44.897079,113.594,294.3,60,107
2229,89867,"1",2010,4,15,44.897079,108.192,294.3,97,105
2230,89882,"1",2010,4,19,44.897079,123.15,294.3,83,109
2231,89898,"1",2010,4,19,44.897079,123.15,294.3,60,109
2233,89945,"1",2010,4,18,44.897079,116.5,294.3,100,108
2235,89975,"1",2013,4,25,62.3908210000001,97.719,892.100000000001,111,115
2235,89986,"1",2010,4,19,44.897079,123.15,294.3,111,109
2236,90003,"1",2010,4,19,44.897079,123.15,294.3,68,109
2237,90031,"1",2010,4,18,44.897079,116.5,294.3,75,108
2238,90049,"1",2010,4,15,44.897079,108.192,294.3,69,105
2239,90065,"1",2010,4,18,44.897079,116.5,294.3,66,108
2242,90114,"1",2010,4,14,44.897079,106.443,294.3,109,104
2248,90235,"1",2010,4,17,44.897079,113.594,294.3,62,107
2249,90250,"1",2010,4,18,44.897079,116.5,294.3,157,108
2250,90267,"1",2010,4,19,44.897079,123.15,294.3,86,109
2251,90281,"1",2010,4,15,44.897079,108.192,294.3,152,105
2252,90297,"1",2010,4,17,44.897079,113.594,294.3,123,107
2253,90312,"1",2010,4,14,44.897079,106.443,294.3,138,104
2254,90329,"1",2010,4,14,44.897079,106.443,294.3,119,104
2255,90344,"1",2010,4,17,44.897079,113.594,294.3,217,107
2257,90375,"1",2010,4,19,44.897079,123.15,294.3,37,109
2258,90386,"1",2010,4,17,44.897079,113.594,294.3,67,107
2259,90408,"1",2010,4,18,44.897079,116.5,294.3,94,108
2260,90434,"1",2010,4,13,44.897079,102.173,294.3,90,103
2262,90468,"1",2010,4,18,44.897079,116.5,294.3,57,108
2264,90495,"1",2010,4,24,44.897079,144.361,294.4,65,114
2265,90507,"1",2010,4,19,44.897079,123.15,294.3,95,109
2266,90521,"1",2010,4,16,44.897079,110.692,294.3,166,106
2267,90550,"1",2010,4,18,44.897079,116.5,294.3,128,108
2268,90571,"1",2010,4,18,44.897079,116.5,294.3,86,108
2269,90588,"1",2010,4,18,44.897079,116.5,294.3,97,108
2270,90603,"1",2010,4,19,44.897079,123.15,294.3,57,109
2271,90615,"1",2010,4,18,44.897079,116.5,294.3,86,108
2273,90658,"1",2010,4,15,44.897079,108.192,294.3,84,105
2274,90685,"1",2010,4,11,44.897079,97.453,294.3,111,101
2275,91083,"1",2010,4,15,44.897079,108.192,294.3,154,105
2276,91490,"1",2010,4,10,44.897079,90.053,294.3,81,100
2277,91515,"1",2010,4,15,44.897079,108.192,294.3,48,105
2278,91530,"1",2010,4,26,44.897079,157.861,296.6,101,116
2280,91556,"1",2010,5,3,44.897079,208.494,317.2,27,123
2281,91568,"1",2010,4,17,44.897079,113.594,294.3,67,107
2284,91713,"1",2010,4,17,44.897079,113.594,294.3,36,107
2285,91793,"1",2010,4,22,44.897079,135.631,294.4,72,112
2286,91923,"1",2010,4,17,44.897079,113.594,294.3,35,107
2287,91949,"1",2010,4,24,44.897079,144.361,294.4,136,114
2289,91983,"1",2010,4,17,44.897079,113.594,294.3,152,107
2290,91998,"1",2010,4,19,44.897079,123.15,294.3,75,109
2291,92015,"1",2010,4,21,44.897079,133.58,294.4,134,111
2292,92030,"1",2010,4,17,44.897079,113.594,294.3,111,107
2293,92048,"1",2010,4,15,44.897079,108.192,294.3,112,105
2294,92057,"1",2010,4,17,44.897079,113.594,294.3,94,107
2295,92074,"1",2010,4,15,44.897079,108.192,294.3,138,105
2297,92106,"1",2010,4,10,44.897079,90.053,294.3,100,100
2298,92124,"1",2010,4,11,44.897079,97.453,294.3,107,101
2299,92143,"1",2010,4,15,44.897079,108.192,294.3,102,105
2300,92161,"1",2010,4,15,44.897079,108.192,294.3,90,105
2304,92240,"1",2010,4,22,44.897079,135.631,294.4,119,112
2305,92257,"1",2010,4,25,44.897079,151.551,294.4,62,115
2307,92287,"1",2010,4,22,44.897079,135.631,294.4,70,112
2308,92294,"1",2010,4,23,44.897079,139.011,294.4,46,113
2309,92309,"1",2010,4,15,44.897079,108.192,294.3,73,105
2310,92328,"1",2010,4,23,44.897079,139.011,294.4,36,113
2311,92340,"1",2013,4,25,62.3908210000001,97.719,892.100000000001,65,115
2312,92360,"1",2010,4,19,44.897079,123.15,294.3,20,109
2313,92376,"1",2010,4,19,44.897079,123.15,294.3,21,109
2315,92397,"1",2010,5,7,44.897079,222.692,322,67,127
2316,92421,"1",2010,4,16,44.897079,110.692,294.3,91,106
2318,92452,"1",2010,4,22,44.897079,135.631,294.4,117,112
2319,92499,"1",2010,4,19,44.897079,123.15,294.3,60,109
2321,92632,"1",2010,4,15,44.897079,108.192,294.3,18,105
2322,92640,"1",2010,4,17,44.897079,113.594,294.3,20,107
2325,92687,"1",2010,4,22,44.897079,135.631,294.4,172,112
2327,92720,"1",2010,4,13,44.897079,102.173,294.3,108.5,103
2328,92745,"1",2010,4,22,44.897079,135.631,294.4,190,112
2329,92936,"1",2010,4,13,44.897079,102.173,294.3,146,103
2330,92951,"1",2010,4,26,44.897079,157.861,296.6,106,116
2332,93054,"1",2010,4,13,44.897079,102.173,294.3,42,103
2333,93066,"1",2010,4,25,44.897079,151.551,294.4,30,115
2334,93080,"1",2010,4,13,44.897079,102.173,294.3,55,103
2335,93097,"1",2010,4,14,44.897079,106.443,294.3,14,104
2336,93113,"1",2010,4,13,44.897079,102.173,294.3,20,103
2338,93145,"1",2010,5,7,44.897079,222.692,322,19,127
2339,93158,"1",2010,4,15,44.897079,108.192,294.3,28,105
2342,93203,"1",2010,4,13,44.897079,102.173,294.3,119,103
2343,93235,"1",2010,4,26,44.897079,157.861,296.6,NA,116
2344,93249,"1",2010,4,27,44.897079,163.931,297.6,50,117
2346,93278,"1",2010,4,16,44.897079,110.692,294.3,83,106
2347,93290,"1",2010,4,23,44.897079,139.011,294.4,32,113
2348,93300,"1",2010,4,25,44.897079,151.551,294.4,95,115
2349,93314,"1",2010,5,7,44.897079,222.692,322,34,127
2350,93321,"1",2010,4,19,44.897079,123.15,294.3,153,109
2351,93361,"1",2010,4,24,44.897079,144.361,294.4,182,114
2352,93377,"1",2013,4,25,62.3908210000001,97.719,892.100000000001,137,115
2353,93401,"1",2010,4,15,44.897079,108.192,294.3,110,105
2355,93445,"1",2010,4,15,44.897079,108.192,294.3,37,105
2356,93460,"1",2010,4,13,44.897079,102.173,294.3,103,103
2357,93475,"1",2010,4,15,44.897079,108.192,294.3,52,105
2358,93502,"1",2010,4,27,44.897079,163.931,297.6,18,117
2359,93651,"1",2013,5,0,62.3908210000001,0,0,43.5,120
2360,93667,"1",2013,5,0,62.3908210000001,0,0,26,120
2361,110814,"1",2023,4,14,49.579857,146.479,605.326,186,104
2361,93682,"1",2013,4,28,62.3908210000001,110.61,896.900000000001,186,118
2361,111748,"1",2023,4,26,49.579857,193.302,638.576,186,116
2363,93803,"1",2011,4,3,57.929074,108.384,528.800000000001,206,93
2366,93870,"1",2011,4,3,57.929074,108.384,528.800000000001,160,93
2367,93895,"1",2011,4,7,57.929074,133.104,530.000000000001,74,97
2368,93908,"1",2011,4,9,57.929074,149.924,530.000000000001,60,99
2369,93931,"1",2011,4,7,57.929074,133.104,530.000000000001,50,97
2370,93976,"1",2011,4,5,57.929074,117.124,528.800000000001,60,95
2371,93984,"1",2011,4,5,57.929074,117.124,528.800000000001,100,95
2373,94000,"1",2011,4,9,57.929074,149.924,530.000000000001,132,99
2374,104066,"1",2022,4,5,54.765427,115.81,729.9,50,95
2374,94033,"1",2011,4,15,57.929074,183.019,530.100000000001,50,105
2375,94048,"1",2011,4,9,57.929074,149.924,530.000000000001,48,99
2375,94040,"1",2013,4,28,62.3908210000001,110.61,896.900000000001,48,118
2376,94056,"1",2013,5,0,62.3908210000001,0,0,31,120
2376,94064,"1",2011,4,9,57.929074,149.924,530.000000000001,31,99
2379,94190,"1",2013,5,0,62.3908210000001,0,0,133,120
2379,94196,"1",2011,4,7,57.929074,133.104,530.000000000001,133,97
2380,94213,"1",2011,4,3,57.929074,108.384,528.800000000001,85,93
2380,94206,"1",2013,5,0,62.3908210000001,0,0,85,120
2381,94228,"1",2011,4,15,57.929074,183.019,530.100000000001,38,105
2381,107484,"1",2022,4,19,54.765427,182.36,748.2,38,109
2382,104120,"1",2022,4,5,54.765427,115.81,729.9,39,95
2382,94245,"1",2011,4,12,57.929074,173.014,530.000000000001,39,102
2382,111755,"1",2023,4,26,49.579857,193.302,638.576,39,116
2382,25716,"1",2018,4,17,62.9482860000001,130.863,801.000000000001,39,107
2383,94276,"1",2011,4,9,57.929074,149.924,530.000000000001,56,99
2384,110871,"1",2023,4,14,49.579857,146.479,605.326,65,104
2384,94285,"1",2013,5,0,62.3908210000001,0,0,65,120
2384,105434,"1",2022,4,8,54.765427,131.39,747.8,65,98
2384,94293,"1",2011,4,9,57.929074,149.924,530.000000000001,65,99
2384,104121,"1",2022,4,5,54.765427,115.81,729.9,65,95
2385,94302,"1",2013,5,0,62.3908210000001,0,0,33,120
2385,94309,"1",2011,4,9,57.929074,149.924,530.000000000001,33,99
2386,107477,"1",2022,4,19,54.765427,182.36,748.2,39,109
2386,94317,"1",2013,5,0,62.3908210000001,0,0,39,120
2386,94325,"1",2011,4,10,57.929074,159.074,530.000000000001,39,100
2388,94352,"1",2011,4,3,57.929074,108.384,528.800000000001,30,93
2389,104122,"1",2022,4,5,54.765427,115.81,729.9,89,95
2389,25719,"1",2018,4,17,62.9482860000001,130.863,801.000000000001,89,107
2390,94383,"1",2011,4,3,57.929074,108.384,528.800000000001,56,93
2391,94395,"1",2011,4,7,57.929074,133.104,530.000000000001,23,97
2391,94391,"1",2013,5,0,62.3908210000001,0,0,23,120
2392,94411,"1",2011,4,9,57.929074,149.924,530.000000000001,113,99
2393,25695,"1",2018,4,17,62.9482860000001,130.863,801.000000000001,68,107
2393,26950,"1",2018,4,24,62.9482860000001,216.933,809.300000000001,68,114
2393,94426,"1",2011,4,7,57.929074,133.104,530.000000000001,68,97
2393,26386,"1",2018,4,21,62.9482860000001,183.673,801.000000000001,68,111
2394,94435,"1",2013,5,0,62.3908210000001,0,0,43,120
2395,94459,"1",2011,4,9,57.929074,149.924,530.000000000001,50.5,99
2395,94452,"1",2013,5,0,62.3908210000001,0,0,50.5,120
2397,94490,"1",2011,4,5,57.929074,117.124,528.800000000001,115,95
2397,94480,"1",2013,5,2,62.3908210000001,124.37,898.700000000001,115,122
2398,94500,"1",2013,5,0,62.3908210000001,0,0,30,120
2399,94522,"1",2011,4,11,57.929074,164.554,530.000000000001,37,101
2399,94515,"1",2013,5,0,62.3908210000001,0,0,37,120
2400,94530,"1",2013,5,0,62.3908210000001,0,0,64,120
2400,94541,"1",2011,4,10,57.929074,159.074,530.000000000001,64,100
2402,94658,"1",2011,4,5,57.929074,117.124,528.800000000001,227,95
2402,25722,"1",2018,4,17,62.9482860000001,130.863,801.000000000001,227,107
2403,94676,"1",2011,4,6,57.929074,121.584,530.000000000001,210,96
2404,94690,"1",2011,4,7,57.929074,133.104,530.000000000001,80,97
2405,94699,"1",2011,4,7,57.929074,133.104,530.000000000001,109,97
2406,94714,"1",2011,4,10,57.929074,159.074,530.000000000001,109.5,100
2407,94721,"1",2011,4,11,57.929074,164.554,530.000000000001,45,101
2408,94734,"1",2011,4,7,57.929074,133.104,530.000000000001,88,97
2409,94743,"1",2013,4,28,62.3908210000001,110.61,896.900000000001,78,118
2411,94766,"1",2013,5,2,62.3908210000001,124.37,898.700000000001,105,122
2411,25026,"1",2018,4,11,62.9482860000001,102.943,791.000000000001,105,101
2411,94776,"1",2011,4,7,57.929074,133.104,530.000000000001,105,97
2411,111751,"1",2023,4,26,49.579857,193.302,638.576,105,116
2412,94804,"1",2013,5,0,62.3908210000001,0,0,183,120
2413,110866,"1",2023,4,14,49.579857,146.479,605.326,80,104
2414,25027,"1",2018,4,11,62.9482860000001,102.943,791.000000000001,88,101
2414,25726,"1",2018,4,17,62.9482860000001,130.863,801.000000000001,88,107
2414,94838,"1",2013,5,0,62.3908210000001,0,0,88,120
2414,104097,"1",2022,4,5,54.765427,115.81,729.9,88,95
2414,94847,"1",2011,4,7,57.929074,133.104,530.000000000001,88,97
2415,94861,"1",2011,4,5,57.929074,117.124,528.800000000001,117,95
2415,112830,"1",2024,4,11,47.235357,253.959,793.37,117,101
2416,104274,"1",2022,4,5,54.765427,115.81,729.9,40,95
2417,94889,"1",2011,4,3,57.929074,108.384,528.800000000001,95,93
2418,94905,"1",2011,4,3,57.929074,108.384,528.800000000001,37,93
2418,94897,"1",2013,4,28,62.3908210000001,110.61,896.900000000001,37,118
2419,94921,"1",2011,4,3,57.929074,108.384,528.800000000001,57,93
2422,94953,"1",2011,4,8,57.929074,142.074,530.000000000001,124.5,98
2422,111668,"1",2023,4,26,49.579857,193.302,638.576,124.5,116
2422,111166,"1",2023,4,18,49.579857,164.477,614.326,124.5,108
2425,102705,"1",2021,4,16,51.053388,123.036,601.200000000001,156,106
2425,105117,"1",2022,4,7,54.765427,127.68,730.7,156,97
2425,102704,"1",2021,4,27,51.053388,156.102,601.200000000001,156,117
2425,25437,"1",2018,4,16,62.9482860000001,124.453,799.000000000001,156,106
2427,95079,"1",2013,4,22,62.3908210000001,75.439,892.100000000001,196,112
2427,102710,"1",2021,4,17,51.053388,123.036,601.200000000001,196,107
2429,112451,"1",2024,4,5,47.235357,216.188,787.482,88.5,95
2429,95246,"1",2011,4,7,57.929074,133.104,530.000000000001,88.5,97
2430,95267,"1",2013,5,0,62.3908210000001,0,0,88.5,120
2430,95276,"1",2011,4,5,57.929074,117.124,528.800000000001,88.5,95
2432,102717,"1",2021,4,28,51.053388,158.85,601.200000000001,109.5,118
2432,112444,"1",2024,4,5,47.235357,216.188,787.482,109.5,95
2433,112445,"1",2024,4,5,47.235357,216.188,787.482,116,95
2433,104125,"1",2022,4,5,54.765427,115.81,729.9,116,95
2433,106321,"1",2022,4,12,54.765427,136.31,748.1,116,102
2434,95313,"1",2013,4,22,62.3908210000001,75.439,892.100000000001,77.5,112
2434,102721,"1",2021,4,28,51.053388,158.85,601.200000000001,77.5,118
2435,111420,"1",2023,4,19,49.579857,168.967,614.326,63,109
2435,95341,"1",2011,4,7,57.929074,133.104,530.000000000001,63,97
2435,95332,"1",2013,4,28,62.3908210000001,110.61,896.900000000001,63,118
2435,112447,"1",2024,4,5,47.235357,216.188,787.482,63,95
2436,95355,"1",2011,4,9,57.929074,149.924,530.000000000001,41.5,99
2439,95453,"1",2013,5,2,62.3908210000001,124.37,898.700000000001,38,122
2439,95460,"1",2011,4,9,57.929074,149.924,530.000000000001,38,99
2440,107488,"1",2022,4,19,54.765427,182.36,748.2,26,109
2440,95475,"1",2011,4,11,57.929074,164.554,530.000000000001,26,101
2440,112548,"1",2024,4,9,47.235357,247.208,791.99,26,99
2440,108436,"1",2022,4,22,54.765427,199.26,748.2,26,112
2441,95500,"1",2013,5,0,62.3908210000001,0,0,NA,120
2442,95557,"1",2011,4,8,57.929074,142.074,530.000000000001,NA,98
2443,95572,"1",2011,4,8,57.929074,142.074,530.000000000001,NA,98
2444,95607,"1",2011,4,7,57.929074,133.104,530.000000000001,NA,97
2445,95623,"1",2011,4,9,57.929074,149.924,530.000000000001,NA,99
2446,95636,"1",2011,4,7,57.929074,133.104,530.000000000001,NA,97
2447,95645,"1",2013,4,28,62.3908210000001,110.61,896.900000000001,NA,118
2449,95678,"1",2011,4,3,57.929074,108.384,528.800000000001,NA,93
2450,95687,"1",2013,4,28,62.3908210000001,110.61,896.900000000001,58.5,118
2450,95694,"1",2011,4,3,57.929074,108.384,528.800000000001,58.5,93
2451,95711,"1",2011,4,3,57.929074,108.384,528.800000000001,121.5,93
2452,95719,"1",2011,4,3,57.929074,108.384,528.800000000001,81,93
2456,96025,"1",2011,4,11,57.929074,164.554,530.000000000001,NA,101
2456,96019,"1",2013,5,2,62.3908210000001,124.37,898.700000000001,NA,122
2457,96031,"1",2013,5,0,62.3908210000001,0,0,NA,120
2459,96065,"1",2011,4,9,57.929074,149.924,530.000000000001,NA,99
2460,96077,"1",2011,4,11,57.929074,164.554,530.000000000001,NA,101
2461,96087,"1",2011,4,11,57.929074,164.554,530.000000000001,NA,101
2462,96197,"1",2011,4,5,57.929074,117.124,528.800000000001,NA,95
2463,96218,"1",2013,5,0,62.3908210000001,0,0,NA,120
2464,96233,"1",2013,5,0,62.3908210000001,0,0,NA,120
2465,96249,"1",2013,4,28,62.3908210000001,110.61,896.900000000001,55,118
2465,96256,"1",2011,4,9,57.929074,149.924,530.000000000001,55,99
2466,102730,"1",2021,4,16,51.053388,123.036,601.200000000001,125.5,106
2466,111165,"1",2023,4,18,49.579857,164.477,614.326,125.5,108
2466,106132,"1",2022,4,11,54.765427,131.39,748.1,125.5,101
2466,96271,"1",2013,4,27,62.3908210000001,109.81,896.800000000001,125.5,117
2466,25438,"1",2018,4,16,62.9482860000001,124.453,799.000000000001,125.5,106
2467,96288,"1",2013,4,27,62.3908210000001,109.81,896.800000000001,82,117
2468,96305,"1",2013,4,27,62.3908210000001,109.81,896.800000000001,116,117
2470,96338,"1",2013,4,23,62.3908210000001,80.609,892.100000000001,94,113
2472,26429,"1",2018,4,21,62.9482860000001,183.673,801.000000000001,147.5,111
2472,96367,"1",2013,4,23,62.3908210000001,80.609,892.100000000001,147.5,113
2472,25439,"1",2018,4,16,62.9482860000001,124.453,799.000000000001,147.5,106
2473,105204,"1",2022,4,7,54.765427,127.68,730.7,159.333333333333,97
2475,102738,"1",2021,4,27,51.053388,156.102,601.200000000001,92,117
2475,25440,"1",2018,4,16,62.9482860000001,124.453,799.000000000001,92,106
2475,106130,"1",2022,4,11,54.765427,131.39,748.1,92,101
2475,105113,"1",2022,4,7,54.765427,127.68,730.7,92,97
2475,102739,"1",2021,4,16,51.053388,123.036,601.200000000001,92,106
2476,96430,"1",2013,4,23,62.3908210000001,80.609,892.100000000001,131,113
2477,25441,"1",2018,4,16,62.9482860000001,124.453,799.000000000001,143.5,106
2478,103959,"1",2022,4,4,54.765427,114.392,727.6,139.5,94
2478,25442,"1",2018,4,16,62.9482860000001,124.453,799.000000000001,139.5,106
2478,106129,"1",2022,4,11,54.765427,131.39,748.1,139.5,101
2478,105112,"1",2022,4,7,54.765427,127.68,730.7,139.5,97
2479,111747,"1",2023,4,26,49.579857,193.302,638.576,21.5,116
2480,96519,"1",2011,4,17,57.929074,195.419,530.100000000001,10.5,107
2480,96514,"1",2013,5,6,62.3908210000001,155.18,899.400000000001,10.5,126
2481,96532,"1",2011,4,11,57.929074,164.554,530.000000000001,22,101
2482,96540,"1",2013,5,0,62.3908210000001,0,0,20,120
2483,96553,"1",2013,4,28,62.3908210000001,110.61,896.900000000001,21,118
2485,96599,"1",2013,5,0,62.3908210000001,0,0,125.5,120
2486,104067,"1",2022,4,5,54.765427,115.81,729.9,124,95
2486,96623,"1",2011,4,11,57.929074,164.554,530.000000000001,124,101
2488,96687,"1",2011,4,6,57.929074,121.584,530.000000000001,279.5,96
2488,96680,"1",2013,5,1,62.3908210000001,123.3,898.700000000001,279.5,121
2489,96696,"1",2013,4,29,62.3908210000001,113.9,898.600000000001,161.5,119
2489,96701,"1",2011,4,6,57.929074,121.584,530.000000000001,161.5,96
2490,111169,"1",2023,4,18,49.579857,164.477,614.326,463,108
2490,96753,"1",2011,4,6,57.929074,121.584,530.000000000001,463,96
2491,102747,"1",2021,4,27,51.053388,156.102,601.200000000001,75,117
2491,102748,"1",2021,5,3,51.053388,172.128,609.600000000001,75,123
2491,111643,"1",2023,4,26,49.579857,193.302,638.576,75,116
2491,96772,"1",2011,4,8,57.929074,142.074,530.000000000001,75,98
2491,96764,"1",2013,5,3,62.3908210000001,131.09,898.700000000001,75,123
2496,96842,"1",2011,4,8,57.929074,142.074,530.000000000001,107,98
2496,111670,"1",2023,4,26,49.579857,193.302,638.576,107,116
2496,105119,"1",2022,4,7,54.765427,127.68,730.7,107,97
2496,113014,"1",2024,4,12,47.235357,262.149,794.75,107,102
2497,103961,"1",2022,4,4,54.765427,114.392,727.6,185.5,94
2497,102761,"1",2021,4,21,51.053388,134.878,601.200000000001,185.5,111
2499,25447,"1",2018,4,16,62.9482860000001,124.453,799.000000000001,177.5,106
2499,96884,"1",2013,4,27,62.3908210000001,109.81,896.800000000001,177.5,117
2500,96901,"1",2013,4,23,62.3908210000001,80.609,892.100000000001,78,113
2501,96923,"1",2011,4,9,57.929074,149.924,530.000000000001,157,99
2503,105118,"1",2022,4,7,54.765427,127.68,730.7,62,97
2503,96949,"1",2011,4,10,57.929074,159.074,530.000000000001,62,100
2503,102769,"1",2021,4,27,51.053388,156.102,601.200000000001,62,117
2503,102770,"1",2021,5,3,51.053388,172.128,609.600000000001,62,123
2507,97001,"1",2013,4,23,62.3908210000001,80.609,892.100000000001,97,113
2507,97009,"1",2011,4,8,57.929074,142.074,530.000000000001,97,98
2509,97034,"1",2013,4,23,62.3908210000001,80.609,892.100000000001,67,113
2511,25463,"1",2018,4,16,62.9482860000001,124.453,799.000000000001,66.5,106
2511,111167,"1",2023,4,18,49.579857,164.477,614.326,66.5,108
2511,111669,"1",2023,4,26,49.579857,193.302,638.576,66.5,116
2512,25448,"1",2018,4,16,62.9482860000001,124.453,799.000000000001,127.5,106
2517,25449,"1",2018,4,16,62.9482860000001,124.453,799.000000000001,98,106
2520,102774,"1",2021,4,21,51.053388,134.878,601.200000000001,123.5,111
2523,102779,"1",2021,4,21,51.053388,134.878,601.200000000001,118.5,111
2523,25450,"1",2018,4,16,62.9482860000001,124.453,799.000000000001,118.5,106
2526,25452,"1",2018,4,16,62.9482860000001,124.453,799.000000000001,106,106
2534,25451,"1",2018,4,16,62.9482860000001,124.453,799.000000000001,116,106
2535,97692,"1",2011,4,8,57.929074,142.074,530.000000000001,57,98
2537,102786,"1",2021,4,27,51.053388,156.102,601.200000000001,133.5,117
2537,102787,"1",2021,4,16,51.053388,123.036,601.200000000001,133.5,106
2594,98551,"1",2011,4,4,57.929074,113.214,528.800000000001,110,94
2642,105091,"1",2022,4,7,54.765427,127.68,730.7,NA,97
2642,102836,"1",2021,4,19,51.053388,127.334,601.200000000001,NA,109
2642,105449,"1",2022,4,8,54.765427,131.39,747.8,NA,98
2646,99394,"1",2013,5,2,62.3908210000001,124.37,898.700000000001,124,122
2648,104005,"1",2022,4,4,54.765427,114.392,727.6,114,94
2648,112721,"1",2024,4,10,47.235357,249.559,793.37,114,100
2648,106178,"1",2022,4,11,54.765427,131.39,748.1,114,101
2648,102841,"1",2021,4,26,51.053388,154.887,601.200000000001,114,116
2649,102847,"1",2021,4,30,51.053388,163.636,609.300000000001,95,120
2649,111541,"1",2023,4,25,49.579857,192.193,628.576,95,115
2652,99408,"1",2013,4,22,62.3908210000001,75.439,892.100000000001,148.5,112
2653,25739,"1",2018,4,17,62.9482860000001,130.863,801.000000000001,147,107
2653,102850,"1",2021,4,14,51.053388,121.711,601.200000000001,147,104
2653,99417,"1",2013,4,22,62.3908210000001,75.439,892.100000000001,147,112
2653,102849,"1",2021,4,7,51.053388,114.893,597.400000000001,147,97
2653,106177,"1",2022,4,11,54.765427,131.39,748.1,147,101
2653,25215,"1",2018,4,12,62.9482860000001,105.257,798.600000000001,147,102
2654,110818,"1",2023,4,14,49.579857,146.479,605.326,145,104
2667,105451,"1",2022,4,8,54.765427,131.39,747.8,NA,98
2667,105093,"1",2022,4,7,54.765427,127.68,730.7,NA,97
2667,102857,"1",2021,4,19,51.053388,127.334,601.200000000001,NA,109
2668,106330,"1",2022,4,12,54.765427,136.31,748.1,NA,102
2670,102863,"1",2021,5,6,51.053388,185.168,620.500000000001,NA,126
2671,99599,"1",2013,4,23,62.3908210000001,80.609,892.100000000001,123,113
2673,25454,"1",2018,4,16,62.9482860000001,124.453,799.000000000001,210.5,106
2675,99623,"1",2013,4,27,62.3908210000001,109.81,896.800000000001,151,117
2677,99660,"1",2013,4,23,62.3908210000001,80.609,892.100000000001,NA,113
2678,99671,"1",2013,4,23,62.3908210000001,80.609,892.100000000001,128,113
2680,99707,"1",2013,4,22,62.3908210000001,75.439,892.100000000001,71.5,112
2683,99728,"1",2013,4,23,62.3908210000001,80.609,892.100000000001,NA,113
2684,106222,"1",2022,4,11,54.765427,131.39,748.1,259,101
2684,105176,"1",2022,4,7,54.765427,127.68,730.7,259,97
2688,99774,"1",2013,4,28,62.3908210000001,110.61,896.900000000001,231,118
2691,99790,"1",2013,4,23,62.3908210000001,80.609,892.100000000001,173,113
2693,99809,"1",2013,4,25,62.3908210000001,97.719,892.100000000001,161,115
2694,99818,"1",2013,4,23,62.3908210000001,80.609,892.100000000001,156,113
2698,112958,"1",2024,4,12,47.235357,262.149,794.75,232,102
2698,13466,"1",2016,4,29,45.466249,177.695,806.200000000001,232,119
2698,111172,"1",2023,4,18,49.579857,164.477,614.326,232,108
2698,111645,"1",2023,4,26,49.579857,193.302,638.576,232,116
2698,13465,"1",2016,4,26,45.466249,172.697,805.700000000001,232,116
2698,99872,"1",2013,4,27,62.3908210000001,109.81,896.800000000001,232,117
2700,99887,"1",2013,4,23,62.3908210000001,80.609,892.100000000001,136,113
2704,99932,"1",2013,4,25,62.3908210000001,97.719,892.100000000001,107,115
2705,99941,"1",2013,4,29,62.3908210000001,113.9,898.600000000001,137,119
2706,99949,"1",2013,4,25,62.3908210000001,97.719,892.100000000001,173.5,115
2707,111170,"1",2023,4,18,49.579857,164.477,614.326,143,108
2707,104022,"1",2022,4,4,54.765427,114.392,727.6,143,94
2707,111671,"1",2023,4,26,49.579857,193.302,638.576,143,116
2708,99959,"1",2013,4,23,62.3908210000001,80.609,892.100000000001,330,113
2709,106203,"1",2022,4,11,54.765427,131.39,748.1,136.5,101
2709,25458,"1",2018,4,16,62.9482860000001,124.453,799.000000000001,136.5,106
2709,99969,"1",2013,4,23,62.3908210000001,80.609,892.100000000001,136.5,113
2709,111171,"1",2023,4,18,49.579857,164.477,614.326,136.5,108
2709,104029,"1",2022,4,4,54.765427,114.392,727.6,136.5,94
2715,3347,"1",2015,4,14,63.561215,107.984,636.2,NA,104
2715,3097,"1",2015,4,11,63.561215,96.054,633.4,NA,101
2715,2921,"1",2015,4,9,63.561215,86.521,633.4,NA,99
2717,3271,"1",2015,4,13,63.561215,104.274,636.1,NA,103
2717,106398,"1",2022,4,12,54.765427,136.31,748.1,NA,102
2718,3916,"1",2015,4,19,63.561215,147.224,636.2,NA,109
2718,3571,"1",2015,4,17,63.561215,137.434,636.2,NA,107
2718,3196,"1",2015,4,14,63.561215,107.984,636.2,NA,104
2718,4259,"1",2015,4,21,63.561215,154.702,636.2,NA,111
2718,70399,"1",2011,3,27,57.929074,76.909,521.500000000001,NA,87
2719,66388,"1",2011,4,10,57.929074,159.074,530.000000000001,NA,100
2719,4350,"1",2015,4,22,63.561215,161.262,636.2,NA,112
2720,64824,"1",2010,4,28,44.897079,174.111,297.6,NA,118
2721,55831,"1",2010,4,18,44.897079,116.5,294.3,NA,108
2722,55789,"1",2010,4,11,44.897079,97.453,294.3,NA,101
2722,55780,"1",2013,4,25,62.3908210000001,97.719,892.100000000001,NA,115
2725,38610,"1",2010,4,13,44.897079,102.173,294.3,NA,103
2726,38520,"1",2010,4,25,44.897079,151.551,294.4,NA,115
2726,38489,"1",2013,4,27,62.3908210000001,109.81,896.800000000001,NA,117
2728,94555,"1",2011,4,5,57.929074,117.124,528.800000000001,NA,95
2728,22777,"1",2017,4,6,57.27478,186.96,616.7,NA,96
2734,70136,"1",2011,4,11,57.929074,164.554,530.000000000001,NA,101
2747,106281,"1",2022,4,11,54.765427,131.39,748.1,NA,101
2756,101967,"1",2021,4,26,51.053388,154.887,601.200000000001,212,116
2756,105144,"1",2022,4,7,54.765427,127.68,730.7,212,97
2756,101966,"1",2021,4,7,51.053388,114.893,597.400000000001,212,97
2756,103983,"1",2022,4,4,54.765427,114.392,727.6,212,94
2756,106159,"1",2022,4,11,54.765427,131.39,748.1,212,101
2756,25623,"1",2018,4,17,62.9482860000001,130.863,801.000000000001,212,107
2756,101968,"1",2021,4,30,51.053388,163.636,609.300000000001,212,120
2757,50992,"1",2010,4,26,44.897079,157.861,296.6,NA,116
2759,75120,"1",2011,4,5,57.929074,117.124,528.800000000001,NA,95
2772,112685,"1",2024,4,10,47.235357,249.559,793.37,76,100
2772,68442,"1",2011,4,9,57.929074,149.924,530.000000000001,76,99
2777,113239,"1",2024,4,18,47.235357,294.258,799.166,146.333333333333,108
2777,106244,"1",2022,4,11,54.765427,131.39,748.1,146.333333333333,101
2778,63040,"1",2011,4,10,57.929074,159.074,530.000000000001,87.6666666666667,100
2778,63048,"1",2013,4,29,62.3908210000001,113.9,898.600000000001,87.6666666666667,119
2779,25461,"1",2018,4,16,62.9482860000001,124.453,799.000000000001,64,106
2782,76273,"1",2011,4,10,57.929074,159.074,530.000000000001,NA,100
2783,58626,"1",2010,4,28,44.897079,174.111,297.6,NA,118
2785,57370,"1",2011,4,16,57.929074,188.589,530.100000000001,NA,106
2787,56984,"1",2010,4,26,44.897079,157.861,296.6,NA,116
2794,55505,"1",2011,4,6,57.929074,121.584,530.000000000001,71.5,96
2795,55541,"1",2011,4,6,57.929074,121.584,530.000000000001,62,96
2796,55427,"1",2013,4,27,62.3908210000001,109.81,896.800000000001,58.3333333333333,117
2802,36860,"1",2011,4,7,57.929074,133.104,530.000000000001,NA,97
2808,39622,"1",2010,4,23,44.897079,139.011,294.4,NA,113
2818,65547,"1",2011,4,10,57.929074,159.074,530.000000000001,NA,100
2820,62214,"1",2011,4,8,57.929074,142.074,530.000000000001,337,98
2827,25293,"1",2018,4,16,62.9482860000001,124.453,799.000000000001,90,106
2827,41546,"1",2011,4,8,57.929074,142.074,530.000000000001,90,98
2827,105115,"1",2022,4,7,54.765427,127.68,730.7,90,97
2828,25260,"1",2018,4,16,62.9482860000001,124.453,799.000000000001,113,106
2836,79739,"1",2010,4,25,44.897079,151.551,294.4,NA,115
2838,86663,"1",2010,4,17,44.897079,113.594,294.3,NA,107
2839,90949,"1",2010,4,24,44.897079,144.361,294.4,NA,114
2842,32449,"1",2010,4,11,44.897079,97.453,294.3,NA,101
2843,32471,"1",2010,4,11,44.897079,97.453,294.3,NA,101
2844,32492,"1",2010,4,11,44.897079,97.453,294.3,NA,101
2845,32523,"1",2010,4,17,44.897079,113.594,294.3,NA,107
2846,32551,"1",2010,4,13,44.897079,102.173,294.3,NA,103
2848,32618,"1",2010,4,22,44.897079,135.631,294.4,NA,112
2855,34056,"1",2011,4,8,57.929074,142.074,530.000000000001,NA,98
2857,112665,"1",2024,4,10,47.235357,249.559,793.37,165.333333333333,100
2857,34484,"1",2011,4,5,57.929074,117.124,528.800000000001,165.333333333333,95
2872,36558,"1",2011,4,7,57.929074,133.104,530.000000000001,NA,97
2878,38561,"1",2010,4,13,44.897079,102.173,294.3,NA,103
2879,38632,"1",2010,4,23,44.897079,139.011,294.4,NA,113
2881,39270,"1",2010,4,25,44.897079,151.551,294.4,NA,115
2887,39610,"1",2010,4,23,44.897079,139.011,294.4,NA,113
2901,40788,"1",2010,4,27,44.897079,163.931,297.6,NA,117
2902,40800,"1",2010,4,24,44.897079,144.361,294.4,NA,114
2903,40893,"1",2010,4,24,44.897079,144.361,294.4,NA,114
2904,40944,"1",2010,4,18,44.897079,116.5,294.3,NA,108
2905,41618,"1",2011,4,3,57.929074,108.384,528.800000000001,NA,93
2915,45104,"1",2013,4,25,62.3908210000001,97.719,892.100000000001,NA,115
2924,46783,"1",2011,4,16,57.929074,188.589,530.100000000001,NA,106
2927,48073,"1",2011,4,8,57.929074,142.074,530.000000000001,NA,98
2945,51342,"1",2010,4,25,44.897079,151.551,294.4,NA,115
2956,52902,"1",2011,4,5,57.929074,117.124,528.800000000001,NA,95
2960,53646,"1",2011,4,3,57.929074,108.384,528.800000000001,NA,93
2961,53839,"1",2010,4,14,44.897079,106.443,294.3,NA,104
2962,53848,"1",2010,4,13,44.897079,102.173,294.3,NA,103
2963,53904,"1",2010,4,19,44.897079,123.15,294.3,NA,109
2964,53975,"1",2010,4,29,44.897079,184.701,297.6,NA,119
2965,54089,"1",2010,4,19,44.897079,123.15,294.3,NA,109
2966,54101,"1",2010,5,4,44.897079,210.789,321.7,NA,124
2969,55132,"1",2011,4,12,57.929074,173.014,530.000000000001,100,102
2970,55369,"1",2011,4,10,57.929074,159.074,530.000000000001,75.5,100
2972,55805,"1",2010,4,26,44.897079,157.861,296.6,NA,116
2973,55847,"1",2010,4,15,44.897079,108.192,294.3,NA,105
2974,55865,"1",2010,4,11,44.897079,97.453,294.3,NA,101
2975,55918,"1",2010,4,15,44.897079,108.192,294.3,NA,105
2981,56118,"1",2011,3,31,57.929074,86.194,523.500000000001,NA,91
2983,56754,"1",2010,4,23,44.897079,139.011,294.4,NA,113
2988,57070,"1",2011,4,2,57.929074,99.514,528.800000000001,NA,92
2988,57061,"1",2010,4,22,44.897079,135.631,294.4,NA,112
2990,57205,"1",2011,4,3,57.929074,108.384,528.800000000001,NA,93
2991,57232,"1",2013,4,29,62.3908210000001,113.9,898.600000000001,NA,119
2991,57221,"1",2011,4,4,57.929074,113.214,528.800000000001,NA,94
2992,57248,"1",2011,3,29,57.929074,81.534,521.600000000001,NA,89
2993,57414,"1",2010,4,19,44.897079,123.15,294.3,160,109
2994,57498,"1",2010,4,19,44.897079,123.15,294.3,NA,109
2996,57945,"1",2010,4,23,44.897079,139.011,294.4,NA,113
2997,57978,"1",2010,4,17,44.897079,113.594,294.3,NA,107
2998,57995,"1",2010,4,23,44.897079,139.011,294.4,NA,113
3000,58029,"1",2010,4,19,44.897079,123.15,294.3,NA,109
3001,58046,"1",2010,4,13,44.897079,102.173,294.3,NA,103
3005,58107,"1",2010,4,25,44.897079,151.551,294.4,NA,115
3006,58121,"1",2010,4,19,44.897079,123.15,294.3,NA,109
3007,58134,"1",2010,4,19,44.897079,123.15,294.3,NA,109
3008,58158,"1",2010,4,13,44.897079,102.173,294.3,NA,103
3009,58178,"1",2010,4,26,44.897079,157.861,296.6,NA,116
3010,58202,"1",2010,4,13,44.897079,102.173,294.3,NA,103
3011,58232,"1",2010,4,27,44.897079,163.931,297.6,NA,117
3012,58248,"1",2010,4,23,44.897079,139.011,294.4,NA,113
3013,58359,"1",2010,4,26,44.897079,157.861,296.6,NA,116
3015,58656,"1",2010,4,26,44.897079,157.861,296.6,NA,116
3016,58667,"1",2011,4,8,57.929074,142.074,530.000000000001,88.5,98
3018,59137,"1",2011,4,10,57.929074,159.074,530.000000000001,NA,100
3021,59296,"1",2010,4,13,44.897079,102.173,294.3,NA,103
3022,59311,"1",2010,4,17,44.897079,113.594,294.3,NA,107
3023,59328,"1",2010,4,13,44.897079,102.173,294.3,NA,103
3031,59547,"1",2010,4,19,44.897079,123.15,294.3,NA,109
3032,59561,"1",2010,4,27,44.897079,163.931,297.6,NA,117
3034,59650,"1",2010,4,15,44.897079,108.192,294.3,NA,105
3036,59726,"1",2010,4,14,44.897079,106.443,294.3,NA,104
3038,59797,"1",2010,4,11,44.897079,97.453,294.3,NA,101
3040,59867,"1",2010,4,27,44.897079,163.931,297.6,NA,117
3043,60406,"1",2011,4,10,57.929074,159.074,530.000000000001,NA,100
3046,60559,"1",2013,4,29,62.3908210000001,113.9,898.600000000001,NA,119
3047,60860,"1",2010,4,13,44.897079,102.173,294.3,NA,103
3048,60938,"1",2010,4,19,44.897079,123.15,294.3,NA,109
3049,60957,"1",2010,4,11,44.897079,97.453,294.3,82,101
3050,61086,"1",2010,4,19,44.897079,123.15,294.3,NA,109
3051,61105,"1",2010,4,15,44.897079,108.192,294.3,NA,105
3052,61192,"1",2010,4,15,44.897079,108.192,294.3,NA,105
3053,61227,"1",2010,4,15,44.897079,108.192,294.3,NA,105
3055,61263,"1",2010,4,18,44.897079,116.5,294.3,NA,108
3056,61486,"1",2010,4,19,44.897079,123.15,294.3,NA,109
3056,61476,"1",2013,4,24,62.3908210000001,88.389,892.100000000001,NA,114
3063,61885,"1",2013,4,27,62.3908210000001,109.81,896.800000000001,NA,117
3065,61921,"1",2011,4,8,57.929074,142.074,530.000000000001,NA,98
3066,61946,"1",2011,4,8,57.929074,142.074,530.000000000001,NA,98
3067,61979,"1",2013,4,23,62.3908210000001,80.609,892.100000000001,NA,113
3069,62295,"1",2010,4,13,44.897079,102.173,294.3,NA,103
3070,62313,"1",2013,5,3,62.3908210000001,131.09,898.700000000001,NA,123
3070,62320,"1",2010,4,25,44.897079,151.551,294.4,NA,115
3075,64243,"1",2011,4,14,57.929074,179.209,530.000000000001,NA,104
3076,64266,"1",2011,4,6,57.929074,121.584,530.000000000001,NA,96
3077,64549,"1",2011,4,10,57.929074,159.074,530.000000000001,NA,100
3078,64643,"1",2011,4,10,57.929074,159.074,530.000000000001,NA,100
3084,66249,"1",2011,4,6,57.929074,121.584,530.000000000001,NA,96
3085,66450,"1",2011,4,16,57.929074,188.589,530.100000000001,NA,106
3087,67006,"1",2010,4,13,44.897079,102.173,294.3,NA,103
3098,67230,"1",2010,4,14,44.897079,106.443,294.3,NA,104
3100,67438,"1",2010,4,9,44.897079,82.653,294.3,NA,99
3101,67457,"1",2010,4,20,44.897079,128.91,294.3,NA,110
3104,67509,"1",2010,4,10,44.897079,90.053,294.3,NA,100
3108,67632,"1",2011,4,8,57.929074,142.074,530.000000000001,NA,98
3117,67790,"1",2010,4,28,44.897079,174.111,297.6,NA,118
3120,68341,"1",2011,4,7,57.929074,133.104,530.000000000001,NA,97
3123,68416,"1",2010,4,10,44.897079,90.053,294.3,170,100
3131,70090,"1",2010,5,2,44.897079,206.071,305.9,NA,122
3134,70251,"1",2011,4,9,57.929074,149.924,530.000000000001,NA,99
3136,70344,"1",2011,3,31,57.929074,86.194,523.500000000001,NA,91
3137,70372,"1",2011,4,9,57.929074,149.924,530.000000000001,NA,99
3150,71834,"1",2010,4,17,44.897079,113.594,294.3,258,107
3151,71860,"1",2011,4,2,57.929074,99.514,528.800000000001,NA,92
3152,71886,"1",2011,4,9,57.929074,149.924,530.000000000001,110,99
3153,71903,"1",2011,4,9,57.929074,149.924,530.000000000001,NA,99
3155,72406,"1",2011,4,7,57.929074,133.104,530.000000000001,NA,97
3157,72464,"1",2011,4,7,57.929074,133.104,530.000000000001,NA,97
3159,72493,"1",2011,4,7,57.929074,133.104,530.000000000001,NA,97
3160,72518,"1",2011,4,7,57.929074,133.104,530.000000000001,NA,97
3166,73931,"1",2010,4,18,44.897079,116.5,294.3,NA,108
3167,74005,"1",2010,4,23,44.897079,139.011,294.4,84.5,113
3169,74572,"1",2010,4,27,44.897079,163.931,297.6,NA,117
3190,75579,"1",2011,4,9,57.929074,149.924,530.000000000001,NA,99
3193,75678,"1",2010,4,15,44.897079,108.192,294.3,NA,105
3198,76182,"1",2011,4,12,57.929074,173.014,530.000000000001,NA,102
3201,76365,"1",2011,4,4,57.929074,113.214,528.800000000001,NA,94
3202,76389,"1",2011,4,6,57.929074,121.584,530.000000000001,NA,96
3203,76436,"1",2011,4,10,57.929074,159.074,530.000000000001,NA,100
3209,77510,"1",2010,4,14,44.897079,106.443,294.3,NA,104
3213,77940,"1",2011,4,3,57.929074,108.384,528.800000000001,NA,93
3217,78963,"1",2010,4,24,44.897079,144.361,294.4,NA,114
3218,78988,"1",2010,4,22,44.897079,135.631,294.4,NA,112
3218,78980,"1",2013,4,28,62.3908210000001,110.61,896.900000000001,NA,118
3219,79004,"1",2010,4,18,44.897079,116.5,294.3,NA,108
3220,79160,"1",2010,5,3,44.897079,208.494,317.2,NA,123
3221,79300,"1",2010,4,27,44.897079,163.931,297.6,NA,117
3224,79772,"1",2010,4,19,44.897079,123.15,294.3,NA,109
3228,80721,"1",2010,4,23,44.897079,139.011,294.4,NA,113
3229,80736,"1",2010,4,23,44.897079,139.011,294.4,64.5,113
3230,80972,"1",2010,4,26,44.897079,157.861,296.6,NA,116
3231,81161,"1",2010,4,26,44.897079,157.861,296.6,NA,116
3233,81233,"1",2010,4,25,44.897079,151.551,294.4,NA,115
3236,81660,"1",2010,4,11,44.897079,97.453,294.3,NA,101
3237,81672,"1",2010,4,14,44.897079,106.443,294.3,NA,104
3238,81754,"1",2010,4,11,44.897079,97.453,294.3,NA,101
3239,81765,"1",2010,4,26,44.897079,157.861,296.6,NA,116
3242,81800,"1",2010,4,19,44.897079,123.15,294.3,NA,109
3243,81819,"1",2010,4,29,44.897079,184.701,297.6,NA,119
3244,81836,"1",2010,4,11,44.897079,97.453,294.3,NA,101
3245,81873,"1",2010,4,23,44.897079,139.011,294.4,NA,113
3246,81916,"1",2010,4,25,44.897079,151.551,294.4,NA,115
3246,81910,"1",2013,5,5,62.3908210000001,146.45,899.000000000001,NA,125
3247,81960,"1",2010,4,18,44.897079,116.5,294.3,101,108
3248,81976,"1",2010,4,18,44.897079,116.5,294.3,NA,108
3250,81990,"1",2010,4,9,44.897079,82.653,294.3,NA,99
3251,82001,"1",2010,5,12,44.897079,236.551,323,NA,132
3252,82003,"1",2010,4,18,44.897079,116.5,294.3,NA,108
3253,82009,"1",2010,4,16,44.897079,110.692,294.3,NA,106
3254,82067,"1",2010,4,14,44.897079,106.443,294.3,NA,104
3255,82084,"1",2010,4,24,44.897079,144.361,294.4,NA,114
3257,82157,"1",2010,4,18,44.897079,116.5,294.3,NA,108
3258,82196,"1",2010,4,16,44.897079,110.692,294.3,NA,106
3259,82238,"1",2010,4,26,44.897079,157.861,296.6,NA,116
3260,82257,"1",2010,4,14,44.897079,106.443,294.3,NA,104
3261,82275,"1",2010,4,14,44.897079,106.443,294.3,NA,104
3262,82294,"1",2010,4,14,44.897079,106.443,294.3,NA,104
3263,82309,"1",2010,4,18,44.897079,116.5,294.3,NA,108
3264,82327,"1",2010,4,22,44.897079,135.631,294.4,NA,112
3265,82363,"1",2010,4,13,44.897079,102.173,294.3,NA,103
3266,82379,"1",2010,4,26,44.897079,157.861,296.6,NA,116
3267,82393,"1",2010,4,18,44.897079,116.5,294.3,NA,108
3268,82407,"1",2010,4,16,44.897079,110.692,294.3,NA,106
3269,82424,"1",2010,4,24,44.897079,144.361,294.4,NA,114
3270,82443,"1",2010,4,10,44.897079,90.053,294.3,NA,100
3271,82461,"1",2010,4,18,44.897079,116.5,294.3,NA,108
3272,82477,"1",2010,4,11,44.897079,97.453,294.3,NA,101
3273,82487,"1",2010,4,11,44.897079,97.453,294.3,342,101
3274,82529,"1",2010,4,9,44.897079,82.653,294.3,NA,99
3275,82591,"1",2010,4,26,44.897079,157.861,296.6,NA,116
3276,82646,"1",2010,4,25,44.897079,151.551,294.4,NA,115
3279,82935,"1",2010,4,27,44.897079,163.931,297.6,NA,117
3281,82946,"1",2010,4,13,44.897079,102.173,294.3,NA,103
3283,82976,"1",2010,4,27,44.897079,163.931,297.6,NA,117
3284,82990,"1",2010,4,23,44.897079,139.011,294.4,NA,113
3286,83005,"1",2010,4,15,44.897079,108.192,294.3,NA,105
3290,83074,"1",2010,4,26,44.897079,157.861,296.6,NA,116
3291,83087,"1",2010,4,17,44.897079,113.594,294.3,NA,107
3293,83140,"1",2010,4,25,44.897079,151.551,294.4,NA,115
3297,83201,"1",2010,4,15,44.897079,108.192,294.3,NA,105
3299,83213,"1",2010,4,17,44.897079,113.594,294.3,NA,107
3301,83251,"1",2010,4,25,44.897079,151.551,294.4,NA,115
3302,83269,"1",2010,4,17,44.897079,113.594,294.3,NA,107
3303,83287,"1",2010,4,19,44.897079,123.15,294.3,NA,109
3304,83301,"1",2010,4,17,44.897079,113.594,294.3,NA,107
3305,83321,"1",2010,4,11,44.897079,97.453,294.3,NA,101
3306,83433,"1",2010,4,17,44.897079,113.594,294.3,NA,107
3307,83471,"1",2010,4,27,44.897079,163.931,297.6,NA,117
3309,83642,"1",2010,4,11,44.897079,97.453,294.3,NA,101
3310,83651,"1",2010,4,13,44.897079,102.173,294.3,NA,103
3311,83681,"1",2010,4,17,44.897079,113.594,294.3,NA,107
3312,83740,"1",2010,4,19,44.897079,123.15,294.3,NA,109
3313,83747,"1",2010,4,11,44.897079,97.453,294.3,NA,101
3314,83813,"1",2010,4,11,44.897079,97.453,294.3,NA,101
3315,83867,"1",2010,4,23,44.897079,139.011,294.4,NA,113
3316,83884,"1",2010,4,26,44.897079,157.861,296.6,NA,116
3317,83890,"1",2010,4,14,44.897079,106.443,294.3,NA,104
3318,83918,"1",2010,4,15,44.897079,108.192,294.3,NA,105
3319,83979,"1",2010,4,12,44.897079,99.952,294.3,NA,102
3320,83996,"1",2010,4,25,44.897079,151.551,294.4,NA,115
3321,84226,"1",2010,4,11,44.897079,97.453,294.3,NA,101
3322,84296,"1",2010,4,19,44.897079,123.15,294.3,NA,109
3323,84304,"1",2010,4,10,44.897079,90.053,294.3,NA,100
3324,84312,"1",2010,4,9,44.897079,82.653,294.3,NA,99
3328,84386,"1",2010,4,12,44.897079,99.952,294.3,NA,102
3329,84410,"1",2010,4,12,44.897079,99.952,294.3,NA,102
3330,84425,"1",2010,4,11,44.897079,97.453,294.3,NA,101
3331,84441,"1",2010,4,13,44.897079,102.173,294.3,NA,103
3333,84461,"1",2010,4,15,44.897079,108.192,294.3,NA,105
3334,84476,"1",2010,4,19,44.897079,123.15,294.3,NA,109
3339,84934,"1",2010,4,24,44.897079,144.361,294.4,NA,114
3341,85004,"1",2010,4,23,44.897079,139.011,294.4,NA,113
3342,85020,"1",2010,4,23,44.897079,139.011,294.4,NA,113
3343,85033,"1",2010,4,24,44.897079,144.361,294.4,NA,114
3345,85055,"1",2010,4,24,44.897079,144.361,294.4,NA,114
3346,85081,"1",2010,4,13,44.897079,102.173,294.3,NA,103
3347,85092,"1",2010,4,13,44.897079,102.173,294.3,NA,103
3348,85108,"1",2010,4,17,44.897079,113.594,294.3,NA,107
3350,85136,"1",2010,4,19,44.897079,123.15,294.3,NA,109
3351,85151,"1",2010,4,26,44.897079,157.861,296.6,NA,116
3352,85166,"1",2010,4,13,44.897079,102.173,294.3,NA,103
3353,85184,"1",2010,4,26,44.897079,157.861,296.6,NA,116
3354,85189,"1",2010,4,11,44.897079,97.453,294.3,NA,101
3355,85206,"1",2010,4,13,44.897079,102.173,294.3,NA,103
3356,85222,"1",2010,4,13,44.897079,102.173,294.3,NA,103
3357,85237,"1",2010,4,19,44.897079,123.15,294.3,NA,109
3358,85254,"1",2010,4,19,44.897079,123.15,294.3,NA,109
3359,85268,"1",2010,4,15,44.897079,108.192,294.3,NA,105
3360,85283,"1",2010,4,13,44.897079,102.173,294.3,NA,103
3361,85300,"1",2010,4,19,44.897079,123.15,294.3,NA,109
3362,85315,"1",2010,4,11,44.897079,97.453,294.3,105,101
3363,85424,"1",2010,4,16,44.897079,110.692,294.3,NA,106
3364,85792,"1",2010,4,13,44.897079,102.173,294.3,NA,103
3365,85808,"1",2010,4,19,44.897079,123.15,294.3,NA,109
3367,85840,"1",2010,4,23,44.897079,139.011,294.4,NA,113
3368,85853,"1",2010,4,17,44.897079,113.594,294.3,NA,107
3369,85871,"1",2010,4,15,44.897079,108.192,294.3,85,105
3370,85886,"1",2010,4,11,44.897079,97.453,294.3,NA,101
3371,85903,"1",2010,4,15,44.897079,108.192,294.3,NA,105
3373,85935,"1",2010,4,15,44.897079,108.192,294.3,NA,105
3374,85951,"1",2010,4,11,44.897079,97.453,294.3,NA,101
3375,85968,"1",2010,4,15,44.897079,108.192,294.3,NA,105
3376,85988,"1",2010,4,15,44.897079,108.192,294.3,NA,105
3377,86007,"1",2010,4,17,44.897079,113.594,294.3,NA,107
3379,86043,"1",2010,4,11,44.897079,97.453,294.3,NA,101
3380,86061,"1",2010,4,17,44.897079,113.594,294.3,NA,107
3381,86075,"1",2010,4,17,44.897079,113.594,294.3,NA,107
3382,86090,"1",2010,4,13,44.897079,102.173,294.3,NA,103
3383,86106,"1",2010,4,13,44.897079,102.173,294.3,NA,103
3384,86119,"1",2010,4,26,44.897079,157.861,296.6,NA,116
3385,86132,"1",2010,4,17,44.897079,113.594,294.3,NA,107
3386,86151,"1",2010,4,30,44.897079,193.441,297.6,NA,120
3388,86173,"1",2010,4,19,44.897079,123.15,294.3,NA,109
3389,86188,"1",2010,4,14,44.897079,106.443,294.3,NA,104
3390,86199,"1",2010,4,16,44.897079,110.692,294.3,NA,106
3391,86213,"1",2010,4,15,44.897079,108.192,294.3,NA,105
3392,86288,"1",2010,4,14,44.897079,106.443,294.3,NA,104
3393,86297,"1",2010,4,24,44.897079,144.361,294.4,NA,114
3395,86325,"1",2010,4,17,44.897079,113.594,294.3,NA,107
3396,86448,"1",2010,4,19,44.897079,123.15,294.3,NA,109
3397,86563,"1",2010,4,15,44.897079,108.192,294.3,NA,105
3398,86607,"1",2010,4,13,44.897079,102.173,294.3,NA,103
3400,86646,"1",2010,4,19,44.897079,123.15,294.3,NA,109
3403,86883,"1",2010,4,18,44.897079,116.5,294.3,NA,108
3404,86898,"1",2010,4,24,44.897079,144.361,294.4,NA,114
3406,87047,"1",2010,4,16,44.897079,110.692,294.3,NA,106
3408,87068,"1",2010,4,24,44.897079,144.361,294.4,NA,114
3410,87248,"1",2010,4,29,44.897079,184.701,297.6,NA,119
3411,87263,"1",2010,4,26,44.897079,157.861,296.6,NA,116
3413,87600,"1",2010,4,22,44.897079,135.631,294.4,NA,112
3415,87814,"1",2010,4,22,44.897079,135.631,294.4,NA,112
3416,87834,"1",2010,4,23,44.897079,139.011,294.4,NA,113
3417,87955,"1",2010,4,13,44.897079,102.173,294.3,NA,103
3419,87993,"1",2010,4,29,44.897079,184.701,297.6,NA,119
3420,88008,"1",2010,4,19,44.897079,123.15,294.3,NA,109
3422,88031,"1",2010,4,9,44.897079,82.653,294.3,NA,99
3424,88068,"1",2010,4,22,44.897079,135.631,294.4,NA,112
3425,88086,"1",2010,4,22,44.897079,135.631,294.4,NA,112
3426,88104,"1",2010,4,14,44.897079,106.443,294.3,NA,104
3427,88117,"1",2010,4,19,44.897079,123.15,294.3,NA,109
3428,88142,"1",2010,4,18,44.897079,116.5,294.3,NA,108
3429,88181,"1",2010,4,12,44.897079,99.952,294.3,NA,102
3431,88751,"1",2010,4,19,44.897079,123.15,294.3,NA,109
3432,88770,"1",2010,4,19,44.897079,123.15,294.3,NA,109
3432,88764,"1",2013,4,25,62.3908210000001,97.719,892.100000000001,NA,115
3433,88788,"1",2010,4,17,44.897079,113.594,294.3,NA,107
3433,88782,"1",2013,4,25,62.3908210000001,97.719,892.100000000001,NA,115
3435,88807,"1",2010,4,19,44.897079,123.15,294.3,NA,109
3437,89391,"1",2010,4,17,44.897079,113.594,294.3,NA,107
3438,89417,"1",2010,4,13,44.897079,102.173,294.3,NA,103
3439,89435,"1",2010,4,16,44.897079,110.692,294.3,NA,106
3440,89455,"1",2010,4,16,44.897079,110.692,294.3,NA,106
3441,89481,"1",2010,4,9,44.897079,82.653,294.3,NA,99
3442,89500,"1",2010,4,18,44.897079,116.5,294.3,NA,108
3444,89521,"1",2010,4,15,44.897079,108.192,294.3,NA,105
3445,89539,"1",2010,4,15,44.897079,108.192,294.3,NA,105
3446,89555,"1",2010,4,15,44.897079,108.192,294.3,NA,105
3449,89608,"1",2013,4,25,62.3908210000001,97.719,892.100000000001,NA,115
3449,89617,"1",2010,4,26,44.897079,157.861,296.6,NA,116
3450,89632,"1",2010,4,14,44.897079,106.443,294.3,NA,104
3454,89684,"1",2010,4,16,44.897079,110.692,294.3,NA,106
3456,89733,"1",2010,4,18,44.897079,116.5,294.3,NA,108
3457,89749,"1",2010,4,18,44.897079,116.5,294.3,NA,108
3458,89764,"1",2010,4,18,44.897079,116.5,294.3,NA,108
3459,89781,"1",2010,4,19,44.897079,123.15,294.3,NA,109
3460,89793,"1",2010,4,15,44.897079,108.192,294.3,NA,105
3462,89818,"1",2010,4,18,44.897079,116.5,294.3,NA,108
3463,89916,"1",2010,4,13,44.897079,102.173,294.3,NA,103
3464,90148,"1",2010,4,15,44.897079,108.192,294.3,NA,105
3466,90227,"1",2010,4,15,44.897079,108.192,294.3,NA,105
3467,90400,"1",2010,4,13,44.897079,102.173,294.3,NA,103
3468,90567,"1",2010,4,19,44.897079,123.15,294.3,NA,109
3469,90671,"1",2010,4,17,44.897079,113.594,294.3,66,107
3470,90702,"1",2010,4,15,44.897079,108.192,294.3,NA,105
3473,90748,"1",2010,5,3,44.897079,208.494,317.2,45,123
3474,90762,"1",2010,4,17,44.897079,113.594,294.3,70,107
3475,90776,"1",2010,4,15,44.897079,108.192,294.3,NA,105
3476,90794,"1",2010,4,22,44.897079,135.631,294.4,NA,112
3478,90821,"1",2010,4,13,44.897079,102.173,294.3,NA,103
3479,90837,"1",2010,4,29,44.897079,184.701,297.6,NA,119
3480,90852,"1",2010,4,15,44.897079,108.192,294.3,NA,105
3483,90891,"1",2010,4,23,44.897079,139.011,294.4,NA,113
3486,90933,"1",2010,4,25,44.897079,151.551,294.4,NA,115
3488,90971,"1",2010,4,16,44.897079,110.692,294.3,NA,106
3489,90987,"1",2010,4,25,44.897079,151.551,294.4,NA,115
3491,91024,"1",2010,4,25,44.897079,151.551,294.4,NA,115
3491,91015,"1",2013,4,25,62.3908210000001,97.719,892.100000000001,NA,115
3492,91038,"1",2010,4,17,44.897079,113.594,294.3,NA,107
3493,91053,"1",2010,4,21,44.897079,133.58,294.4,NA,111
3494,91070,"1",2010,4,15,44.897079,108.192,294.3,NA,105
3498,91151,"1",2010,4,13,44.897079,102.173,294.3,NA,103
3499,91157,"1",2010,4,9,44.897079,82.653,294.3,NA,99
3501,91185,"1",2010,4,11,44.897079,97.453,294.3,NA,101
3503,91227,"1",2010,4,21,44.897079,133.58,294.4,NA,111
3504,91241,"1",2010,4,10,44.897079,90.053,294.3,NA,100
3505,91264,"1",2010,4,10,44.897079,90.053,294.3,NA,100
3506,91284,"1",2010,4,22,44.897079,135.631,294.4,NA,112
3507,91299,"1",2010,4,22,44.897079,135.631,294.4,NA,112
3508,91316,"1",2010,4,13,44.897079,102.173,294.3,NA,103
3510,91337,"1",2010,4,15,44.897079,108.192,294.3,NA,105
3511,91355,"1",2010,4,17,44.897079,113.594,294.3,NA,107
3514,91424,"1",2010,4,19,44.897079,123.15,294.3,120,109
3515,91439,"1",2010,4,13,44.897079,102.173,294.3,55,103
3516,91456,"1",2010,4,19,44.897079,123.15,294.3,48,109
3517,91470,"1",2010,4,10,44.897079,90.053,294.3,NA,100
3521,91652,"1",2010,4,19,44.897079,123.15,294.3,NA,109
3522,91664,"1",2010,4,17,44.897079,113.594,294.3,NA,107
3523,91678,"1",2010,4,27,44.897079,163.931,297.6,NA,117
3524,91697,"1",2010,4,22,44.897079,135.631,294.4,NA,112
3525,91739,"1",2010,4,22,44.897079,135.631,294.4,NA,112
3525,91728,"1",2013,4,25,62.3908210000001,97.719,892.100000000001,NA,115
3526,91755,"1",2010,4,27,44.897079,163.931,297.6,NA,117
3527,91769,"1",2010,4,15,44.897079,108.192,294.3,NA,105
3528,91784,"1",2010,4,19,44.897079,123.15,294.3,NA,109
3529,91809,"1",2010,4,10,44.897079,90.053,294.3,NA,100
3530,91828,"1",2010,4,23,44.897079,139.011,294.4,NA,113
3532,91863,"1",2010,4,13,44.897079,102.173,294.3,NA,103
3536,92471,"1",2010,4,17,44.897079,113.594,294.3,NA,107
3539,92529,"1",2010,4,16,44.897079,110.692,294.3,NA,106
3540,92546,"1",2010,4,23,44.897079,139.011,294.4,NA,113
3541,92558,"1",2010,4,29,44.897079,184.701,297.6,NA,119
3545,92620,"1",2010,4,19,44.897079,123.15,294.3,NA,109
3548,92772,"1",2010,4,13,44.897079,102.173,294.3,NA,103
3550,92798,"1",2010,4,30,44.897079,193.441,297.6,NA,120
3551,92813,"1",2010,4,13,44.897079,102.173,294.3,NA,103
3552,92830,"1",2010,4,11,44.897079,97.453,294.3,NA,101
3556,92865,"1",2010,4,24,44.897079,144.361,294.4,NA,114
3557,92882,"1",2010,4,22,44.897079,135.631,294.4,NA,112
3558,92888,"1",2010,4,17,44.897079,113.594,294.3,NA,107
3560,92921,"1",2010,4,17,44.897079,113.594,294.3,NA,107
3561,92967,"1",2010,4,27,44.897079,163.931,297.6,NA,117
3562,92972,"1",2010,4,22,44.897079,135.631,294.4,NA,112
3563,92990,"1",2010,4,10,44.897079,90.053,294.3,NA,100
3564,93009,"1",2010,4,22,44.897079,135.631,294.4,NA,112
3567,93192,"1",2010,4,13,44.897079,102.173,294.3,NA,103
3569,93336,"1",2010,4,13,44.897079,102.173,294.3,NA,103
3571,93428,"1",2010,4,10,44.897079,90.053,294.3,NA,100
3573,93515,"1",2010,4,29,44.897079,184.701,297.6,NA,119
3575,93524,"1",2010,4,13,44.897079,102.173,294.3,NA,103
3578,93565,"1",2010,4,13,44.897079,102.173,294.3,NA,103
3579,93582,"1",2010,4,16,44.897079,110.692,294.3,NA,106
3581,93608,"1",2010,4,22,44.897079,135.631,294.4,NA,112
3582,93623,"1",2010,4,15,44.897079,108.192,294.3,NA,105
3583,93630,"1",2010,4,13,44.897079,102.173,294.3,NA,103
3584,93644,"1",2010,4,10,44.897079,90.053,294.3,NA,100
3585,93715,"1",2011,4,6,57.929074,121.584,530.000000000001,NA,96
3586,93725,"1",2013,4,14,62.3908210000001,26.169,883.500000000001,NA,104
3590,93786,"1",2013,4,22,62.3908210000001,75.439,892.100000000001,NA,112
3590,93793,"1",2011,4,5,57.929074,117.124,528.800000000001,NA,95
3593,93880,"1",2011,4,7,57.929074,133.104,530.000000000001,NA,97
3596,93916,"1",2011,4,9,57.929074,149.924,530.000000000001,NA,99
3597,93923,"1",2011,4,9,57.929074,149.924,530.000000000001,NA,99
3598,93941,"1",2011,4,10,57.929074,159.074,530.000000000001,NA,100
3599,93948,"1",2011,4,7,57.929074,133.104,530.000000000001,NA,97
3600,93956,"1",2011,4,8,57.929074,142.074,530.000000000001,NA,98
3601,93963,"1",2011,4,5,57.929074,117.124,528.800000000001,NA,95
3603,94006,"1",2011,4,7,57.929074,133.104,530.000000000001,NA,97
3605,94020,"1",2011,4,19,57.929074,210.689,530.100000000001,NA,109
3606,94078,"1",2011,4,5,57.929074,117.124,528.800000000001,NA,95
3608,94105,"1",2011,4,13,57.929074,176.584,530.000000000001,NA,103
3609,94112,"1",2013,5,0,62.3908210000001,0,0,NA,120
3610,94126,"1",2013,5,0,62.3908210000001,0,0,NA,120
3610,94129,"1",2011,4,15,57.929074,183.019,530.100000000001,NA,105
3611,94142,"1",2011,4,15,57.929074,183.019,530.100000000001,NA,105
3611,94136,"1",2013,5,2,62.3908210000001,124.37,898.700000000001,NA,122
3612,94150,"1",2013,5,8,62.3908210000001,178.41,899.400000000001,NA,128
3612,94155,"1",2011,4,15,57.929074,183.019,530.100000000001,NA,105
3613,94182,"1",2011,4,11,57.929074,164.554,530.000000000001,NA,101
3614,94260,"1",2011,4,5,57.929074,117.124,528.800000000001,NA,95
3615,94569,"1",2011,4,7,57.929074,133.104,530.000000000001,NA,97
3616,94577,"1",2011,4,5,57.929074,117.124,528.800000000001,NA,95
3617,94591,"1",2011,4,5,57.929074,117.124,528.800000000001,NA,95
3618,94610,"1",2011,4,9,57.929074,149.924,530.000000000001,NA,99
3619,94625,"1",2011,4,7,57.929074,133.104,530.000000000001,NA,97
3620,94641,"1",2011,4,5,57.929074,117.124,528.800000000001,NA,95
3621,94795,"1",2011,4,3,57.929074,108.384,528.800000000001,NA,93
3623,95033,"1",2011,4,8,57.929074,142.074,530.000000000001,NA,98
3624,95044,"1",2013,4,27,62.3908210000001,109.81,896.800000000001,NA,117
3625,95104,"1",2011,4,5,57.929074,117.124,528.800000000001,NA,95
3627,95120,"1",2013,4,22,62.3908210000001,75.439,892.100000000001,NA,112
3628,95149,"1",2011,4,7,57.929074,133.104,530.000000000001,NA,97
3628,95140,"1",2013,4,22,62.3908210000001,75.439,892.100000000001,NA,112
3630,95184,"1",2011,4,7,57.929074,133.104,530.000000000001,NA,97
3631,95204,"1",2011,4,5,57.929074,117.124,528.800000000001,NA,95
3631,95194,"1",2013,5,0,62.3908210000001,0,0,NA,120
3632,95213,"1",2013,5,0,62.3908210000001,0,0,NA,120
3633,95260,"1",2011,4,7,57.929074,133.104,530.000000000001,NA,97
3633,95255,"1",2013,5,0,62.3908210000001,0,0,NA,120
3634,95372,"1",2011,4,7,57.929074,133.104,530.000000000001,NA,97
3635,95389,"1",2011,4,7,57.929074,133.104,530.000000000001,NA,97
3636,95408,"1",2011,4,19,57.929074,210.689,530.100000000001,NA,109
3637,95422,"1",2011,4,10,57.929074,159.074,530.000000000001,NA,100
3638,95431,"1",2011,4,10,57.929074,159.074,530.000000000001,NA,100
3639,95490,"1",2011,4,11,57.929074,164.554,530.000000000001,75,101
3639,95484,"1",2013,4,28,62.3908210000001,110.61,896.900000000001,75,118
3640,95515,"1",2013,5,0,62.3908210000001,0,0,NA,120
3640,95524,"1",2011,4,10,57.929074,159.074,530.000000000001,NA,100
3642,95579,"1",2011,4,9,57.929074,149.924,530.000000000001,NA,99
3644,95590,"1",2011,4,8,57.929074,142.074,530.000000000001,NA,98
3648,95757,"1",2013,5,10,62.3908210000001,194,900.500000000001,NA,130
3648,95764,"1",2011,4,11,57.929074,164.554,530.000000000001,NA,101
3649,95778,"1",2011,4,9,57.929074,149.924,530.000000000001,NA,99
3650,95790,"1",2011,4,11,57.929074,164.554,530.000000000001,NA,101
3651,95803,"1",2011,4,17,57.929074,195.419,530.100000000001,NA,107
3651,95799,"1",2013,5,0,62.3908210000001,0,0,NA,120
3655,95837,"1",2011,4,3,57.929074,108.384,528.800000000001,NA,93
3657,95866,"1",2011,4,5,57.929074,117.124,528.800000000001,NA,95
3658,95881,"1",2011,4,3,57.929074,108.384,528.800000000001,NA,93
3658,95872,"1",2013,4,28,62.3908210000001,110.61,896.900000000001,NA,118
3659,95896,"1",2011,4,3,57.929074,108.384,528.800000000001,NA,93
3660,95906,"1",2013,4,28,62.3908210000001,110.61,896.900000000001,NA,118
3660,95916,"1",2011,4,7,57.929074,133.104,530.000000000001,NA,97
3661,95957,"1",2011,4,11,57.929074,164.554,530.000000000001,NA,101
3662,95969,"1",2011,4,9,57.929074,149.924,530.000000000001,NA,99
3665,96001,"1",2011,4,9,57.929074,149.924,530.000000000001,NA,99
3668,96115,"1",2011,4,6,57.929074,121.584,530.000000000001,NA,96
3668,96108,"1",2013,4,22,62.3908210000001,75.439,892.100000000001,NA,112
3670,96140,"1",2013,4,28,62.3908210000001,110.61,896.900000000001,139,118
3671,96157,"1",2013,5,0,62.3908210000001,0,0,NA,120
3672,96179,"1",2011,4,3,57.929074,108.384,528.800000000001,NA,93
3673,96210,"1",2011,4,7,57.929074,133.104,530.000000000001,NA,97
3674,96262,"1",2011,4,9,57.929074,149.924,530.000000000001,NA,99
3675,96445,"1",2013,4,23,62.3908210000001,80.609,892.100000000001,NA,113
3676,96577,"1",2011,4,11,57.929074,164.554,530.000000000001,NA,101
3678,96647,"1",2013,4,28,62.3908210000001,110.61,896.900000000001,NA,118
3681,97050,"1",2013,4,23,62.3908210000001,80.609,892.100000000001,NA,113
3682,97066,"1",2013,4,23,62.3908210000001,80.609,892.100000000001,NA,113
3685,97116,"1",2013,4,23,62.3908210000001,80.609,892.100000000001,NA,113
3686,97127,"1",2013,4,23,62.3908210000001,80.609,892.100000000001,NA,113
3687,97145,"1",2013,4,23,62.3908210000001,80.609,892.100000000001,NA,113
3687,97153,"1",2011,4,8,57.929074,142.074,530.000000000001,NA,98
3688,97168,"1",2011,4,8,57.929074,142.074,530.000000000001,NA,98
3689,97177,"1",2013,4,23,62.3908210000001,80.609,892.100000000001,NA,113
3690,97192,"1",2013,4,23,62.3908210000001,80.609,892.100000000001,NA,113
3691,97211,"1",2011,4,8,57.929074,142.074,530.000000000001,NA,98
3691,97204,"1",2013,4,23,62.3908210000001,80.609,892.100000000001,NA,113
3692,97218,"1",2013,4,23,62.3908210000001,80.609,892.100000000001,NA,113
3693,97233,"1",2013,4,27,62.3908210000001,109.81,896.800000000001,NA,117
3697,97312,"1",2011,4,8,57.929074,142.074,530.000000000001,NA,98
3809,99583,"1",2013,4,23,62.3908210000001,80.609,892.100000000001,NA,113
3810,99590,"1",2013,4,23,62.3908210000001,80.609,892.100000000001,NA,113
3812,99635,"1",2013,4,23,62.3908210000001,80.609,892.100000000001,NA,113
3819,99825,"1",2013,4,25,62.3908210000001,97.719,892.100000000001,NA,115
3820,99831,"1",2013,4,23,62.3908210000001,80.609,892.100000000001,NA,113
3821,99840,"1",2013,4,25,62.3908210000001,97.719,892.100000000001,NA,115
3822,99850,"1",2013,4,23,62.3908210000001,80.609,892.100000000001,NA,113
3826,99976,"1",2010,4,15,44.897079,108.192,294.3,NA,105
3827,99988,"1",2010,4,22,44.897079,135.631,294.4,NA,112
3828,100001,"1",2010,4,29,44.897079,184.701,297.6,NA,119
3830,100023,"1",2010,4,24,44.897079,144.361,294.4,NA,114
3832,100046,"1",2010,4,22,44.897079,135.631,294.4,NA,112
3997,106415,"1",2022,4,12,54.765427,136.31,748.1,NA,102
