"TreeID","species","northing","easting","latitude","longtitude","SPlocation","remarks"
1,"Quercus robur","168488","494341","51.4076","-0.645006","Rookery Slope","NA
"
2,"Quercus robur","168484","494342","51.4075","-0.644996","Rookery Slope","NA
"
3,"Quercus robur","168486","494340","51.4076","-0.645028","Rookery Slope","NA
"
4,"Quercus robur","168478","494337","51.4075","-0.645068","Rookery Slope","veteran
"
5,"Quercus robur","168490","494354","51.4076","-0.64483","Rookery Slope","veteran
"
6,"Quercus robur","168698","494228","51.4095","-0.646574","Elm Slope","veteran
"
7,"Quercus robur","168694","494225","51.4095","-0.646619","Elm Slope","veteran
"
8,"Quercus robur","169286","494167","51.4148","-0.647315","Farm Wood","NA
"
9,"Quercus robur","169290","494163","51.4148","-0.647357","Farm Wood","NA
"
10,"Quercus robur","169230","493937","51.4143","-0.650617","Farm Wood","Once this tree has two marks (#20 and 1959); so also was TreeID 3041 now removed
"
11,"Quercus robur","169228","493937","51.4143","-0.650627","Farm Wood","NA
"
12,"Quercus robur","169228","493935","51.4143","-0.650647","Farm Wood","NA
"
13,"Quercus robur","169225","493948","51.4143","-0.650461","Farm Wood","NA
"
14,"Quercus robur","169220","493954","51.4142","-0.650387","Farm Wood","NA
"
15,"Quercus robur","169239","493918","51.4144","-0.650892","Farm Wood","NA
"
16,"Quercus robur","169150","493719","51.4136","-0.653771",NA,"NA
"
17,"Quercus robur","169147","493720","51.4136","-0.653763",NA,"NA
"
18,"Quercus robur","169150","493714","51.4136","-0.653855",NA,"from pheonology data 2007-2013
"
19,"Quercus robur","169147","493716","51.4136","-0.653825",NA,"NA
"
20,"Quercus robur","169146","493713","51.4136","-0.653861",NA,"from phenology 2018
"
21,"Quercus robur","169145","493712","51.4136","-0.653872",NA,"Outside Silwood
"
22,"Quercus robur","169131","493711","51.4135","-0.653893",NA,"NA
"
23,"Quercus robur","169155","493718","51.4137","-0.653794",NA,"NA
"
24,"Quercus robur","169167","493722","51.4138","-0.653729",NA,"NA
"
25,"Quercus robur","169153","493713","51.4137","-0.653862",NA,"NA
"
26,"Quercus robur","168553","494427","51.4082","-0.643763","Drive Hill","sold land
"
27,"Quercus robur","168557","494409","51.4082","-0.64401",NA,"sold land
"
28,"Quercus robur","168640","494388","51.4089","-0.644298","Elm Slope","NA
"
29,"Quercus robur","168642","494378","51.409","-0.64444","Elm Slope","NA
"
30,"Quercus robur","168642","494376","51.409","-0.644467","Elm Slope","NA
"
31,"Quercus robur","168647","494373","51.409","-0.64451","Elm Slope","NA
"
32,"Quercus robur","168643","494372","51.409","-0.644526","Elm Slope","NA
"
33,"Quercus robur","168646","494376","51.409","-0.64446","Elm Slope","NA
"
34,"Quercus robur","168651","494377","51.409","-0.644451","Elm Slope","NA
"
35,"Quercus robur","168641","494383","51.4089","-0.644361","Elm Slope","NA
"
36,"Quercus robur","168660","494402","51.4091","-0.644083","Elm Slope","NA
"
37,"Quercus robur","168907","494306","51.4114","-0.645407","Gunnes's hill","NA
"
38,"Quercus robur","168903","494300","51.4113","-0.645497","Gunnes's hill","NA
"
39,"Quercus robur","168901","494297","51.4113","-0.645527","Gunnes's hill","NA
"
40,"Quercus robur","168894","494295","51.4112","-0.645563","Gunnes's hill","NA
"
41,"Quercus robur","168897","494298","51.4113","-0.645527","Gunnes's hill","NA
"
42,"Quercus robur","168896","494302","51.4113","-0.64546","Gunnes's hill","NA
"
43,"Quercus robur","168898","494301","51.4113","-0.645484","Gunnes's hill","NA
"
44,"Quercus robur","168893","494302","51.4112","-0.645468","Gunnes's hill","NA
"
45,"Quercus robur","168911","494294","51.4114","-0.645577","Gunnes's hill","NA
"
46,"Quercus robur","168911","494296","51.4114","-0.645546","Gunnes's hill","NA
"
47,"Quercus robur","168920","494291","51.4115","-0.645618","Gunnes's hill","NA
"
48,"Quercus robur","168915","494294","51.4114","-0.645576","Gunnes's hill","NA
"
49,"Quercus robur","168914","494289","51.4114","-0.645649","Gunnes's hill","NA
"
50,"Quercus robur","168931","494291","51.4116","-0.645618","Gunnes's hill","NA
"
51,"Quercus robur","168917","494297","51.4114","-0.645531","Gunnes's hill","NA
"
52,"Quercus robur","168924","494301","51.4115","-0.645464","Gunnes's hill","NA
"
53,"Quercus robur","168919","494308","51.4115","-0.645375","Gunnes's hill","NA
"
54,"Quercus robur","168919","494309","51.4115","-0.645359","Gunnes's hill","NA
"
55,"Quercus robur","168921","494311","51.4115","-0.645332","Gunnes's hill","NA
"
56,"Quercus robur","168916","494321","51.4114","-0.645183","Gunnes's hill","NA
"
57,"Quercus robur","168923","494320","51.4115","-0.645192","Gunnes's hill","NA
"
58,"Quercus robur","168916","494328","51.4114","-0.645092","Gunnes's hill","NA
"
59,"Quercus robur","168907","494324","51.4114","-0.645147","Gunnes's hill","NA
"
60,"Quercus robur","168901","494312","51.4113","-0.645316","Gunnes's hill","NA
"
61,"Quercus robur","168905","494318","51.4113","-0.645234","Gunnes's hill","NA
"
62,"Quercus robur","168909","494306","51.4114","-0.645408","Gunnes's hill","NA
"
63,"Quercus robur","168903","494301","51.4113","-0.645476","Gunnes's hill","NA
"
64,"Quercus robur","168899","494305","51.4113","-0.645419","Gunnes's hill","NA
"
65,"Quercus robur","169012","494653","51.4122","-0.640382","Merten's Acres","NA
"
66,"Quercus robur","169006","494668","51.4122","-0.640171","Merten's Acres","NA
"
67,"Quercus robur","168997","494666","51.4121","-0.640197","Merten's Acres","Tree core project
"
68,"Quercus robur","168990","494666","51.412","-0.640199","Merten's Acres","Tree core project
"
69,"Quercus robur","168967","494685","51.4118","-0.639941","Merten's Acres","veteran
"
70,"Quercus robur","168991","494649","51.4121","-0.640451","Merten's Acres","veteran
"
71,"Quercus robur","169004","494649","51.4122","-0.640454","Merten's Acres","NA
"
72,"Quercus robur","169004","494649","51.4122","-0.640453","Merten's Acres","NA
"
73,"Quercus robur","168997","494650","51.4121","-0.640428","Merten's Acres","NA
"
74,"Quercus robur","168995","494648","51.4121","-0.640457","Merten's Acres","NA
"
75,"Quercus robur","169003","494650","51.4122","-0.640434","Merten's Acres","NA
"
76,"Quercus robur","169008","494647","51.4122","-0.640471","Merten's Acres","NA
"
77,"Quercus robur","169006","494644","51.4122","-0.640511","Merten's Acres","NA
"
78,"Quercus robur","168998","494642","51.4121","-0.640553","Merten's Acres","NA
"
79,"Quercus robur","169011","494652","51.4122","-0.640397","Merten's Acres","NA
"
80,"Quercus robur","169010","494648","51.4122","-0.640467","Merten's Acres","NA
"
81,"Quercus robur","169012","494652","51.4122","-0.640406","Merten's Acres","Tree core project
"
82,"Quercus robur","169006","494634","51.4122","-0.640667","Merten's Acres","NA
"
83,"Quercus robur","169000","494636","51.4121","-0.640628","Merten's Acres","Tree core project
"
84,"Quercus robur","169000","494643","51.4121","-0.640538","Merten's Acres","NA
"
85,"Quercus robur","169009","494642","51.4122","-0.640546","Merten's Acres","NA
"
86,"Quercus robur","169017","494637","51.4123","-0.640609","Merten's Acres","NA
"
87,"Quercus robur","169025","494640","51.4124","-0.640569","Merten's Acres","NA
"
88,"Quercus robur","169029","494652","51.4124","-0.640403","Merten's Acres","NA
"
89,"Quercus robur","169026","494650","51.4124","-0.640427","Merten's Acres","NA
"
90,"Quercus robur","169030","494648","51.4124","-0.640461","Merten's Acres","NA
"
91,"Quercus robur","169030","494651","51.4124","-0.640412","Merten's Acres","NA
"
92,"Quercus robur","169033","494651","51.4124","-0.640405","Merten's Acres","NA
"
93,"Quercus robur","169026","494651","51.4124","-0.640412","Merten's Acres","NA
"
94,"Quercus robur","169032","494659","51.4124","-0.640296","Merten's Acres","NA
"
95,"Quercus robur","169025","494660","51.4124","-0.64028","Merten's Acres","NA
"
96,"Quercus robur","169026","494659","51.4124","-0.640291","Merten's Acres","Tree core project
"
97,"Quercus robur","169022","494662","51.4123","-0.640248","Merten's Acres","NA
"
98,"Quercus robur","169022","494658","51.4123","-0.640307","Merten's Acres","Tree core project
"
99,"Quercus robur","169016","494660","51.4123","-0.64029","Merten's Acres","NA
"
100,"Quercus robur","168907","494539","51.4113","-0.642048","Observatory Ridge","NA
"
101,"Quercus robur","168918","494536","51.4114","-0.642092","Observatory Ridge","NA
"
102,"Quercus robur","168927","494531","51.4115","-0.64217","Observatory Ridge","NA
"
103,"Quercus robur","168928","494542","51.4115","-0.642006","Observatory Ridge","NA
"
104,"Quercus robur","168927","494543","51.4115","-0.641998","Observatory Ridge","report dead in pheonology data/phenology data in 2015-2017 score 0
"
105,"Quercus robur","168927","494544","51.4115","-0.64198","Observatory Ridge","NA
"
106,"Quercus robur","168925","494544","51.4115","-0.641983","Observatory Ridge","NA
"
107,"Quercus robur","168919","494542","51.4114","-0.642002","Observatory Ridge","NA
"
108,"Quercus robur","168921","494548","51.4114","-0.641921","Observatory Ridge","NA
"
109,"Quercus robur","168917","494543","51.4114","-0.641995","Observatory Ridge","NA
"
110,"Quercus robur","168916","494548","51.4114","-0.641924","Observatory Ridge","NA
"
111,"Quercus robur","168917","494548","51.4114","-0.641925","Observatory Ridge","NA
"
112,"other Quercus","168925","494556","51.4115","-0.641812","Observatory Ridge","May be turkey oak
"
113,"Quercus robur","168922","494553","51.4114","-0.641845","Observatory Ridge","NA
"
114,"Quercus robur","168921","494552","51.4114","-0.641862","Observatory Ridge","NA
"
115,"Quercus robur","168925","494554","51.4115","-0.641829","Observatory Ridge","NA
"
116,"Quercus robur","168923","494556","51.4115","-0.641799","Observatory Ridge","NA
"
117,"Quercus robur","168921","494555","51.4114","-0.641815","Observatory Ridge","NA
"
118,"Quercus robur","168921","494555","51.4114","-0.641826","Observatory Ridge","NA
"
119,"Quercus robur","168914","494553","51.4114","-0.641849","Observatory Ridge","NA
"
120,"Quercus robur","168916","494554","51.4114","-0.64183","Observatory Ridge","NA
"
121,"Quercus robur","168914","494556","51.4114","-0.641801","Observatory Ridge","NA
"
122,"Quercus robur","168911","494559","51.4113","-0.641768","Observatory Ridge","NA
"
123,"Quercus robur","168908","494548","51.4113","-0.641918","Observatory Ridge","veteran
"
124,"Quercus robur","168906","494560","51.4113","-0.641747","Observatory Ridge","veteran
"
125,"Quercus robur","168907","494562","51.4113","-0.641725","Observatory Ridge","NA
"
126,"Quercus robur","168906","494562","51.4113","-0.64172","Observatory Ridge","NA
"
127,"Quercus robur","168894","494553","51.4112","-0.64185","Observatory Ridge","NA
"
128,"Quercus robur","168894","494553","51.4112","-0.64186","Observatory Ridge","NA
"
129,"Quercus robur","168901","494551","51.4113","-0.641882","Observatory Ridge","NA
"
130,"Quercus robur","168897","494545","51.4112","-0.641964","Observatory Ridge","NA
"
131,"Quercus robur","168887","494536","51.4111","-0.642101","Observatory Ridge","NA
"
132,"Quercus robur","168895","494539","51.4112","-0.642056","Observatory Ridge","NA
"
133,"Quercus robur","168897","494543","51.4112","-0.642003","Observatory Ridge","NA
"
134,"Quercus robur","168898","494543","51.4112","-0.642002","Observatory Ridge","NA
"
135,"Quercus robur","168902","494523","51.4113","-0.642287","Merten's Acres","veteran
"
136,"Quercus robur","168618","494199","51.4088","-0.64702","Rookery Slope","NA
"
137,"Quercus robur","168645","494193","51.409","-0.647103","Rookery Slope","NA
"
138,"Quercus robur","168651","494195","51.4091","-0.647014","Rookery Slope","NA
"
139,"Quercus robur","168652","494198","51.4091","-0.647079","Rookery Slope","NA
"
140,"Quercus robur","168644","494201","51.409","-0.646987","Rookery Slope","NA
"
141,"Quercus robur","169184","494448","51.4138","-0.643291","The Elms","NA
"
142,"Quercus robur","169187","494448","51.4138","-0.643288","The Elms","NA
"
143,"Quercus robur","169185","494444","51.4138","-0.64335",NA,"NA
"
144,"Quercus robur","169185","494442","51.4138","-0.64338",NA,"NA
"
145,"Quercus robur","169190","494435","51.4139","-0.643472",NA,"NA
"
146,"Quercus robur","169186","494437","51.4138","-0.643439",NA,"NA
"
147,"Quercus robur","169175","494438","51.4137","-0.643429",NA,"NA
"
148,"Quercus robur","169169","494438","51.4137","-0.643433",NA,"NA
"
149,"Quercus robur","169167","494435","51.4137","-0.643477",NA,"NA
"
150,"Quercus robur","169160","494441","51.4136","-0.643397",NA,"veteran
"
151,"Quercus robur","169184","494440","51.4138","-0.64341",NA,"NA
"
152,"Quercus robur","169181","494439","51.4138","-0.643418",NA,"NA
"
153,"Quercus robur","169181","494433","51.4138","-0.643502",NA,"NA
"
154,"Quercus robur","169183","494435","51.4138","-0.64347",NA,"NA
"
155,"Quercus robur","169188","494431","51.4139","-0.643531",NA,"NA
"
156,"Quercus robur","169184","494433","51.4138","-0.643508",NA,"NA
"
157,"Quercus robur","169184","494432","51.4138","-0.643516",NA,"NA
"
158,"Quercus robur","169188","494425","51.4139","-0.643622",NA,"NA
"
159,"Quercus robur","169182","494429","51.4138","-0.643564",NA,"NA
"
160,"Quercus robur","169184","494396","51.4138","-0.64403",NA,"NA
"
161,"Quercus robur","169181","494402","51.4138","-0.643954",NA,"NA
"
162,"Quercus robur","169183","494402","51.4138","-0.643947",NA,"NA
"
163,"Quercus robur","169182","494402","51.4138","-0.643946",NA,"NA
"
164,"Quercus robur","169183","494412","51.4138","-0.6438",NA,"NA
"
165,"Quercus robur","169184","494408","51.4138","-0.643862",NA,"NA
"
166,"Quercus robur","169187","494408","51.4139","-0.643861",NA,"NA
"
167,"Quercus robur","169182","494415","51.4138","-0.643758",NA,"NA
"
168,"Quercus robur","169188","494408","51.4139","-0.643857",NA,"NA
"
169,"Quercus robur","169187","494412","51.4138","-0.643799",NA,"NA
"
170,"Quercus robur","169184","494409","51.4138","-0.643848",NA,"NA
"
171,"Quercus robur","169183","494411","51.4138","-0.64382",NA,"NA
"
172,"Quercus robur","169181","494413","51.4138","-0.643788",NA,"NA
"
173,"Quercus robur","169181","494413","51.4138","-0.643788",NA,"NA
"
174,"Quercus robur","169182","494410","51.4138","-0.64383",NA,"NA
"
175,"Quercus robur","169181","494413","51.4138","-0.643798",NA,"NA
"
176,"Quercus robur","169183","494414","51.4138","-0.643776",NA,"NA
"
177,"Quercus robur","169186","494421","51.4138","-0.643674",NA,"NA
"
178,"Quercus robur","169185","494420","51.4138","-0.643697",NA,"NA
"
179,"Quercus robur","169182","494425","51.4138","-0.643624",NA,"NA
"
180,"Quercus robur","169182","494425","51.4138","-0.643624",NA,"NA
"
181,"Quercus robur","169183","494425","51.4138","-0.643616",NA,"NA
"
182,"Quercus robur","169182","494429","51.4138","-0.643564",NA,"NA
"
183,"Quercus robur","169182","494429","51.4138","-0.643564",NA,"NA
"
184,"Quercus robur","169192","494425","51.4139","-0.643611",NA,"NA
"
185,"Quercus robur","169192","494433","51.4139","-0.643499",NA,"NA
"
186,"Quercus robur","169232","493996","51.4143","-0.649768","Farm Wood","NA
"
187,"Quercus robur","169244","494012","51.4144","-0.649535","Farm Wood","veteran
"
188,"Quercus robur","169230","494002","51.4143","-0.649683","Farm Wood","NA
"
189,"Quercus robur","169220","493999","51.4142","-0.649729","Farm Wood","NA
"
190,"Quercus robur","169214","494002","51.4142","-0.649694","Farm Wood","NA
"
191,"Quercus robur","169213","494004","51.4142","-0.64967","Farm Wood","NA
"
192,"Quercus robur","169215","493988","51.4142","-0.649897","Farm Wood","NA
"
193,"Quercus robur","169226","493998","51.4143","-0.649751","Farm Wood","NA
"
194,"Quercus robur","169230","493998","51.4143","-0.649738","Farm Wood","NA
"
195,"Quercus robur","169260","493998","51.4146","-0.649736","Farm Wood","NA
"
196,"Quercus robur","169409","493863","51.4159","-0.651644","Pound Hill Field","NA
"
197,"Quercus robur","169409","493862","51.4159","-0.651649","Pound Hill Field","NA
"
198,"Quercus robur","169413","493864","51.416","-0.651629","Pound Hill Field","NA
"
199,"Quercus robur","169406","493874","51.4159","-0.651486","Pound Hill Field","NA
"
200,"Quercus robur","169405","493880","51.4159","-0.651392","Pound Hill Field","NA
"
201,"Quercus robur","169385","493868","51.4157","-0.651574","Pound Hill Field","NA
"
202,"Quercus robur","169391","493869","51.4158","-0.651563","Pound Hill Field","NA
"
203,"Quercus robur","169413","493882","51.416","-0.651362","Pound Hill Field","NA
"
204,"Quercus robur","169422","493884","51.416","-0.651332","Pound Hill Field","NA
"
205,"Quercus robur","169424","493880","51.4161","-0.651393","Pound Hill Field","NA
"
206,"Quercus robur","169412","493854","51.416","-0.65177","Pound Hill Field","NA
"
207,"Quercus robur","169412","493855","51.416","-0.651759","Pound Hill Field","NA
"
208,"Quercus robur","169416","493848","54.2881","-5.54432","Pound Hill Field","NA
"
209,"Quercus robur","169423","493848","51.4161","-0.651852","Pound Hill Field","NA
"
210,"Quercus robur","169420","493848","51.416","-0.651851","Pound Hill Field","NA
"
211,"Quercus robur","169322","494168","51.4151","-0.64727","Cheapside Field","NA
"
212,"Quercus robur","169321","494167","51.4151","-0.647289","Cheapside Field","NA
"
213,"Quercus robur","169321","494166","51.4151","-0.647307","Cheapside Field","NA
"
214,"Quercus robur","169319","494166","51.4151","-0.647309","Cheapside Field","NA
"
215,"Quercus robur","169311","494159","51.415","-0.647411","Cheapside Field","NA
"
216,"Quercus robur","169317","494160","51.4151","-0.647387","Cheapside Field","NA
"
217,"Quercus robur","169317","494155","51.4151","-0.647464","Cheapside Field","NA
"
218,"Quercus robur","169322","494153","51.4151","-0.64749","Cheapside Field","NA
"
219,"Quercus robur","169328","494155","51.4152","-0.647462","Cheapside Field","NA
"
220,"Quercus robur","169306","494151","51.415","-0.64753","Cheapside Field","NA
"
221,"Quercus robur","169302","494161","51.4149","-0.647378","Cheapside Field","NA
"
222,"Quercus robur","169324","494185","51.4151","-0.647035","Cheapside Field","NA
"
223,"Quercus robur","169322","494185","51.4151","-0.647032","Cheapside Field","NA
"
224,"Quercus robur","169327","494181","51.4151","-0.647091","Cheapside Field","NA
"
225,"Quercus robur","169325","494189","51.4151","-0.646977","Cheapside Field","NA
"
226,"Quercus robur","169327","494191","51.4151","-0.646943","Cheapside Field","NA
"
227,"Quercus robur","169332","494188","51.4152","-0.646981","Cheapside Field","NA
"
228,"Quercus robur","169329","494182","51.4152","-0.647068","Cheapside Field","NA
"
229,"Quercus robur","168898","494300","51.4113","-0.645492","Gunnes's hill","NA
"
230,"Quercus robur","168975","494150","51.412","-0.647628","Gunnes's thicket","NA
"
231,"Quercus robur","168974","494152","51.412","-0.647606","Gunnes's thicket","NA
"
232,"Quercus robur","168977","494144","51.412","-0.647708","Gunnes's thicket","NA
"
233,"Quercus robur","168977","494142","51.412","-0.647735","Gunnes's thicket","NA
"
234,"Quercus robur","168978","494141","51.412","-0.647754","Gunnes's thicket","NA
"
235,"Quercus robur","168980","494136","51.412","-0.647826","Gunnes's thicket","NA
"
236,"Quercus robur","168989","494127","51.4121","-0.647948","Gunnes's thicket","NA
"
237,"Quercus robur","168976","494133","51.412","-0.647873","Gunnes's thicket","NA
"
238,"Quercus robur","168974","494135","51.412","-0.647839","Gunnes's thicket","NA
"
239,"Quercus robur","168976","494133","51.412","-0.647877","Gunnes's thicket","NA
"
240,"Quercus robur","168979","494131","51.412","-0.647898","Gunnes's thicket","NA
"
241,"Quercus robur","168981","494128","51.4121","-0.647947","Gunnes's thicket","NA
"
242,"Quercus robur","168986","494133","51.4121","-0.64787","Gunnes's thicket","NA
"
243,"Quercus robur","168985","494131","51.4121","-0.647894","Gunnes's thicket","NA
"
244,"Quercus robur","168985","494131","51.4121","-0.647895","Gunnes's thicket","NA
"
245,"Quercus robur","168985","494136","51.4121","-0.647826","Gunnes's thicket","NA
"
246,"Quercus robur","168982","494125","51.4121","-0.647991","Gunnes's thicket","NA
"
247,"Quercus robur","169068","494624","51.4128","-0.640791","Merten's Acres","NA
"
248,"Quercus robur","169326","494177","51.4151","-0.647145","Cheapside Field","NA
"
249,"Quercus robur","168985","494125","51.4121","-0.64799","Gunnes's thicket","NA
"
250,"Quercus robur","168987","494125","51.4121","-0.647989","Gunnes's thicket","NA
"
251,"Quercus robur","169215","494005","51.4142","-0.649652","Farm Wood","NA
"
252,"Quercus robur","168878","493899","51.4112","-0.651255","Cascade Marsh","NA
"
253,"Quercus robur","168918","493961","51.4115","-0.650356","Cascade Marsh","NA
"
254,"Quercus robur","169412","493876","51.416","-0.651455","Pound Hill Field","NA
"
255,"Quercus robur","169322","494168","51.4151","-0.647273","Cheapside Field","NA
"
256,"Quercus robur","168893","493882","51.4113","-0.651498","Cascade Marsh","NA
"
257,"Quercus robur","168895","493856","51.4113","-0.651881","Cascade Marsh","NA
"
258,"Quercus robur","168878","493882","51.4112","-0.651498","Cascade Marsh","NA
"
259,"Quercus robur","168872","493885","51.4111","-0.651459","Cascade Marsh","NA
"
260,"Quercus robur","168876","493885","51.4111","-0.65146","Cascade Marsh","NA
"
261,"Quercus robur","168884","493880","51.4112","-0.651533","Cascade Marsh","NA
"
262,"Quercus robur","168887","493881","51.4112","-0.651524","Cascade Marsh","NA
"
263,"Quercus robur","168881","493888","51.4112","-0.651424","Cascade Marsh","NA
"
264,"Quercus robur","168881","493898","51.4112","-0.651275","Cascade Marsh","NA
"
265,"Quercus robur","168877","493896","51.4112","-0.651311","Cascade Marsh","NA
"
266,"Quercus robur","168894","493883","51.4113","-0.651485","Cascade Marsh","NA
"
267,"Quercus robur","168901","493888","51.4114","-0.651415","Cascade Marsh","NA
"
268,"Quercus robur","168898","493877","51.4113","-0.65157","Cascade Marsh","NA
"
269,"Quercus robur","168887","493870","51.4112","-0.651669","Cascade Marsh","NA
"
270,"Quercus robur","168891","493875","51.4113","-0.651607","Cascade Marsh","NA
"
271,"Quercus robur","168908","493877","51.4114","-0.651576","Cascade Marsh","NA
"
272,"Quercus robur","168905","493876","51.4114","-0.65159","Cascade Marsh","NA
"
273,"Quercus robur","168898","493877","51.4113","-0.651566","Cascade Marsh","NA
"
274,"Quercus robur","168897","493871","51.4113","-0.651662","Cascade Marsh","NA
"
275,"Quercus robur","168893","493870","51.4113","-0.651672","Cascade Marsh","NA
"
276,"Quercus robur","168898","493873","51.4113","-0.651634","Cascade Marsh","NA
"
277,"Quercus robur","168888","493869","51.4113","-0.651695","Cascade Marsh","NA
"
278,"Quercus robur","168897","493852","51.4113","-0.651925","Cascade Marsh","NA
"
279,"Quercus robur","168887","493848","51.4112","-0.651991","Cascade Marsh","NA
"
280,"Quercus robur","168879","493860","51.4112","-0.651827","Cascade Marsh","NA
"
281,"Quercus robur","168882","493856","51.4112","-0.651885","Cascade Marsh","NA
"
282,"Quercus robur","168886","493848","51.4112","-0.651994","Cascade Marsh","NA
"
283,"Quercus robur","168895","493851","51.4113","-0.651951","Cascade Marsh","NA
"
284,"Quercus robur","168884","493844","51.4112","-0.652056","Cascade Marsh","NA
"
285,"Quercus robur","168878","493850","51.4112","-0.651961","Cascade Marsh","NA
"
286,"Quercus robur","168880","493849","51.4112","-0.651983","Cascade Marsh","NA
"
287,"Quercus robur","168875","493855","51.4111","-0.651893","Cascade Marsh","NA
"
288,"Quercus robur","168873","493866","51.4111","-0.651742","Cascade Marsh","NA
"
289,"Quercus robur","168876","493857","51.4112","-0.65187","Cascade Marsh","NA
"
290,"Quercus robur","168863","493854","51.411","-0.651913","Cascade Marsh","NA
"
291,"Quercus robur","168863","493857","51.411","-0.65187","Cascade Marsh","NA
"
292,"Quercus robur","168865","493862","51.411","-0.651791","Cascade Marsh","NA
"
293,"Quercus robur","168859","493863","51.411","-0.65178","Cascade Marsh","NA
"
294,"Quercus robur","168854","493861","51.411","-0.651814","Cascade Marsh","NA
"
295,"Quercus robur","168873","493866","51.4111","-0.651733","Cascade Marsh","NA
"
296,"Quercus robur","168872","493868","51.4111","-0.651715","Cascade Marsh","NA
"
297,"Quercus robur","168867","493876","51.4111","-0.651597","Cascade Marsh","NA
"
298,"Quercus robur","168870","493876","51.4111","-0.65159","Cascade Marsh","NA
"
299,"Quercus robur","168884","493864","51.4112","-0.651769","Cascade Marsh","NA
"
300,"Quercus robur","168920","493967","51.4115","-0.650266","Cascade Marsh","NA
"
301,"Quercus robur","168917","493968","51.4115","-0.650265","Cascade Marsh","NA
"
302,"Quercus robur","168919","493968","51.4115","-0.650252","Cascade Marsh","NA
"
303,"Quercus robur","168918","493971","51.4115","-0.650221","Cascade Marsh","NA
"
304,"Quercus robur","168934","493950","51.4117","-0.650506","Cascade Marsh","NA
"
305,"Quercus robur","168926","493945","51.4116","-0.65059","Cascade Marsh","NA
"
306,"Quercus robur","168927","493948","51.4116","-0.650551","Cascade Marsh","NA
"
307,"Quercus robur","168915","493954","51.4115","-0.650456","Cascade Marsh","NA
"
308,"Quercus robur","168912","493954","51.4115","-0.650458","Cascade Marsh","NA
"
309,"Quercus robur","168913","493948","51.4115","-0.650545","Cascade Marsh","NA
"
310,"Quercus robur","168872","493871","51.4111","-0.65167","Cascade Marsh","NA
"
311,"Quercus robur","168902","493949","51.4114","-0.650532","Cascade Marsh","NA
"
312,"Quercus robur","168908","493947","51.4114","-0.650563","Cascade Marsh","NA
"
313,"Quercus robur","168910","493946","51.4114","-0.650579","Cascade Marsh","NA
"
314,"Quercus robur","168906","493953","51.4114","-0.650474","Cascade Marsh","NA
"
315,"Quercus robur","168903","493947","51.4114","-0.650568","Cascade Marsh","NA
"
316,"Quercus robur","168902","493947","51.4114","-0.650562","Cascade Marsh","NA
"
317,"Quercus robur","168919","493965","51.4115","-0.650298","Cascade Marsh","NA
"
318,"Quercus robur","168887","493866","51.4112","-0.651731","Cascade Marsh","NA
"
319,"Quercus robur","NULL","NULL","NULL","NULL",NA,"NA
"
320,"Quercus robur","168622","494268","51.4088","-0.64603","Rookery Slope","NA
"
321,"Quercus robur","168609","494265","51.4087","-0.646073","Rookery Slope","NA
"
322,"Quercus robur","168632","494245","51.4089","-0.646353","Rookery Slope","NA
"
323,"Quercus robur","168616","494251","51.4087","-0.646264","Rookery Slope","NA
"
324,"Quercus robur","168643","494244","51.409","-0.646358","Rookery Slope","NA
"
325,"Quercus robur","168634","494228","51.4089","-0.646599","Rookery Slope","NA
"
326,"Quercus robur","168644","494245","51.409","-0.646353","Elm Slope","NA
"
327,"Quercus robur","168455","494242","51.4073","-0.646448","Rookery Slope","veteran
"
328,"Quercus robur","168376","494155","51.4066","-0.647717","Old Orchard","NA
"
329,"Quercus robur","168369","494145","51.4065","-0.647866","Old Orchard","NA
"
330,"Quercus robur","168369","494145","51.4065","-0.64786","Old Orchard","NA
"
331,"Quercus robur","168379","494149","51.4066","-0.647798","Old Orchard","NA
"
332,"Quercus robur","168384","494149","51.4067","-0.647795","Old Orchard","NA
"
333,"Quercus robur","168392","494147","51.4067","-0.647819","Old Orchard","NA
"
334,"Quercus robur","168364","494152","51.4065","-0.647767","Old Orchard","NA
"
335,"Quercus robur","168360","494146","51.4065","-0.647849","Old Orchard","NA
"
336,"Quercus robur","168358","494146","51.4064","-0.647845","Old Orchard","NA
"
337,"Quercus robur","168353","494144","51.4064","-0.647876","Old Orchard","NA
"
338,"Quercus robur","168352","494149","51.4064","-0.647812","Old Orchard","NA
"
339,"Quercus robur","168352","494149","51.4064","-0.647805","Old Orchard","NA
"
340,"Quercus robur","168356","494152","51.4064","-0.647759","Old Orchard","NA
"
341,"Quercus robur","169163","494281","51.4137","-0.645689",NA,"NA
"
342,"Quercus robur","169167","494264","51.4137","-0.645931",NA,"NA
"
343,"Quercus robur","169174","494291","51.4138","-0.645552",NA,"NA
"
344,"Quercus robur","169155","494229","51.4136","-0.646447","Weir wood","NA
"
345,"Quercus robur","169154","494216","51.4136","-0.646635","Weir wood","NA
"
346,"Quercus robur","169145","494234","51.4135","-0.646372","Weir wood","NA
"
347,"Quercus robur","169141","494223","51.4135","-0.646529","Weir wood","NA
"
348,"Quercus robur","169149","494256","51.4135","-0.64605","Weir wood","NA
"
349,"Quercus robur","169146","494254","51.4135","-0.646081","Kissing Gate","NA
"
350,"Quercus robur","169142","494255","51.4135","-0.646076","Kissing Gate","NA
"
351,"Quercus robur","169137","494252","51.4134","-0.646119","Kissing Gate","NA
"
352,"Quercus robur","169160","494264","51.4136","-0.64594","Kissing Gate","NA
"
353,"Quercus robur","169060","494171","51.4127","-0.647318","Weir wood"," 
"
354,"Quercus robur","169053","494176","51.4127","-0.647238","Weir wood","NA
"
355,"Quercus robur","169038","494182","51.4125","-0.647149","Weir wood","NA
"
356,"Quercus robur","169039","494179","51.4126","-0.647187","Weir wood","NA
"
357,"Quercus robur","169170","494350","51.4137","-0.644695",NA,"NA
"
358,"Quercus robur","169173","494350","51.4137","-0.644707",NA,"NA
"
359,"Quercus robur","169170","494344","51.4137","-0.644782",NA,"NA
"
360,"Quercus robur","169169","494344","51.4137","-0.644782",NA,"NA
"
361,"Quercus robur","169171","494336","51.4137","-0.644899",NA,"NA
"
362,"Quercus robur","169171","494339","51.4137","-0.644854",NA,"NA
"
363,"Quercus robur","169159","494346","51.4136","-0.644761",NA,"NA
"
364,"Quercus robur","169171","494341","51.4137","-0.644825",NA,"NA
"
365,"Quercus robur","169174","494343","51.4137","-0.644799",NA,"NA
"
366,"Quercus robur","169175","494351","51.4138","-0.644687",NA,"NA
"
367,"Quercus robur","169174","494350","51.4137","-0.644696",NA,"NA
"
368,"Quercus robur","169173","494356","51.4137","-0.644616",NA,"NA
"
369,"Quercus robur","169177","494358","51.4138","-0.644588",NA,"NA
"
370,"Quercus robur","169177","494362","51.4138","-0.64453",NA,"NA
"
371,"Quercus robur","169176","494361","51.4138","-0.644541",NA,"NA
"
372,"Quercus robur","169174","494368","51.4137","-0.644436",NA,"NA
"
373,"Quercus robur","169173","494350","51.4137","-0.644707",NA,"NA
"
374,"Quercus robur","169174","494353","51.4137","-0.644653",NA,"NA
"
375,"Quercus robur","169175","494354","51.4138","-0.644647",NA,"NA
"
376,"Quercus robur","169196","494516","51.4139","-0.64231","The Elms","NA
"
377,"Quercus robur","169196","494513","51.4139","-0.642348","The Elms","NA
"
378,"Quercus robur","169192","494514","51.4139","-0.64234","The Elms","NA
"
379,"Quercus robur","169193","494513","51.4139","-0.642358","The Elms","NA
"
380,"Quercus robur","169189","494511","51.4139","-0.642385","The Elms","NA
"
381,"Quercus robur","169193","494515","51.4139","-0.642328","The Elms","NA
"
382,"Quercus robur","169193","494512","51.4139","-0.642367","The Elms","NA
"
383,"Quercus robur","169193","494504","51.4139","-0.642484","The Elms","NA
"
384,"Quercus robur","169190","494506","51.4139","-0.642447","The Elms","NA
"
385,"Quercus robur","169191","494499","51.4139","-0.642549","The Elms","NA
"
386,"Quercus robur","169191","494499","51.4139","-0.64255","The Elms","NA
"
387,"Quercus robur","169189","494504","51.4139","-0.642484","The Elms","NA
"
388,"Quercus robur","169189","494504","51.4139","-0.642482","The Elms","NA
"
389,"Quercus robur","169183","494503","51.4138","-0.642501","The Elms","NA
"
390,"Quercus robur","169190","494511","51.4139","-0.642385","The Elms","NA
"
391,"Quercus robur","169188","494510","51.4138","-0.642399","The Elms","NA
"
392,"Quercus robur","169186","494508","51.4138","-0.642421","The Elms","NA
"
393,"Quercus robur","169185","494509","51.4138","-0.64241","The Elms","NA
"
394,"Quercus robur","169183","494509","51.4138","-0.642414","The Elms","NA
"
395,"Quercus robur","169182","494505","51.4138","-0.642467","The Elms","NA
"
396,"Quercus robur","169187","494511","51.4138","-0.642382","The Elms","NA
"
397,"Quercus robur","169182","494508","51.4138","-0.642431","The Elms","NA
"
398,"Quercus robur","169186","494511","51.4138","-0.642383","The Elms","NA
"
399,"Quercus robur","169179","494508","51.4138","-0.642432","The Elms","NA
"
400,"Quercus robur","169176","494505","51.4137","-0.642476","The Elms","NA
"
401,"Quercus robur","169179","494506","51.4138","-0.64246","The Elms","NA
"
402,"Quercus robur","169181","494503","51.4138","-0.642493","The Elms","NA
"
403,"Quercus robur","169182","494506","51.4138","-0.642451","The Elms","NA
"
404,"Quercus robur","169180","494507","51.4138","-0.642448","The Elms","NA
"
405,"Quercus robur","169178","494509","51.4138","-0.642419","The Elms","NA
"
406,"Quercus robur","169175","494508","51.4137","-0.642421","The Elms","NA
"
407,"Quercus robur","169173","494500","51.4137","-0.642549","The Elms","NA
"
408,"Quercus robur","169169","494503","51.4137","-0.642507","The Elms","NA
"
409,"Quercus robur","169162","494508","51.4136","-0.642439","The Elms","NA
"
410,"Quercus robur","169156","494499","51.4136","-0.642567","The Elms","NA
"
411,"Quercus robur","169156","494499","51.4136","-0.642567","The Elms","NA
"
412,"Quercus robur","169160","494494","51.4136","-0.642637","The Elms","NA
"
413,"Quercus robur","169165","494492","51.4136","-0.64266","The Elms","NA
"
414,"Quercus robur","169167","494490","51.4137","-0.642682","The Elms","NA
"
415,"Quercus robur","169161","494490","51.4136","-0.642684","The Elms","NA
"
416,"Quercus robur","169160","494489","51.4136","-0.642709","The Elms","NA
"
417,"Quercus robur","169160","494494","51.4136","-0.642637","The Elms","NA
"
418,"Quercus robur","169148","494502","51.4135","-0.642525","The Elms","NA
"
419,"Quercus robur","169149","494508","51.4135","-0.64243","The Elms","NA
"
420,"Quercus robur","169147","494506","51.4135","-0.642468","The Elms","NA
"
421,"Quercus robur","169151","494499","51.4135","-0.642565","The Elms","NA
"
422,"Quercus robur","169152","494497","51.4135","-0.642587","The Elms","NA
"
423,"Quercus robur","169150","494492","51.4135","-0.642659","The Elms","NA
"
424,"Quercus robur","169151","494493","51.4135","-0.642654","The Elms","NA
"
425,"Quercus robur","169145","494487","51.4135","-0.642741","The Elms","NA
"
426,"Quercus robur","169140","494491","51.4134","-0.642684","The Elms","NA
"
427,"Quercus robur","169140","494490","51.4134","-0.642697","The Elms","NA
"
428,"Quercus robur","169140","494493","51.4134","-0.64266","The Elms","NA
"
429,"Quercus robur","169139","494494","51.4134","-0.642644","The Elms","NA
"
430,"Quercus robur","169135","494490","51.4134","-0.642691","The Elms","NA
"
431,"Quercus robur","169133","494489","51.4134","-0.642706","The Elms","NA
"
432,"Quercus robur","169134","494493","51.4134","-0.642656","The Elms","NA
"
433,"Quercus robur","169132","494497","51.4133","-0.642597","The Elms","NA
"
434,"Quercus robur","169131","494494","51.4133","-0.642643","The Elms","NA
"
435,"Quercus robur","169131","494493","51.4133","-0.642651","The Elms","NA
"
436,"Quercus robur","169115","494484","51.4132","-0.642784","The Elms","NA
"
437,"Quercus robur","169126","494496","51.4133","-0.642619","The Elms","NA
"
438,"Quercus robur","169125","494493","51.4133","-0.642655","The Elms","NA
"
439,"Quercus robur","169125","494493","51.4133","-0.64266","The Elms","NA
"
440,"Quercus robur","169119","494488","51.4132","-0.642737","The Elms","NA
"
441,"Quercus robur","169119","494488","51.4132","-0.642737","The Elms","NA
"
442,"Quercus robur","169119","494488","51.4132","-0.642737","The Elms","NA
"
443,"Quercus robur","169126","494484","51.4133","-0.64279","The Elms","NA
"
444,"Quercus robur","169122","494484","51.4133","-0.64279","The Elms","NA
"
445,"Quercus robur","169118","494491","51.4132","-0.642683","The Elms","NA
"
446,"Quercus robur","169112","494489","51.4132","-0.642714","The Elms","NA
"
447,"Quercus robur","169111","494486","51.4132","-0.642767","The Elms","NA
"
448,"other Quercus","168460","494593","51.4073","-0.641403","Japanese Garden","sold land
"
449,"other Quercus","168460","494593","51.4073","-0.641403","Japanese Garden","sold land
"
450,"other Quercus","168460","494593","51.4073","-0.641403","Japanese Garden","sold land
"
451,"other Quercus","168460","494593","51.4073","-0.641403","Japanese Garden","sold land
"
452,"Quercus robur","168520","494622","51.4078","-0.640957","Japanese Garden","sold land
"
453,"Quercus robur","168428","494693","51.407","-0.639966","Japanese Garden","sold land; veteran
"
454,"Quercus robur","168526","494729","51.4079","-0.639424","Japanese Garden","sold land
"
455,"Quercus robur","168431","494815","51.407","-0.638212",NA,"sold land
"
456,"Quercus robur","NULL","NULL","NULL","NULL","Japanese Garden","NA
"
457,"Quercus robur","NULL","NULL","NULL","NULL","Japanese Garden","NA
"
458,"Quercus robur","168434","494766","51.407","-0.638921","Japanese Garden","sold land
"
459,"Quercus robur","NULL","NULL","NULL","NULL","Japanese Garden","NA
"
460,"Quercus robur","168430","494766","51.407","-0.638918","Japanese Garden","sold land
"
461,"Quercus robur","168431","494759","51.407","-0.63902","Japanese Garden","sold land
"
462,"Quercus robur","168432","494757","51.407","-0.639044","Japanese Garden","sold land
"
463,"Quercus robur","NULL","NULL","NULL","NULL","Japanese Garden","NA
"
464,"Quercus robur","168433","494755","51.407","-0.639072","Japanese Garden","sold land
"
465,"Quercus robur","168431","494757","51.407","-0.63905","Japanese Garden","sold land
"
466,"Quercus robur","168433","494754","51.407","-0.639086","Japanese Garden","sold land
"
467,"Quercus robur","168436","494752","51.407","-0.639123","Japanese Garden","sold land
"
468,"Quercus robur","168441","494748","51.4071","-0.639179","Japanese Garden","sold land
"
469,"Quercus robur","168439","494746","51.4071","-0.639207","Japanese Garden","sold land
"
470,"Quercus robur","168420","494756","51.4069","-0.639061","Japanese Garden","sold land
"
471,"Quercus robur","168428","494734","51.407","-0.639383","Japanese Garden","sold land
"
472,"Quercus robur","168413","494738","51.4068","-0.639326","Japanese Garden","sold land
"
473,"Quercus robur","168416","494701","51.4069","-0.639858","Japanese Garden","sold land
"
474,"Quercus robur","168386","494697","51.4066","-0.639919","Japanese Garden","sold land
"
475,"Quercus robur","168400","494695","51.4067","-0.639943","Japanese Garden","sold land
"
476,"Quercus robur","168400","494702","51.4067","-0.639842","Japanese Garden","sold land
"
477,"Quercus robur","168387","494713","51.4066","-0.639698","Japanese Garden","sold land
"
478,"other Quercus","168408","494688","51.4068","-0.64005","Japanese Garden","sold land
"
479,"Quercus robur","168408","494688","51.4068","-0.64005","Japanese Garden","sold land
"
480,"Quercus robur","168418","494668","51.4069","-0.640325","Japanese Garden","sold land
"
481,"Quercus robur","168405","494641","51.4068","-0.640717","Japanese Garden","sold land
"
482,"Quercus robur","168404","494642","51.4068","-0.640702","Japanese Garden","sold land
"
483,"Quercus robur","168377","494566","51.4065","-0.641804","Pinetum","sold land
"
484,"Quercus robur","168391","494542","51.4067","-0.642147","Pinetum","sold land
"
485,"Quercus robur","168350","494486","51.4063","-0.642963","Tractor shed","sold land
"
486,"Quercus robur","168452","494742","51.4072","-0.639253","Japanese Garden","sold land; veteran
"
487,"Quercus robur","168438","494730","51.4071","-0.639433","Japanese Garden","sold land
"
488,"Quercus robur","168447","494737","51.4071","-0.639328","Japanese Garden","sold land
"
489,"Quercus robur","168444","494738","51.4071","-0.639319","Japanese Garden","sold land
"
490,"Quercus robur","168453","494733","51.4072","-0.639393","Japanese Garden","sold land
"
491,"Quercus robur","168453","494733","51.4072","-0.639393","Japanese Garden","sold land
"
492,"Quercus robur","168453","494726","51.4072","-0.639493","Japanese Garden","sold land
"
493,"Quercus robur","168469","494727","51.4073","-0.639467","Japanese Garden","sold land
"
494,"Quercus robur","168469","494727","51.4073","-0.639467","Japanese Garden","sold land
"
495,"Quercus robur","168454","494732","51.4072","-0.639407","Japanese Garden","sold land
"
496,"other Quercus","168457","494734","51.4072","-0.639373","Japanese Garden","sold land
"
497,"Quercus robur","168466","494738","51.4073","-0.639316","Japanese Garden","sold land
"
498,"Quercus robur","168458","494739","51.4072","-0.639304","Japanese Garden","sold land
"
499,"Quercus robur","168452","494726","51.4072","-0.639492","Japanese Garden","oak14; sold land
"
500,"Quercus robur","168468","494731","51.4073","-0.639405","Japanese Garden","sold land
"
501,"Quercus robur","168469","494751","51.4073","-0.639117","Japanese Garden","sold land
"
502,"Quercus robur","NULL","NULL","NULL","NULL","Japanese Garden","sold land
"
503,"Quercus robur","168448","494739","51.4072","-0.639301","Japanese Garden","sold land
"
504,"Quercus robur","168465","494733","51.4073","-0.639383","Japanese Garden","sold land
"
505,"Quercus robur","168463","494734","51.4073","-0.639373","Japanese Garden","sold land
"
506,"Quercus robur","168465","494733","51.4073","-0.639383","Japanese Garden","sold land
"
507,"Quercus robur","NULL","NULL","NULL","NULL","Japanese Garden","sold land
"
508,"Quercus robur","168449","494746","51.4072","-0.639204","Japanese Garden","sold land
"
509,"Quercus robur","168451","494744","51.4072","-0.639224","Japanese Garden","sold land
"
510,"Quercus robur","168445","494741","51.4071","-0.639273","Japanese Garden","sold land
"
511,"Quercus robur","168487","494731","51.4075","-0.63941","Japanese Garden","sold land
"
512,"Quercus robur","168455","494699","51.4072","-0.639874","Japanese Garden","sold land
"
513,"Quercus robur","168524","494536","51.4079","-0.642203","Japanese Garden","sold land
"
514,"Quercus robur","168555","494395","51.4082","-0.644221","Drive Hill","sold land
"
515,"Quercus robur","168548","494385","51.4081","-0.644368","Drive Hill","sold land
"
516,"Quercus robur","168564","494370","51.4083","-0.644581","Drive Hill","sold land
"
517,"Quercus robur","168551","494366","51.4081","-0.644629","Rookery Slope","NA
"
518,"Quercus robur","168541","494360","51.4081","-0.64473","Rookery Slope","NA
"
519,"Quercus robur","168544","494344","51.4081","-0.644947","Rookery Slope","NA
"
520,"Quercus robur","168539","494346","51.408","-0.64492","Rookery Slope","NA
"
521,"Quercus robur","168524","494345","51.4079","-0.644946","Rookery Slope","veteran
"
522,"Quercus robur","168533","494342","51.408","-0.64499","Rookery Slope","NA
"
523,"Quercus robur","168530","494335","51.408","-0.645084","Rookery Slope","NA
"
524,"Quercus robur","168547","494346","51.4081","-0.644928","Rookery Slope","NA
"
525,"Quercus robur","168546","494341","51.4081","-0.644996","Rookery Slope","NA
"
526,"Quercus robur","168549","494332","51.4081","-0.645118","Rookery Slope","NA
"
527,"Quercus robur","168551","494331","51.4081","-0.645136","Rookery Slope","NA
"
528,"Quercus robur","168529","494335","51.408","-0.645087","Rookery Slope","NA
"
529,"Quercus robur","168556","494334","51.4082","-0.645098","Rookery Slope","NA
"
530,"Quercus robur","168556","494322","51.4082","-0.645261","Rookery Slope","NA
"
531,"Quercus robur","168385","494430","51.4066","-0.643755","Tractor shed","sold land; veteran
"
532,"Quercus robur","168498","494291","51.4077","-0.645722","Rookery Slope","NA
"
533,"Quercus robur","168496","494293","51.4077","-0.645696","Rookery Slope","NA
"
534,"Quercus robur","168487","494300","51.4076","-0.645604","Rookery Slope","NA
"
535,"Quercus robur","168488","494301","51.4076","-0.645593","Rookery Slope","NA
"
536,"Quercus robur","168486","494302","51.4076","-0.645566","Rookery Slope","NA
"
537,"Quercus robur","168489","494303","51.4076","-0.645561","Rookery Slope","NA
"
538,"Quercus robur","168492","494311","51.4076","-0.645441","Rookery Slope","NA
"
539,"Quercus robur","168511","494308","51.4078","-0.645486","Rookery Slope","NA
"
540,"Quercus robur","168519","494291","51.4079","-0.645721","Rookery Slope","NA
"
541,"Quercus robur","168514","494298","51.4078","-0.645619","Rookery Slope","NA
"
542,"Quercus robur","168508","494293","51.4078","-0.645699","Rookery Slope","NA
"
543,"Quercus robur","168511","494292","51.4078","-0.645706","Rookery Slope","NA
"
544,"Quercus robur","168507","494293","51.4078","-0.645692","Rookery Slope","NA
"
545,"Quercus robur","168494","494293","51.4076","-0.645699","Rookery Slope","NA
"
546,"Quercus robur","168566","494238","51.4083","-0.646467","Rookery Slope","NA
"
547,"Quercus robur","168562","494242","51.4083","-0.646422","Rookery Slope","NA
"
548,"Quercus robur","168561","494240","51.4083","-0.646439","Rookery Slope","NA
"
549,"Quercus robur","168553","494308","51.4082","-0.645474","Rookery Slope","NA
"
550,"Quercus robur","168555","494304","51.4082","-0.645525","Rookery Slope","NA
"
551,"Quercus robur","168558","494302","51.4082","-0.645552","Rookery Slope","NA
"
552,"Quercus robur","168554","494300","51.4082","-0.645582","Rookery Slope","NA
"
553,"Quercus robur","168536","494300","51.408","-0.645594","Rookery Slope","NA
"
554,"Quercus robur","168552","494303","51.4082","-0.645539","Rookery Slope","NA
"
555,"Quercus robur","168553","494289","51.4082","-0.645742","Rookery Slope","NA
"
556,"Quercus robur","168552","494284","51.4082","-0.645812","Rookery Slope","NA
"
557,"Quercus robur","168546","494286","51.4081","-0.645793","Rookery Slope","NA
"
558,"Quercus robur","168559","494271","51.4082","-0.645995","Rookery Slope","NA
"
559,"Quercus robur","168543","494277","51.4081","-0.645914","Rookery Slope","NA
"
560,"Quercus robur","168542","494274","51.4081","-0.645964","Rookery Slope","NA
"
561,"Quercus robur","168533","494271","51.408","-0.646012","Rookery Slope","NA
"
562,"Quercus robur","168546","494280","51.4081","-0.645877","Rookery Slope","NA
"
563,"Quercus robur","168547","494281","51.4081","-0.645856","Rookery Slope","NA
"
564,"Quercus robur","168539","494283","51.4081","-0.645837","Rookery Slope","NA
"
565,"Quercus robur","168544","494273","51.4081","-0.645974","Rookery Slope","NA
"
566,"Quercus robur","168526","494271","51.4079","-0.646004","Rookery Slope","NA
"
567,"Quercus robur","168530","494268","51.408","-0.646049","Rookery Slope","NA
"
568,"Quercus robur","168540","494277","51.4081","-0.645918","Rookery Slope","NA
"
569,"Quercus robur","168531","494278","51.408","-0.6459","Rookery Slope","NA
"
570,"Quercus robur","168534","494295","51.408","-0.645662","Rookery Slope","NA
"
571,"Quercus robur","168537","494299","51.408","-0.645602","Rookery Slope","NA
"
572,"Quercus robur","168536","494300","51.408","-0.645594","Rookery Slope","NA
"
573,"Quercus robur","168438","494090","51.4072","-0.64863",NA,"oak30; veteran
"
574,"Quercus robur","168441","494107","51.4072","-0.648392",NA,"veteran
"
575,"Quercus robur","168433","494126","51.4071","-0.648115",NA,"veteran
"
576,"Quercus robur","168439","494136","51.4072","-0.647973",NA,"veteran
"
577,"Quercus robur","168421","494151","51.407","-0.647762",NA,"NA
"
578,"Quercus robur","168438","494159","51.4072","-0.647639",NA,"veteran
"
579,"Quercus robur","168485","494188","51.4076","-0.647208","Rookery Slope","NA
"
580,"Quercus robur","168482","494176","51.4076","-0.647379","Rookery Slope","NA
"
581,"Quercus robur","168478","494158","51.4075","-0.647641","Rookery Slope","NA
"
582,"Quercus robur","168504","494176","51.4078","-0.647384","Rookery Slope","veteran
"
583,"Quercus robur","168549","494197","51.4082","-0.647069","Rookery Slope","NA
"
584,"Quercus robur","168565","494197","51.4083","-0.647064","Rookery Slope","NA
"
585,"Quercus robur","168713","494201","51.4096","-0.646965","Elm Slope","NA
"
586,"Quercus robur","168759","494199","51.41","-0.64698",NA,"NA
"
587,"Quercus robur","168754","494198","51.41","-0.646995",NA,"NA
"
588,"Quercus robur","168753","494198","51.41","-0.646991",NA,"NA
"
589,"Quercus robur","168745","494200","51.4099","-0.646971",NA,"NA
"
590,"Quercus robur","168743","494202","51.4099","-0.646944",NA,"veteran
"
591,"Quercus robur","168764","494201","51.4101","-0.646957",NA,"NA
"
592,"Quercus robur","168762","494200","51.4101","-0.646967",NA,"NA
"
593,"Quercus robur","168770","494193","51.4101","-0.647061",NA,"NA
"
594,"Quercus robur","168771","494199","51.4102","-0.64698",NA,"NA
"
595,"Quercus robur","168772","494201","51.4102","-0.646953",NA,"NA
"
596,"Quercus robur","168770","494202","51.4101","-0.64693",NA,"NA
"
597,"Quercus robur","168774","494204","51.4102","-0.646903",NA,"NA
"
598,"Quercus robur","168773","494197","51.4102","-0.647",NA,"NA
"
599,"Quercus robur","168773","494197","51.4102","-0.647012",NA,"NA
"
600,"Quercus robur","168799","494190","51.4104","-0.647102","Hell hill","NA
"
601,"Quercus robur","168800","494190","51.4104","-0.647101","Hell hill","NA
"
602,"Quercus robur","168812","494188","51.4105","-0.647122","Hell hill","NA
"
603,"Quercus robur","168825","494189","51.4106","-0.647108","Hell hill","veteran
"
604,"Quercus robur","168834","494193","51.4107","-0.647044","Hell hill","veteran
"
605,"Quercus robur","168865","494189","51.411","-0.647103","Hell hill","veteran
"
606,"Quercus robur","168876","494209","51.4111","-0.646811","Hell hill","NA
"
607,"Quercus robur","168873","494208","51.4111","-0.646815","Hell hill","NA
"
608,"Quercus robur","168873","494206","51.4111","-0.646848","Hell hill","NA
"
609,"Quercus robur","168862","494204","51.411","-0.646884","Hell hill","NA
"
610,"Quercus robur","168852","494192","51.4109","-0.647062","Hell hill","NA
"
611,"Quercus robur","168894","494687","51.4111","-0.640026","Observatory Copse","NA
"
612,"Quercus robur","168895","494688","51.4112","-0.639916","Observatory Copse","NA
"
613,"Quercus robur","168896","494700","51.4112","-0.63974","Observatory Copse","NA
"
614,"Quercus robur","168913","494694","51.4113","-0.639824","Observatory Copse","NA
"
615,"Quercus robur","168907","494702","51.4113","-0.639716","Observatory Copse","NA
"
616,"Quercus robur","168906","494688","51.4113","-0.639919","Observatory Copse","NA
"
617,"Quercus robur","168887","494671","51.4111","-0.640163","Observatory Copse","NA
"
618,"Quercus robur","168896","494669","51.4112","-0.640191","Observatory Copse","NA
"
619,"Quercus robur","168957","494668","51.4117","-0.640191","Observatory Copse","NA
"
620,"Quercus robur","168955","494669","51.4117","-0.640168","Observatory Copse","NA
"
621,"Quercus robur","168957","494669","51.4117","-0.64017","Observatory Copse","NA
"
622,"Quercus robur","168943","494679","51.4116","-0.640035","Observatory Copse","NA
"
623,"Quercus robur","168943","494680","51.4116","-0.640022","Observatory Copse","NA
"
624,"Quercus robur","169176","494501","51.4137","-0.642524","The Elms","NA
"
625,"Quercus robur","NULL","NULL","NULL","NULL","Gunnes's hill","NA
"
626,"Quercus robur","168971","494670","51.4119","-0.640159","Observatory Copse","Tree core project
"
627,"Quercus robur","168974","494669","51.4119","-0.640162","Observatory Copse","NA
"
628,"Quercus robur","168977","494674","51.4119","-0.640098","Observatory Copse","NA
"
629,"Quercus robur","168980","494670","51.4119","-0.640145","Observatory Copse","Tree core project
"
630,"Quercus robur","168979","494667","51.4119","-0.640192","Observatory Copse","NA
"
631,"Quercus robur","168488","494301","51.4076","-0.645587","Rookery Slope","NA
"
632,"Quercus robur","168978","494659","51.4119","-0.640307","Observatory Copse","NA
"
633,"Quercus robur","168979","494652","51.4119","-0.640405","Observatory Copse","NA
"
634,"Quercus robur","168960","494662","51.4118","-0.64027","Observatory Copse","NA
"
635,"Quercus robur","168973","494657","51.4119","-0.64034","Observatory Copse","NA
"
636,"Quercus robur","168981","494631","51.412","-0.640716","Merten's Acres","NA
"
637,"Quercus robur","168970","494603","51.4119","-0.641119","Observatory Ridge","NA
"
638,"Quercus robur","168967","494605","51.4118","-0.641091","Observatory Ridge","NA
"
639,"Quercus robur","168972","494599","51.4119","-0.641169","Observatory Ridge","NA
"
640,"Quercus robur","168969","494609","51.4119","-0.641037","Observatory Ridge","NA
"
641,"Quercus robur","168975","494613","51.4119","-0.640977","Merten's Acres","NA
"
642,"Quercus robur","168974","494613","51.4119","-0.64097","Merten's Acres","NA
"
643,"Quercus robur","168974","494618","51.4119","-0.640896","Merten's Acres","NA
"
644,"Quercus robur","168975","494619","51.4119","-0.640881","Merten's Acres","oak26
"
645,"Quercus robur","168977","494625","51.4119","-0.640806","Merten's Acres","NA
"
646,"Quercus robur","168976","494627","51.4119","-0.640772","Merten's Acres","NA
"
647,"Quercus robur","168980","494632","51.412","-0.640697","Merten's Acres","NA
"
648,"Quercus robur","168969","494634","51.4119","-0.640678","Merten's Acres","NA
"
649,"Quercus robur","168988","494624","51.412","-0.640817","Merten's Acres","NA
"
650,"Quercus robur","168987","494622","51.412","-0.640838","Merten's Acres","NA
"
651,"Quercus robur","168983","494621","51.412","-0.640851","Merten's Acres","NA
"
652,"Quercus robur","168981","494633","51.412","-0.640687","Merten's Acres","NA
"
653,"Quercus robur","168998","494621","51.4121","-0.640847","Merten's Acres","NA
"
654,"Quercus robur","168981","494630","51.412","-0.640727","Merten's Acres","NA
"
655,"Quercus robur","168983","494627","51.412","-0.640762","Observatory Copse","NA
"
656,"Quercus robur","168980","494638","51.412","-0.640608","Merten's Acres","NA
"
657,"Quercus robur","168984","494644","51.412","-0.640532","Merten's Acres","NA
"
658,"Quercus robur","168973","494639","51.4119","-0.640604","Merten's Acres","NA
"
659,"Quercus robur","168987","494641","51.412","-0.640566","Merten's Acres","NA
"
660,"Quercus robur","168999","494614","51.4121","-0.640947","Merten's Acres","oak27
"
661,"Quercus robur","169008","494616","51.4122","-0.640922","Merten's Acres","NA
"
662,"Quercus robur","169007","494625","51.4122","-0.640793","Merten's Acres","Tree core project
"
663,"other Quercus","169004","494625","51.4122","-0.640792","Merten's Acres","NA
"
664,"Quercus robur","169006","494621","51.4122","-0.64085","Merten's Acres","NA
"
665,"Quercus robur","169018","494622","51.4123","-0.640826","Merten's Acres","NA
"
666,"Quercus robur","169029","494624","51.4124","-0.640803","Merten's Acres","NA
"
667,"Quercus robur","169022","494622","51.4123","-0.640832","Merten's Acres","NA
"
668,"Quercus robur","169023","494614","51.4123","-0.64094","Merten's Acres","NA
"
669,"Quercus robur","169028","494611","51.4124","-0.640984","Merten's Acres","NA
"
670,"Quercus robur","169028","494618","51.4124","-0.640882","Merten's Acres","NA
"
671,"Quercus robur","169025","494604","51.4124","-0.641092","Merten's Acres","NA
"
672,"Quercus robur","169022","494610","51.4123","-0.641","Merten's Acres","NA
"
673,"Quercus robur","169014","494604","51.4123","-0.641084","Merten's Acres","NA
"
674,"Quercus robur","169014","494608","51.4123","-0.641029","Observatory Ridge","NA
"
675,"Quercus robur","169003","494592","51.4122","-0.641259","Observatory Ridge","NA
"
676,"Quercus robur","169008","494585","51.4122","-0.64137","Merten's Acres","NA
"
677,"Quercus robur","169006","494578","51.4122","-0.641463","Merten's Acres","NA
"
678,"Quercus robur","168999","494586","51.4121","-0.641348","Merten's Acres","NA
"
679,"Quercus robur","168999","494584","51.4121","-0.641378","Merten's Acres","NA
"
680,"Quercus robur","168994","494589","51.4121","-0.641312","Merten's Acres","Tree core project
"
681,"Quercus robur","168995","494591","51.4121","-0.64128","Merten's Acres","NA
"
682,"Quercus robur","168985","494594","51.412","-0.641244","Merten's Acres","Tree core project
"
683,"Quercus robur","168990","494597","51.412","-0.641201","Merten's Acres","Tree core project
"
684,"Quercus robur","168988","494598","51.412","-0.641182","Merten's Acres","NA
"
685,"Quercus robur","168996","494599","51.4121","-0.641174","Merten's Acres","NA
"
686,"Quercus robur","168985","494605","51.412","-0.641078","Merten's Acres","NA
"
687,"Quercus robur","168996","494612","51.4121","-0.640976","Observatory Ridge","NA
"
688,"Quercus robur","169034","494657","51.4124","-0.640318","Merten's Acres","NA
"
689,"Quercus robur","169034","494665","51.4124","-0.640202","Merten's Acres","NA
"
690,"Quercus robur","169037","494664","51.4125","-0.640222","Merten's Acres","NA
"
691,"Quercus robur","169033","494668","51.4124","-0.64016","Merten's Acres","NA
"
692,"Quercus robur","169034","494666","51.4124","-0.640202","Merten's Acres","NA
"
693,"Quercus robur","169035","494666","51.4124","-0.64019","Merten's Acres","NA
"
694,"Quercus robur","169038","494662","51.4125","-0.640258","Merten's Acres","NA
"
695,"Quercus robur","169052","494656","51.4126","-0.640335","Merten's Acres","NA
"
696,"Quercus robur","169050","494667","51.4126","-0.640183","Merten's Acres","NA
"
697,"Quercus robur","169051","494660","51.4126","-0.640283","Merten's Acres","NA
"
698,"Quercus robur","169057","494671","51.4126","-0.64011","Merten's Acres","NA
"
699,"Quercus robur","169057","494669","51.4126","-0.640148","Merten's Acres","NA
"
700,"Quercus robur","169059","494668","51.4127","-0.640164","Merten's Acres","NA
"
701,"Quercus robur","169056","494658","51.4126","-0.640311","Merten's Acres","NA
"
702,"Quercus robur","169065","494660","51.4127","-0.640271","Merten's Acres","NA
"
703,"Quercus robur","169055","494655","51.4126","-0.640341","Merten's Acres","NA
"
704,"Quercus robur","169060","494642","51.4127","-0.640539","Merten's Acres","NA
"
705,"Quercus robur","168367","494545","51.4065","-0.642112","Pinetum","sold land
"
706,"Quercus robur","168725","494201","51.4097","-0.646959","Elm Slope","NA
"
707,"Quercus robur","169059","494644","51.4127","-0.640507","Merten's Acres","NA
"
708,"Quercus robur","169052","494640","51.4126","-0.64056","Merten's Acres","NA
"
709,"Quercus robur","169062","494634","51.4127","-0.640654","Merten's Acres","NA
"
710,"Quercus robur","169062","494633","51.4127","-0.640665","Merten's Acres","NA
"
711,"Quercus robur","169053","494633","51.4126","-0.640669","Merten's Acres","NA
"
712,"Quercus robur","169045","494627","51.4125","-0.640749","Merten's Acres","NA
"
713,"Quercus robur","169040","494632","51.4125","-0.640688","Merten's Acres","NA
"
714,"Quercus robur","168927","494404","51.4115","-0.643993","Gunnes's hill","NA
"
715,"Quercus robur","169037","494628","51.4125","-0.640746","Merten's Acres","NA
"
716,"Quercus robur","169030","494633","51.4124","-0.640675","Merten's Acres","NA
"
717,"Quercus robur","169041","494648","51.4125","-0.640458","Merten's Acres","NA
"
718,"Quercus robur","169043","494653","51.4125","-0.640374","Merten's Acres","NA
"
719,"Quercus robur","169043","494651","51.4125","-0.640412","Merten's Acres","NA
"
720,"Quercus robur","169071","494672","51.4128","-0.640102","Merten's Acres","NA
"
721,"Quercus robur","169073","494670","51.4128","-0.640133","Merten's Acres","NA
"
722,"Quercus robur","169073","494672","51.4128","-0.640095","Merten's Acres","NA
"
723,"Quercus robur","169083","494672","51.4129","-0.640091","Merten's Acres","NA
"
724,"Quercus robur","169085","494674","51.4129","-0.640073","Merten's Acres","NA
"
725,"Quercus robur","169095","494676","51.413","-0.640033","Merten's Acres","NA
"
726,"Quercus robur","169091","494662","51.4129","-0.640238","Merten's Acres","NA
"
727,"Quercus robur","169082","494667","51.4129","-0.640163","Merten's Acres","NA
"
728,"Quercus robur","169075","494650","51.4128","-0.640414","Merten's Acres","NA
"
729,"Quercus robur","169102","494676","51.413","-0.640029","Merten's Acres","NA
"
730,"Quercus robur","169145","494640","51.4134","-0.640542","Merten's Acres","NA
"
731,"Quercus robur","169115","494656","51.4132","-0.640311","Merten's Acres","NA
"
732,"Quercus robur","169114","494660","51.4132","-0.640254","Merten's Acres","NA
"
733,"Quercus robur","169118","494664","51.4132","-0.640207","Merten's Acres","NA
"
734,"Quercus robur","169125","494666","51.4132","-0.64017","Merten's Acres","NA
"
735,"Quercus robur","169124","494670","51.4132","-0.640116","Merten's Acres","NA
"
736,"Quercus robur","169118","494672","51.4132","-0.64009","Merten's Acres","NA
"
737,"Quercus robur","169115","494664","51.4132","-0.640196","Merten's Acres","NA
"
738,"Quercus robur","169111","494665","51.4131","-0.640186","Merten's Acres","NA
"
739,"Quercus robur","169109","494664","51.4131","-0.640209","Merten's Acres","NA
"
740,"Quercus robur","169112","494664","51.4131","-0.640202","Merten's Acres","NA
"
741,"Quercus robur","169112","494664","51.4131","-0.64021","Merten's Acres","NA
"
742,"Quercus robur","169117","494673","51.4132","-0.64007","Merten's Acres","NA
"
743,"Quercus robur","169113","494674","51.4131","-0.64006","Merten's Acres","NA
"
744,"Quercus robur","169121","494678","51.4132","-0.639994","Merten's Acres","NA
"
745,"Quercus robur","169126","494683","51.4133","-0.639928","Merten's Acres","NA
"
746,"Quercus robur","169108","494674","51.4131","-0.640054","Merten's Acres","NA
"
747,"Quercus robur","169110","494679","51.4131","-0.639991","Merten's Acres","NA
"
748,"Quercus robur","169073","494178","51.4129","-0.647199","Weir wood","veteran
"
749,"Quercus robur","169108","494653","51.4131","-0.640358","Merten's Acres","NA
"
750,"Quercus robur","169107","494657","51.4131","-0.640307","Merten's Acres","NA
"
751,"Quercus robur","169102","494656","51.413","-0.640323","Merten's Acres","NA
"
752,"Quercus robur","169108","494659","51.4131","-0.640282","Merten's Acres","veteran
"
753,"Quercus robur","169113","494654","51.4131","-0.640343","Merten's Acres","NA
"
754,"Quercus robur","169147","494679","51.4134","-0.639974","Merten's Acres","NA
"
755,"Quercus robur","169145","494684","51.4134","-0.639901","Merten's Acres","NA
"
756,"Quercus robur","169142","494693","51.4134","-0.639771","Merten's Acres","NA
"
757,"other Quercus","169132","494675","51.4133","-0.640033","Merten's Acres","NA
"
758,"Quercus robur","169132","494681","51.4133","-0.639948","Merten's Acres","NA
"
759,"Quercus robur","169134","494681","51.4133","-0.63995","Merten's Acres","NA
"
760,"Quercus robur","169134","494687","51.4133","-0.639869","Merten's Acres","veteran
"
761,"Quercus robur","169144","494673","51.4134","-0.640069","Merten's Acres","NA
"
762,"Quercus robur","169142","494674","51.4134","-0.640045","Merten's Acres","NA
"
763,"Quercus robur","169146","494671","51.4134","-0.64009","Merten's Acres","NA
"
764,"Quercus robur","169159","494662","51.4136","-0.640216","Merten's Acres","NA
"
765,"Quercus robur","169153","494657","51.4135","-0.640296","Merten's Acres","NA
"
766,"Quercus robur","169145","494656","51.4134","-0.640309","Merten's Acres","NA
"
767,"Quercus robur","169145","494661","51.4134","-0.640235","Merten's Acres","NA
"
768,"Quercus robur","169144","494664","51.4134","-0.640199","Merten's Acres","NA
"
769,"Quercus robur","169143","494660","51.4134","-0.640254","Merten's Acres","NA
"
770,"Quercus robur","169144","494641","51.4134","-0.640531","Merten's Acres","NA
"
771,"Quercus robur","169146","494638","51.4134","-0.64057","Merten's Acres","NA
"
772,"Quercus robur","169148","494639","51.4135","-0.640549","Merten's Acres","NA
"
773,"Quercus robur","169153","494642","51.4135","-0.640505","Merten's Acres","NA
"
774,"Quercus robur","169155","494651","51.4135","-0.640384","Merten's Acres","NA
"
775,"Quercus robur","169143","494646","51.4134","-0.640457","Merten's Acres","NA
"
776,"Quercus robur","169141","494653","51.4134","-0.640356","Merten's Acres","NA
"
777,"Quercus robur","169127","494660","51.4133","-0.640254","Merten's Acres","NA
"
778,"Quercus robur","169125","494655","51.4133","-0.640331","Merten's Acres","NA
"
779,"Quercus robur","169124","494655","51.4132","-0.64033","Merten's Acres","NA
"
780,"Quercus robur","169125","494653","51.4133","-0.640362","Merten's Acres","NA
"
781,"Quercus robur","169123","494648","51.4132","-0.640436","Merten's Acres","NA
"
782,"Quercus robur","169136","494635","51.4134","-0.64061","Merten's Acres","NA
"
783,"Quercus robur","169133","494634","51.4133","-0.640635","Merten's Acres","veteran
"
784,"Quercus robur","169128","494627","51.4133","-0.640725","Merten's Acres","NA
"
785,"Quercus robur","NULL","NULL","NULL","NULL","Merten's Acres","NA
"
786,"Quercus robur","169103","494611","51.4131","-0.640972","Merten's Acres","NA
"
787,"Quercus robur","169105","494607","51.4131","-0.641023","Merten's Acres","NA
"
788,"Quercus robur","169106","494606","51.4131","-0.641044","Merten's Acres","NA
"
789,"Quercus robur","169097","494604","51.413","-0.641065","Merten's Acres","NA
"
790,"Quercus robur","169096","494606","51.413","-0.641047","Merten's Acres","NA
"
791,"Quercus robur","169090","494606","51.4129","-0.641038","Merten's Acres","oak17; veteran
"
792,"Quercus robur","169104","494612","51.4131","-0.640957","Merten's Acres","NA
"
793,"Quercus robur","NULL","NULL","NULL","NULL","Merten's Acres","NA
"
794,"Quercus robur","169109","494616","51.4131","-0.640894","Merten's Acres","NA
"
795,"Quercus robur","169109","494612","51.4131","-0.640957","Merten's Acres","NA
"
796,"Quercus robur","169111","494619","51.4131","-0.640845","Merten's Acres","NA
"
797,"Quercus robur","169099","494617","51.413","-0.640877","Merten's Acres","oak18; veteran
"
798,"Quercus robur","169112","494620","51.4131","-0.640835","Merten's Acres","NA
"
799,"Quercus robur","169112","494622","51.4131","-0.640812","Merten's Acres","NA
"
800,"Quercus robur","169114","494627","51.4132","-0.640729","Merten's Acres","NA
"
801,"Quercus robur","169085","494624","51.4129","-0.640783","Merten's Acres","NA
"
802,"Quercus robur","169082","494621","51.4129","-0.640835","Merten's Acres","NA
"
803,"Quercus robur","169081","494619","51.4129","-0.640858","Merten's Acres","NA
"
804,"Quercus robur","169081","494621","51.4129","-0.640835","Merten's Acres","NA
"
805,"Quercus robur","169092","494635","51.413","-0.64062","Merten's Acres","NA
"
806,"Quercus robur","168841","494740","51.4107","-0.63918","Observatory Copse","NA
"
807,"Quercus robur","168874","494712","51.411","-0.639575","Observatory Copse","NA
"
808,"Quercus robur","168885","494720","51.4111","-0.639464","Observatory Copse","veteran
"
809,"Quercus robur","168899","494717","51.4112","-0.639494","Observatory Copse","veteran
"
810,"Quercus robur","168878","494711","51.411","-0.63959","Observatory Copse","NA
"
811,"Quercus robur","168918","494618","51.4114","-0.640918","Observatory Ridge","NA
"
812,"Quercus robur","168914","494633","51.4114","-0.640702","Observatory Copse","oak24
"
813,"Quercus robur","168908","494636","51.4113","-0.640664","Observatory Ridge","NA
"
814,NA,"168837","494751","51.4107","-0.639025","Observatory Copse","NA
"
815,"Quercus robur","168802","494771","51.4103","-0.638748","Observatory Copse","veteran
"
816,"other Quercus","NULL","NULL","NULL","NULL","Observatory Copse","NA
"
817,"Quercus robur","168813","494747","51.4104","-0.639087","Observatory Copse","oak16
"
818,"other Quercus","168670","494404","51.4092","-0.644059","Elm Slope","NA
"
819,"Quercus robur","169165","493983","51.4137","-0.649977","Mann's Copse","veteran
"
820,"Quercus robur","169177","493991","51.4138","-0.649863","Mann's Copse","veteran
"
821,"Quercus robur","169172","493968","51.4138","-0.650192","Mann's Copse","NA
"
822,"Quercus robur","169178","493965","51.4138","-0.650228","Mann's Copse","NA
"
823,"Quercus robur","169169","493973","51.4138","-0.650122","Mann's Copse","NA
"
824,"Quercus robur","169148","493986","51.4136","-0.649939","Mann's Copse","NA
"
825,"Quercus robur","169149","493988","51.4136","-0.649917","Mann's Copse","NA
"
826,"Quercus robur","169118","493973","51.4133","-0.650134","Mann's Copse","NA
"
827,"Quercus robur","169109","493860","51.4132","-0.651764","Mann's Copse","NA
"
828,"Quercus robur","169102","493867","51.4132","-0.651665","Mann's Copse","NA
"
829,"Quercus robur","169103","493848","51.4132","-0.651928","Mann's Copse","NA
"
830,"Quercus robur","169093","493864","51.413098","-0.651704","Mann's Copse","NA
"
831,"Quercus robur","169050","493852","51.4127","-0.651896","Mann's Copse","NA
"
832,"Quercus robur","169052","493851","51.4127","-0.651906","Mann's Copse","NA
"
833,"Quercus robur","169043","493853","51.4127","-0.651879","Mann's Copse","NA
"
834,"Quercus robur","169043","493845","51.4127","-0.652","Mann's Copse","NA
"
835,"Quercus robur","169043","493838","51.4127","-0.65209","Mann's Copse","NA
"
836,"Quercus robur","169036","493854","51.4126","-0.651873","Mann's Copse","NA
"
837,"Quercus robur","169061","493864","51.412807","-0.651716","Mann's Copse","NA
"
838,"Quercus robur","169020","493836","51.4124","-0.652123","Mann's Copse","NA
"
839,"Quercus robur","169026","493835","51.412499","-0.652139","Mann's Copse","NA
"
840,"Quercus robur","169020","493832","51.4124","-0.652183","Mann's Copse","NA
"
841,"Quercus robur","169017","493834","51.4124","-0.652155","Mann's Copse","NA
"
842,"Quercus robur","168967","494183","51.4119","-0.647155","Gunnes's thicket","NA
"
843,"Quercus robur","168969","494181","51.4119","-0.647187","Gunnes's thicket","NA
"
844,"Quercus robur","168969","494177","51.4119","-0.647243","Gunnes's thicket","NA
"
845,"Quercus robur","168965","494186","51.4119","-0.647119","Gunnes's thicket","NA
"
846,"Quercus robur","168962","494190","51.4119","-0.64706","Gunnes's thicket","NA
"
847,"Quercus robur","168979","494167","51.412","-0.647386","Gunnes's thicket","NA
"
848,"Quercus robur","168986","494162","51.4121","-0.647458","Gunnes's thicket","NA
"
849,"Quercus robur","168988","494154","51.4121","-0.647564","Gunnes's thicket","NA
"
850,"Quercus robur","168986","494144","51.4121","-0.64771","Gunnes's thicket","NA
"
851,"Quercus robur","168997","494124","51.4122","-0.64799","Gunnes's thicket","NA
"
852,"Quercus robur","169020","494128","51.4124","-0.647925","Gunnes's thicket","NA
"
853,"Quercus robur","169018","494121","51.4124","-0.648035","Gunnes's thicket","NA
"
854,"Quercus robur","169025","494127","51.4124","-0.64794","Gunnes's thicket","NA
"
855,"Quercus robur","169030","494131","51.4125","-0.647881","Gunnes's thicket","NA
"
856,"Quercus robur","169025","494139","51.4124","-0.647771","Gunnes's thicket","NA
"
857,"Quercus robur","169017","494146","51.4124","-0.647668","Gunnes's thicket","NA
"
858,"Quercus robur","169016","494157","51.4124","-0.647519","Gunnes's thicket","NA
"
859,"Quercus robur","169020","494111","51.4124","-0.648169","Gunnes's thicket","NA
"
860,"Quercus robur","169019","494115","51.4124","-0.648126","Gunnes's thicket","NA
"
861,"Quercus robur","169028","494121","51.4125","-0.648024","Gunnes's thicket","NA
"
862,"Quercus robur","169006","494107","51.4123","-0.648243","Gunnes's thicket","NA
"
863,"Quercus robur","169012","494105","51.4123","-0.648266","Gunnes's thicket","NA
"
864,"Quercus robur","169021","494096","51.4124","-0.648385","Gunnes's thicket","NA
"
865,"Quercus robur","169029","494103","51.4125","-0.648294","Gunnes's thicket","NA
"
866,"Quercus robur","169024","494102","51.4124","-0.648311","Gunnes's thicket","NA
"
867,"Quercus robur","169024","494097","51.4124","-0.648376","Gunnes's thicket","NA
"
868,"Quercus robur","169023","494100","51.4124","-0.648336","Gunnes's thicket","NA
"
869,"Quercus robur","168683","494411","51.4093","-0.643955","Elm Slope","NA
"
870,"Quercus robur","168681","494409","51.4093","-0.643986","Elm Slope","NA
"
871,"Quercus robur","168685","494412","51.4093","-0.643934","Elm Slope","NA
"
872,"Quercus robur","168686","494414","51.4094","-0.643914","Elm Slope","NA
"
873,"Quercus robur","168684","494414","51.4093","-0.643916","Elm Slope","NA
"
874,"Quercus robur","168692","494410","51.4094","-0.643967","Elm Slope","NA
"
875,"Quercus robur","168686","494410","51.4094","-0.643963","Elm Slope","NA
"
876,"Quercus robur","168658","494381","51.4091","-0.644391","Elm Slope","NA
"
877,"Quercus robur","168667","494383","51.4092","-0.644354","Elm Slope","NA
"
878,"Quercus robur","168670","494379","51.4092","-0.644411","Elm Slope","NA
"
879,"Quercus robur","168668","494379","51.4092","-0.644412","Elm Slope","NA
"
880,"Quercus robur","168674","494375","51.40925","-0.644467","Elm Slope","NA
"
881,"Quercus robur","168648","494370","51.409","-0.644555","Elm Slope","NA
"
882,"Quercus robur","168657","494368","51.4091","-0.644582","Elm Slope","NA
"
883,"Quercus robur","168650","494357","51.409","-0.64474","Elm Slope","NA
"
884,"Quercus robur","168648","494354","51.409","-0.644781","Elm Slope","NA
"
885,"Quercus robur","168650","494351","51.409","-0.644823","Elm Slope","NA
"
886,"Quercus robur","168641","494356","51.409","-0.644761","Elm Slope","NA
"
887,"Quercus robur","168650","494353","51.409","-0.644792","Elm Slope","NA
"
888,"Quercus robur","168650","494355","51.409","-0.644766","Elm Slope","NA
"
889,"Quercus robur","168658","494361","51.4091","-0.644683","Elm Slope","veteran
"
890,"Quercus robur","168641","494349","51.409","-0.644855","Elm Slope","NA
"
891,"Quercus robur","168640","494345","51.409","-0.644911","Elm Slope","NA
"
892,"Quercus robur","168662","494341","51.4091","-0.644963","Elm Slope","NA
"
893,"Quercus robur","168655","494341","51.4091","-0.644962","Elm Slope","NA
"
894,"Quercus robur","168740","494425","51.4098","-0.643737","Elm Slope","NA
"
895,"Quercus robur","168650","494343","51.409","-0.644939","Elm Slope","NA
"
896,"Quercus robur","168616","494354","51.4087","-0.644797","Elm Slope","NA
"
897,"Quercus robur","168687","494408","51.4094","-0.644","Elm Slope","NA
"
898,"Quercus robur","168834","494363","51.4107","-0.644598","Gunnes's hill","NA
"
899,"Quercus robur","168942","494298","51.4117","-0.645503","Gunnes's hill","NA
"
900,"Quercus robur","169087","493994","51.413026","-0.649836","Mann's Copse","NA
"
901,"Quercus robur","169071","493939","51.4129","-0.650641","Mann's Copse","NA
"
902,"Quercus robur","169070","493946","51.4129","-0.65053","Mann's Copse","NA
"
903,"Quercus robur","169059","493930","51.4128","-0.650761","Mann's Copse","NA
"
904,"Quercus robur","169065","493928","51.4128","-0.650796","Mann's Copse","NA
"
905,"Quercus robur","169233","494033","51.4143","-0.649246","Farm Wood","NA
"
906,"Quercus robur","169236","494037","51.4144","-0.64918","Farm Wood","NA
"
907,"Quercus robur","168636","494336","51.4089","-0.645043","Elm Slope","NA
"
908,"Quercus robur","168884","494609","51.4111","-0.641052","Observatory Ridge","veteran
"
909,"Quercus robur","168895","494583","51.4112","-0.641439","Observatory Ridge","NA
"
910,"Quercus robur","168897","494590","51.4112","-0.641321","Observatory Ridge","NA
"
911,"Quercus robur","168908","494592","51.4113","-0.64129","Observatory Ridge","NA
"
912,"Quercus robur","168894","494582","51.4112","-0.641442","Observatory Ridge","NA
"
913,"Quercus robur","168888","494572","51.4111","-0.641578","Observatory Ridge","NA
"
914,"Quercus robur","168907","494571","51.4113","-0.641599","Observatory Ridge","NA
"
915,"Quercus robur","168914","494561","51.4114","-0.641736","Observatory Ridge","NA
"
916,"Quercus robur","168920","494563","51.4114","-0.6417","Observatory Ridge","NA
"
917,"Quercus robur","168925","494562","51.4115","-0.641714","Observatory Ridge","NA
"
918,"Quercus robur","168924","494566","51.4115","-0.641656","Observatory Ridge","NA
"
919,"Quercus robur","168929","494562","51.4115","-0.641711","Observatory Ridge","NA
"
920,"Quercus robur","168939","494569","51.4116","-0.641613","Observatory Ridge","NA
"
921,"Quercus robur","168941","494564","51.4116","-0.641679","Observatory Ridge","NA
"
922,"Quercus robur","168949","494573","51.4117","-0.641561","Observatory Ridge","NA
"
923,"Quercus robur","168949","494571","51.4117","-0.641587","Observatory Ridge","NA
"
924,"Quercus robur","168952","494575","51.4117","-0.641526","Observatory Ridge","NA
"
925,"Quercus robur","168958","494555","51.4118","-0.64181","Observatory Ridge","NA
"
926,"Quercus robur","168628","494341","51.4088","-0.644979","Elm Slope","NA
"
927,"Quercus robur","168623","494334","51.4088","-0.645072","Elm Slope","NA
"
928,"Quercus robur","168612","494335","51.4087","-0.645071","Elm Slope","NA
"
929,"Quercus robur","168610","494333","51.4087","-0.645092","Elm Slope","NA
"
930,"Quercus robur","168602","494337","51.4086","-0.645036","Elm Slope","NA
"
931,"Quercus robur","168612","494350","51.4087","-0.644848","Elm Slope","NA
"
932,"Quercus robur","168611","494357","51.4087","-0.644753","Elm Slope","NA
"
933,"Quercus robur","168611","494359","51.4087","-0.644715","Elm Slope","NA
"
934,"Quercus robur","168594","494361","51.4085","-0.644695","Elm Slope","NA
"
935,"Quercus robur","168593","494357","51.4085","-0.644747","Elm Slope","NA
"
936,"Quercus robur","168642","494299","51.409","-0.645572","Elm Slope","NA
"
937,"Quercus robur","168645","494300","51.409","-0.645565","Elm Slope","NA
"
938,"Quercus robur","168645","494299","51.409","-0.645578","Elm Slope","NA
"
939,"Quercus robur","168646","494295","51.409","-0.645634","Elm Slope","NA
"
940,"Quercus robur","168649","494296","51.409","-0.645618","Elm Slope","NA
"
941,"Quercus robur","168655","494301","51.4091","-0.645544","Elm Slope","NA
"
942,"Quercus robur","168663","494310","51.4092","-0.645409","Elm Slope","NA
"
943,"Quercus robur","168672","494309","51.4092","-0.64542","Elm Slope","NA
"
944,"Quercus robur","168918","494348","51.4114","-0.6448","Gunnes's hill","NA
"
945,"Quercus robur","168920","494326","51.4115","-0.645106","Gunnes's hill","NA
"
946,"Quercus robur","168925","494319","51.4115","-0.645216","Gunnes's hill","NA
"
947,"Quercus robur","168946","494298","51.4117","-0.645507","Gunnes's hill","NA
"
948,"Quercus robur","168950","494287","51.4117","-0.645671","Hell hill","NA
"
949,"Quercus robur","168951","494287","51.4118","-0.645666","Hell hill","NA
"
950,"Quercus robur","168860","494370","51.4109","-0.644503","Gunnes's hill","NA
"
951,"Quercus robur","168855","494373","51.4109","-0.64445","Gunnes's hill","NA
"
952,"Quercus robur","168682","494388","51.4093","-0.64429","Elm Slope","NA
"
953,"Quercus robur","168615","494369","51.4087","-0.644575","Elm Slope","NA
"
954,"other Quercus","168603","494368","51.4086","-0.644587","Elm Slope","NA
"
955,"Quercus robur","168686","494311","51.4094","-0.645395","Elm Slope","NA
"
956,"Quercus robur","168683","494298","51.4093","-0.645581","Elm Slope","veteran
"
957,"Quercus robur","168672","494329","51.4092","-0.64514","Elm Slope","NA
"
958,"Quercus robur","168668","494293","51.4092","-0.645655","Elm Slope","veteran
"
959,"Quercus robur","168922","494192","51.4115","-0.647042","Gunnes's thicket","veteran
"
960,"Quercus robur","168961","494186","51.4119","-0.647109","Gunnes's thicket","NA
"
961,"Quercus robur","168953","494180","51.4118","-0.647202","Gunnes's thicket","NA
"
962,"Quercus robur","168949","494183","51.4118","-0.647158","Gunnes's thicket","NA
"
963,"Quercus robur","168956","494173","51.4118","-0.647299","Gunnes's thicket","NA
"
964,"Quercus robur","168971","494166","51.412","-0.647395","Gunnes's thicket","veteran
"
965,"Quercus robur","168971","494178","51.4119","-0.647232","Gunnes's thicket","NA
"
966,"Quercus robur","168979","494187","51.412","-0.647094","Gunnes's thicket","NA
"
967,"Quercus robur","168983","494162","51.4121","-0.647446","Gunnes's thicket","NA
"
968,"Quercus robur","168973","494142","51.412","-0.647742","Gunnes's thicket","NA
"
969,"Quercus robur","169020","494101","51.4124","-0.648314","Gunnes's thicket","NA
"
970,"Quercus robur","169034","494099","51.4125","-0.648347","Gunnes's thicket","NA
"
971,"Quercus robur","169030","494097","51.4125","-0.648379","Gunnes's thicket","NA
"
972,"Quercus robur","169031","494093","51.4125","-0.648428","Gunnes's thicket","NA
"
973,"Quercus robur","169034","494083","51.4125","-0.648576","Gunnes's thicket","NA
"
974,"Quercus robur","169009","494096","51.4123","-0.648401","Gunnes's thicket","NA
"
975,"Quercus robur","169014","494086","51.4123","-0.648535","Gunnes's thicket","NA
"
976,"Quercus robur","169017","494095","51.4124","-0.648412","Gunnes's thicket","NA
"
977,"Quercus robur","169026","494093","51.4125","-0.648436","Gunnes's thicket","NA
"
978,"Quercus robur","169025","494094","51.4124","-0.648415","Gunnes's thicket","NA
"
979,"Quercus robur","169031","494097","51.4125","-0.648381","Gunnes's thicket","NA
"
980,"Quercus robur","169046","494084","51.4126","-0.648563","Gunnes's thicket","NA
"
981,"Quercus robur","169035","494096","51.4125","-0.648392","Gunnes's thicket","NA
"
982,"Quercus robur","169045","494077","51.4126","-0.648655","Gunnes's thicket","NA
"
983,"Quercus robur","169045","494072","51.4126","-0.648727","Gunnes's thicket","oak4
"
984,"Quercus robur","168961","493773","51.4119","-0.653056","Mann's Copse","NA
"
985,"Quercus robur","168996","493817","51.4122","-0.652411","Mann's Copse","NA
"
986,"Quercus robur","168994","493816","51.4122","-0.652419","Mann's Copse","NA
"
987,"Quercus robur","168999","493821","51.4123","-0.652347","Mann's Copse","NA
"
988,"Quercus robur","168996","493823","51.4122","-0.652318","Mann's Copse","NA
"
989,"Quercus robur","168993","493821","51.4122","-0.652348","Mann's Copse","NA
"
990,"Quercus robur","169008","493815","51.4123","-0.652434","Mann's Copse","NA
"
991,"Quercus robur","168737","494416","51.4098","-0.64386","Gunnes's hill","NA
"
992,"Quercus robur","168767","494405","51.4101","-0.644017","Gunnes's hill","NA
"
993,"Quercus robur","168767","494404","51.4101","-0.644031","Gunnes's hill","NA
"
994,"Quercus robur","168726","494419","51.4097","-0.643825","Gunnes's hill","NA
"
995,"Quercus robur","168663","494318","51.4092","-0.645296","Elm Slope","NA
"
996,"Quercus robur","168663","494321","51.4092","-0.64525","Elm Slope","NA
"
997,"Quercus robur","168660","494323","51.4091","-0.645221","Elm Slope","NA
"
998,"Quercus robur","168657","494329","51.4091","-0.64514","Elm Slope","NA
"
999,"Quercus robur","168664","494334","51.4092","-0.645069","Elm Slope","NA
"
1000,"Quercus robur","168664","494334","51.4092","-0.645059","Elm Slope","NA
"
1001,"Quercus robur","168668","494328","51.4092","-0.645148","Elm Slope","NA
"
1002,"Quercus robur","168669","494324","51.4092","-0.64521","Elm Slope","NA
"
1003,"Quercus robur","168672","494343","51.4092","-0.64494","Elm Slope","NA
"
1004,"Quercus robur","168664","494344","51.4092","-0.64492","Elm Slope","NA
"
1005,"Quercus robur","168663","494343","51.4091","-0.644941","Elm Slope","NA
"
1006,"Quercus robur","168670","494342","51.4092","-0.644945","Gunnes's hill","NA
"
1007,"Quercus robur","168675","494342","51.4093","-0.644941","Gunnes's hill","NA
"
1008,"Quercus robur","168676","494347","51.4093","-0.644875","Elm Slope","NA
"
1009,"Quercus robur","168672","494355","51.4092","-0.644767","Elm Slope","NA
"
1010,"Quercus robur","168675","494358","51.4093","-0.644718","Elm Slope","NA
"
1011,"Quercus robur","168669","494355","51.4092","-0.64476","Elm Slope","NA
"
1012,"Quercus robur","168673","494359","51.4092","-0.644701","Elm Slope","NA
"
1013,"Quercus robur","168668","494366","51.4092","-0.644605","Elm Slope","NA
"
1014,"Quercus robur","168676","494361","51.4093","-0.644681","Elm Slope","NA
"
1015,"Quercus robur","168678","494359","51.4093","-0.644696","Elm Slope","NA
"
1016,"Quercus robur","168674","494364","51.4093","-0.644638","Elm Slope","NA
"
1017,"Quercus robur","168675","494362","51.4093","-0.644667","Elm Slope","NA
"
1018,"Quercus robur","168676","494336","51.4093","-0.645029","Elm Slope","NA
"
1019,"Quercus robur","168677","494316","51.4093","-0.645323","Elm Slope","NA
"
1020,"Quercus robur","168674","494314","51.4093","-0.645343","Elm Slope","NA
"
1021,"Quercus robur","168687","494305","51.4094","-0.645482","Elm Slope","veteran
"
1022,"Quercus robur","168687","494299","51.4094","-0.645555","Elm Slope","NA
"
1023,"Quercus robur","168672","494284","51.4092","-0.645786","Elm Slope","NA
"
1024,"Quercus robur","168677","494271","51.4093","-0.645963","Elm Slope","veteran
"
1025,"Quercus robur","169327","494124","51.4152","-0.647907","Cheapside Field","NA
"
1026,"Quercus robur","169329","494119","51.4152","-0.647982","Cheapside Field","NA
"
1027,"Quercus robur","169334","494114","51.4152","-0.648049","Cheapside Field","NA
"
1028,"Quercus robur","169344","494118","51.4153","-0.647991","Cheapside Field","NA
"
1029,"Quercus robur","169347","494120","51.4153","-0.647962","Cheapside Field","NA
"
1030,"Quercus robur","169356","494114","51.4154","-0.648043","Cheapside Field","NA
"
1031,"Quercus robur","169355","494111","51.4154","-0.648087","Cheapside Field","NA
"
1032,"Quercus robur","169363","494106","51.4155","-0.648164","Cheapside Field","NA
"
1033,"Quercus robur","169365","494103","51.4155","-0.648203","Cheapside Field","NA
"
1034,"Quercus robur","169376","494135","51.4156","-0.647732","Cheapside Field","NA
"
1035,"Quercus robur","169379","494132","51.4156","-0.64778","Cheapside Field","NA
"
1036,"Quercus robur","169371","494136","51.4156","-0.647717","Cheapside Field","NA
"
1037,"Quercus robur","169379","494144","51.4156","-0.647611","Cheapside Field","NA
"
1038,"Quercus robur","169380","494148","51.4156","-0.647545","Cheapside Field","NA
"
1039,"Quercus robur","169391","494158","51.4157","-0.647407","Cheapside Field","NA
"
1040,"Quercus robur","169390","494162","51.4157","-0.647339","Cheapside Field","NA
"
1041,"Quercus robur","169384","494179","51.4157","-0.647096","Cheapside Field","NA
"
1042,"Quercus robur","169389","494181","51.4157","-0.647072","Cheapside Field","NA
"
1043,"Quercus robur","169394","493940","51.4158","-0.65053","Pound Hill Field","NA
"
1044,"Quercus robur","169391","493973","51.4158","-0.65006","Pound Hill Field","NA
"
1045,"Quercus robur","169395","493973","51.4158","-0.650067","Pound Hill Field","NA
"
1046,"Quercus robur","169405","493925","51.4159","-0.650745","Pound Hill Field","NA
"
1047,"Quercus robur","169390","493958","51.4157","-0.650278","Pound Hill Field","NA
"
1048,"Quercus robur","169397","493959","51.4158","-0.650258","Pound Hill Field","NA
"
1049,"Quercus robur","169300","493913","51.415","-0.650948","Farm Wood","NA
"
1050,"Quercus robur","169301","493917","51.415","-0.650892","Farm Wood","NA
"
1051,"Quercus robur","169291","493890","51.4149","-0.651285","Farm Wood","NA
"
1052,"Quercus robur","169270","493876","51.4147","-0.651495","Farm Wood","NA
"
1053,"Quercus robur","169276","493863","51.4147","-0.651679","Farm Wood","NA
"
1054,"Quercus robur","169232","493923","51.4143","-0.650821","Farm Wood","NA
"
1055,"Quercus robur","169237","493937","51.4144","-0.650621","Farm Wood","NA
"
1056,"Quercus robur","169237","493943","51.4144","-0.65053","Farm Wood","NA
"
1057,"Quercus robur","169233","493937","51.4143","-0.650619","Farm Wood","NA
"
1058,"Quercus robur","168757","494401","51.41","-0.644074","Gunnes's hill","NA
"
1059,"Quercus robur","168762","494397","51.41","-0.644138","Gunnes's hill","NA
"
1060,"Quercus robur","168768","494397","51.4101","-0.644139","Gunnes's hill","NA
"
1061,"Quercus robur","168762","494398","51.41","-0.644113","Gunnes's hill","NA
"
1062,"Quercus robur","168779","494390","51.4102","-0.644224","Gunnes's hill","NA
"
1063,"Quercus robur","168767","494380","51.4101","-0.644384","Gunnes's hill","NA
"
1064,"Quercus robur","168784","494391","51.4102","-0.644214","Gunnes's hill","NA
"
1065,"Quercus robur","168771","494408","51.4101","-0.643968","Gunnes's hill","veteran
"
1066,"Quercus robur","168783","494388","51.4102","-0.644252","Gunnes's hill","NA
"
1067,"Quercus robur","168785","494386","51.4102","-0.644285","Gunnes's hill","NA
"
1068,"Quercus robur","168786","494386","51.4102","-0.644291","Gunnes's hill","NA
"
1069,"Quercus robur","168772","494378","51.4101","-0.644409","Gunnes's hill","NA
"
1070,"Quercus robur","168793","494376","51.4103","-0.644422","Gunnes's hill","veteran
"
1071,"Quercus robur","168793","494393","51.4103","-0.644184","Gunnes's hill","oak5; veteran
"
1072,"Quercus robur","168803","494398","51.4104","-0.644114","Gunnes's hill","NA
"
1073,"Quercus robur","168796","494404","51.4103","-0.644021","Gunnes's hill","oak6
"
1074,"Quercus robur","168801","494367","51.4104","-0.644552","Gunnes's hill","veteran
"
1075,"Quercus robur","168772","494333","51.4101","-0.645047","Elm Slope","NA
"
1076,"Quercus robur","168778","494333","51.4102","-0.645049","Elm Slope","NA
"
1077,"Quercus robur","168775","494323","51.4102","-0.645191","Elm Slope","NA
"
1078,"Quercus robur","168765","494335","51.4101","-0.645021","Elm Slope","NA
"
1079,"Quercus robur","168764","494330","51.4101","-0.645096","Elm Slope","NA
"
1080,"Quercus robur","168755","494330","51.41","-0.645096","Elm Slope","NA
"
1081,"Quercus robur","168753","494327","51.41","-0.645149","Elm Slope","NA
"
1082,"Quercus robur","168751","494315","51.41","-0.645314","Elm Slope","NA
"
1083,"Quercus robur","168761","494314","51.41","-0.645326","Elm Slope","NA
"
1084,"Quercus robur","168758","494311","51.41","-0.645366","Elm Slope","NA
"
1085,"Quercus robur","168772","494305","51.4101","-0.645455","Elm Slope","NA
"
1086,"Quercus robur","168762","494305","51.4101","-0.645449","Elm Slope","NA
"
1087,"Quercus robur","168770","494291","51.4101","-0.645654","Elm Slope","veteran
"
1088,"Quercus robur","168770","494288","51.4101","-0.645705","Elm Slope","NA
"
1089,"Quercus robur","168779","494293","51.4102","-0.645618","Elm Slope","NA
"
1090,"Quercus robur","168776","494291","51.4102","-0.645651","Elm Slope","NA
"
1091,"Quercus robur","168777","494290","51.4102","-0.645674","Elm Slope","NA
"
1092,"Quercus robur","168777","494281","51.4102","-0.645792","Elm Slope","NA
"
1093,"Quercus robur","168987","493755","51.4122","-0.6533","Mann's Copse","NA
"
1094,"Quercus robur","169004","493758","51.4123","-0.653256","Mann's Copse","NA
"
1095,"Quercus robur","169008","493763","51.4123","-0.65318","Mann's Copse","NA
"
1096,"Quercus robur","168998","493787","51.412259","-0.652839","Mann's Copse","NA
"
1097,"Quercus robur","169018","493759","51.4124","-0.653235","Mann's Copse","NA
"
1098,"Quercus robur","169040","493759","51.4126","-0.653235","Mann's Copse","NA
"
1099,"Quercus robur","169044","493784","51.4127","-0.652869","Mann's Copse","NA
"
1100,"Quercus robur","169039","493790","51.4126","-0.652791","Mann's Copse","NA
"
1101,"Quercus robur","169049","493802","51.4127","-0.65261","Mann's Copse","veteran
"
1102,"Quercus robur","169073","493748","51.4129","-0.653378","Mann's Copse","NA
"
1103,"Quercus robur","169077","493743","51.413","-0.653454","Mann's Copse","NA
"
1104,"Quercus robur","169094","493744","51.4131","-0.653425","Mann's Copse","NA
"
1105,"Quercus robur","169080","493737","51.413","-0.653533","Mann's Copse","NA
"
1106,"Quercus robur","168951","493750","51.4118","-0.653386","Mann's Copse","NA
"
1107,"Quercus robur","168950","493750","51.4118","-0.653385","Mann's Copse","NA
"
1108,"Quercus robur","168935","493753","51.4117","-0.653345","Mann's Copse","NA
"
1109,"Quercus robur","169052","493740","51.4128","-0.653495","Mann's Copse","NA
"
1110,"Quercus robur","169058","493730","51.4128","-0.653644","Mann's Copse","NA
"
1111,"Quercus robur","169072","493734","51.4129","-0.653581","Mann's Copse","NA
"
1112,"Quercus robur","169080","493727","51.413","-0.653678","Mann's Copse","NA
"
1113,"Quercus robur","169086","493746","51.4131","-0.653404","Mann's Copse","NA
"
1114,"Quercus robur","169123","493772","51.4134","-0.653022","Mann's Copse","NA
"
1115,"Quercus robur","169134","493766","51.4135","-0.653104","Mann's Copse","veteran
"
1116,"Quercus robur","169057","493791","51.4128","-0.652763","Mann's Copse","NA
"
1117,"Quercus robur","169342","494124","51.4153","-0.647899","Cheapside Field","NA
"
1118,"Quercus robur","169356","494091","51.4154","-0.648374","Cheapside Field","NA
"
1119,"Quercus robur","169359","494082","51.4154","-0.648508","Cheapside Field","NA
"
1120,"Quercus robur","169360","494071","51.4155","-0.648661","Cheapside Field","NA
"
1121,"Quercus robur","169363","494143","51.4155","-0.64762","Cheapside Field","NA
"
1122,"Quercus robur","168791","494300","51.4103","-0.645517","Elm Slope","NA
"
1123,"Quercus robur","168789","494305","51.4103","-0.64545","Elm Slope","NA
"
1124,"Quercus robur","168784","494307","51.4102","-0.645428","Elm Slope","NA
"
1125,"Quercus robur","168785","494306","51.4103","-0.645437","Elm Slope","NA
"
1126,"Quercus robur","168780","494308","51.4102","-0.645408","Elm Slope","NA
"
1127,"Quercus robur","168777","494312","51.4102","-0.645354","Elm Slope","NA
"
1128,"Quercus robur","168778","494300","51.4102","-0.645518","Elm Slope","NA
"
1129,"Quercus robur","168764","494321","51.4101","-0.645221","Elm Slope","NA
"
1130,"Quercus robur","168799","494301","51.4104","-0.645497","Gunnes's hill","NA
"
1131,"Quercus robur","168799","494300","51.4104","-0.645523","Gunnes's hill","NA
"
1132,"Quercus robur","168799","494300","51.4104","-0.645515","Gunnes's hill","NA
"
1133,"Quercus robur","168808","494300","51.4105","-0.64552","Gunnes's hill","NA
"
1134,"Quercus robur","168815","494294","51.4105","-0.645601","Gunnes's hill","NA
"
1135,"Quercus robur","168815","494294","51.4105","-0.645601","Gunnes's hill","NA
"
1136,"Quercus robur","168812","494294","51.4105","-0.645602","Gunnes's hill","NA
"
1137,"Quercus robur","168815","494294","51.4105","-0.645603","Gunnes's hill","NA
"
1138,"Quercus robur","168815","494293","51.4105","-0.645609","Gunnes's hill","NA
"
1139,"Quercus robur","168811","494291","51.4105","-0.645648","Gunnes's hill","NA
"
1140,"other Quercus","NULL","NULL","NULL","NULL","Gunnes's hill","NA
"
1141,"Quercus robur","168806","494277","51.4104","-0.645851","Gunnes's hill","veteran
"
1142,"Quercus robur","168783","494262","51.4102","-0.646063","Gunnes's hill","NA
"
1143,"Quercus robur","168789","494272","51.4103","-0.645926","Gunnes's hill","NA
"
1144,"Quercus robur","168791","494284","51.4103","-0.645749","Gunnes's hill","veteran
"
1145,"Quercus robur","169363","494079","51.4155","-0.648544","Cheapside Field","NA
"
1146,"Quercus robur","169361","494084","51.4155","-0.648474","Cheapside Field","NA
"
1147,"Quercus robur","169366","494090","51.4155","-0.648388","Cheapside Field","NA
"
1148,"Quercus robur","169359","494097","51.4155","-0.648292","Cheapside Field","NA
"
1149,"Quercus robur","169358","494104","51.4154","-0.648181","Cheapside Field","NA
"
1150,"Quercus robur","169333","494124","51.4152","-0.6479","Cheapside Field","NA
"
1151,"Quercus robur","169314","493692","51.4151","-0.654129","Pound Hill Field","NA
"
1152,"Quercus robur","169315","493692","51.4151","-0.654123","Pound Hill Field","NA
"
1153,"Quercus robur","169324","493695","51.4152","-0.654074","Pound Hill Field","NA
"
1154,"Quercus robur","169324","493698","51.4152","-0.654028","Pound Hill Field","NA
"
1155,"Quercus robur","169329","493698","51.4152","-0.654036","Pound Hill Field","NA
"
1156,"Quercus robur","169331","493701","51.4153","-0.653989","Pound Hill Field","NA
"
1157,"Quercus robur","169330","493700","51.4153","-0.653997","Pound Hill Field","NA
"
1158,"Quercus robur","169329","493681","51.4152","-0.654271","Pound Hill Field","NA
"
1159,"Quercus robur","169363","493722","51.4156","-0.653674","Pound Hill Field","NA
"
1160,"Quercus robur","169360","493714","51.4155","-0.653797","Pound Hill Field","NA
"
1161,"Quercus robur","169386","493729","51.4158","-0.653565","Pound Hill Field","NA
"
1162,"Quercus robur","169416","493795","51.416","-0.652614","Pound Hill Field","NA
"
1163,"Quercus robur","169423","493814","51.4161","-0.652336","Pound Hill Field","NA
"
1164,"Quercus robur","169426","493820","51.4161","-0.652258","Pound Hill Field","NA
"
1165,"Quercus robur","169427","493818","51.4161","-0.65228","Pound Hill Field","NA
"
1166,"Quercus robur","169424","493833","51.4161","-0.65206","Pound Hill Field","NA
"
1167,"Quercus robur","169439","493846","51.4162","-0.651872","Pound Hill Field","NA
"
1168,"Quercus robur","169417","493848","51.416","-0.651849","Pound Hill Field","NA
"
1169,"Quercus robur","168871","494382","51.411","-0.64432","Gunnes's hill","oak11; veteran
"
1170,"Quercus robur","168882","494393","51.4111","-0.644164","Gunnes's hill","NA
"
1171,"Quercus robur","168895","494279","51.4113","-0.645801","Gunnes's hill","veteran
"
1172,"Quercus robur","168764","494343","51.4101","-0.644915","Elm Slope","veteran
"
1173,"Quercus robur","168765","494329","51.4101","-0.645106","Elm Slope","NA
"
1174,"Quercus robur","168768","494303","51.4101","-0.645483","Elm Slope","NA
"
1175,"Quercus robur","168759","494305","51.41","-0.64545","Elm Slope","NA
"
1176,"Quercus robur","168780","494295","51.4102","-0.645598","Elm Slope","NA
"
1177,"Quercus robur","168793","494266","51.4103","-0.646004","Gunnes's hill","NA
"
1178,"Quercus robur","168803","494265","51.4104","-0.646014","Gunnes's hill","veteran
"
1179,"Quercus robur","168817","494275","51.4105","-0.645868","Gunnes's hill","veteran
"
1180,"Quercus robur","168752","494326","51.41","-0.645157","Elm Slope","NA
"
1181,"Quercus robur","168742","494342","51.4099","-0.644928","Elm Slope","NA
"
1182,"Quercus robur","168730","494343","51.4098","-0.644912","Elm Slope","veteran
"
1183,"Quercus robur","168722","494331","51.4097","-0.645087","Elm Slope","NA
"
1184,"Quercus robur","168691","494339","51.4094","-0.644989","Elm Slope","veteran
"
1185,"Quercus robur","168681","494320","51.4093","-0.645259","Elm Slope","NA
"
1186,"Quercus robur","168661","494313","51.4091","-0.645369","Elm Slope","NA
"
1187,"Quercus robur","168648","494317","51.409","-0.645313","Elm Slope","veteran
"
1188,"Quercus robur","168650","494340","51.409","-0.644979","Elm Slope","NA
"
1189,"Quercus robur","168797","494281","51.4104","-0.645787","Gunnes's hill","veteran
"
1190,"Quercus robur","168720","494392","51.4097","-0.644209","Elm Slope","NA
"
1191,"Quercus robur","168721","494388","51.4097","-0.644267","Elm Slope","NA
"
1192,"Quercus robur","168738","494418","51.4098","-0.643838","Gunnes's hill","NA
"
1193,"Quercus robur","168728","494385","51.4097","-0.64431","Elm Slope","NA
"
1194,"Quercus robur","168729","494385","51.4097","-0.644316","Elm Slope","NA
"
1195,"Quercus robur","168750","494380","51.4099","-0.644375","Elm Slope","NA
"
1196,"Quercus robur","168758","494386","51.41","-0.644292","Elm Slope","NA
"
1197,"Quercus robur","168758","494380","51.41","-0.644378","Elm Slope","NA
"
1198,"Quercus robur","168753","494388","51.41","-0.644258","Elm Slope","NA
"
1199,"Quercus robur","168849","494362","51.4108","-0.644611","Gunnes's hill","NA
"
1200,"Quercus robur","168847","494379","51.4108","-0.64437","Gunnes's hill","NA
"
1201,"Quercus robur","168848","494364","51.4108","-0.644589","Gunnes's hill","NA
"
1202,"Quercus robur","168838","494375","51.4107","-0.644434","Gunnes's hill","NA
"
1203,"Quercus robur","168853","494371","51.4109","-0.644488","Gunnes's hill","NA
"
1204,"Quercus robur","168883","494396","51.4111","-0.644116","Gunnes's hill","oak12
"
1205,"Quercus robur","168887","494395","51.4112","-0.644134","Gunnes's hill","NA
"
1206,"Quercus robur","168893","494384","51.4112","-0.64429","Gunnes's hill","NA
"
1207,"Quercus robur","168885","494374","51.4111","-0.644434","Gunnes's hill","NA
"
1208,"Quercus robur","168885","494378","51.4111","-0.644377","Gunnes's hill","NA
"
1209,"Quercus robur","168921","494382","51.4114","-0.644307","Gunnes's hill","oak23
"
1210,"Quercus robur","168926","494376","51.4115","-0.644398","Gunnes's hill","NA
"
1211,"Quercus robur","168937","494390","51.4116","-0.644192","Gunnes's hill","oak22; veteran
"
1212,"Quercus robur","168806","494293","51.4104","-0.645614","Gunnes's hill","NA
"
1213,"Quercus robur","168926","494403","51.4115","-0.644003","Gunnes's hill","NA
"
1214,"Quercus robur","168926","494406","51.4115","-0.643956","Gunnes's hill","Tree core project
"
1215,"Quercus robur","168925","494405","51.4115","-0.643972","Gunnes's hill","Tree core project
"
1216,"Quercus robur","168926","494404","51.4115","-0.643991","Gunnes's hill","Tree core project
"
1217,"Quercus robur","168922","494408","51.4115","-0.643937","Gunnes's hill","NA
"
1218,"Quercus robur","168921","494406","51.4115","-0.643968","Gunnes's hill","Tree core project
"
1219,"Quercus robur","168927","494404","51.4115","-0.643993","Gunnes's hill","NA
"
1220,"Quercus robur","168920","494406","51.4114","-0.643959","Gunnes's hill","NA
"
1221,"Quercus robur","168920","494406","51.4114","-0.643963","Gunnes's hill","NA
"
1222,"Quercus robur","168920","494406","51.4114","-0.643963","Gunnes's hill","NA
"
1223,"Quercus robur","168920","494406","51.4114","-0.643963","Gunnes's hill","NA
"
1224,"Quercus robur","168920","494410","51.4115","-0.643909","Gunnes's hill","NA
"
1225,"Quercus robur","168919","494410","51.4115","-0.643909","Gunnes's hill","NA
"
1226,"Quercus robur","168920","494413","51.4115","-0.643864","Gunnes's hill","NA
"
1227,"Quercus robur","168920","494413","51.4115","-0.643864","Gunnes's hill","NA
"
1228,"Quercus robur","168920","494413","51.4115","-0.643864","Gunnes's hill","NA
"
1229,"Quercus robur","168920","494413","51.4115","-0.643864","Gunnes's hill","NA
"
1230,"Quercus robur","168920","494412","51.4114","-0.643875","Gunnes's hill","NA
"
1231,"Quercus robur","168910","494415","51.4114","-0.643835","Gunnes's hill","NA
"
1232,"Quercus robur","168920","494412","51.4114","-0.643875","Gunnes's hill","veteran
"
1233,"Quercus robur","168907","494430","51.4113","-0.643624","Gunnes's hill","NA
"
1234,"Quercus robur","168921","494412","51.4115","-0.643869","Gunnes's hill","NA
"
1235,"Quercus robur","168907","494430","51.4113","-0.643624","Gunnes's hill","NA
"
1236,"Quercus robur","168879","494370","51.4111","-0.644495","Gunnes's hill","veteran
"
1237,"Quercus robur","168857","494376","51.4109","-0.644405","Gunnes's hill","NA
"
1238,"Quercus robur","168851","494291","51.4109","-0.645634","Gunnes's hill","burned tree; veteran
"
1239,"Quercus robur","168811","494367","51.4105","-0.644552","Gunnes's hill","NA
"
1240,"Quercus robur","168920","494410","51.4115","-0.643909","Gunnes's hill","NA
"
1241,"other Quercus","168907","494430","51.4113","-0.643624","Gunnes's hill","NA
"
1242,"Quercus robur","168923","494413","51.4115","-0.643863","Gunnes's hill","Tree core project
"
1243,"Quercus robur","168925","494412","51.4115","-0.643876","Gunnes's hill","Tree core project
"
1244,"Quercus robur","168924","494412","51.4115","-0.643872","Gunnes's hill","Tree core project
"
1245,"Quercus robur","168930","494413","51.4115","-0.643865","Gunnes's hill","NA
"
1246,"Quercus robur","168930","494420","51.4115","-0.643755","Gunnes's hill","NA
"
1247,"Quercus robur","168932","494409","51.4116","-0.64392","Gunnes's hill","Tree core project
"
1248,"Quercus robur","168936","494410","51.4116","-0.643897","Gunnes's hill","NA
"
1249,"Quercus robur","168934","494425","51.4116","-0.643692","Gunnes's hill","NA
"
1250,"Quercus robur","168936","494424","51.4116","-0.643692","Gunnes's hill","NA
"
1251,"Quercus robur","168937","494418","51.4116","-0.643781","Gunnes's hill","NA
"
1252,"Quercus robur","168938","494422","51.4116","-0.643724","Gunnes's hill","NA
"
1253,"Quercus robur","168940","494420","51.4116","-0.64375","Gunnes's hill","NA
"
1254,"Quercus robur","168943","494417","51.4117","-0.643793","Gunnes's hill","NA
"
1255,"Quercus robur","168943","494420","51.4117","-0.643753","Gunnes's hill","NA
"
1256,"Quercus robur","168947","494425","51.4117","-0.643676","Gunnes's hill","NA
"
1257,"Quercus robur","168947","494426","51.4117","-0.643664","Gunnes's hill","NA
"
1258,"Quercus robur","168947","494422","51.4117","-0.643722","Gunnes's hill","NA
"
1259,"Quercus robur","168949","494421","51.4117","-0.643744","Gunnes's hill","NA
"
1260,"Quercus robur","168947","494417","51.4117","-0.643799","Gunnes's hill","NA
"
1261,"Quercus robur","168947","494418","51.4117","-0.643787","Gunnes's hill","NA
"
1262,"Quercus robur","168945","494411","51.4117","-0.643888","Gunnes's hill","NA
"
1263,"Quercus robur","168945","494412","51.4117","-0.643875","Gunnes's hill","NA
"
1264,"Quercus robur","168942","494410","51.4116","-0.643898","Gunnes's hill","NA
"
1265,"Quercus robur","168940","494414","51.4116","-0.643849","Gunnes's hill","NA
"
1266,"Quercus robur","168925","494410","51.4115","-0.64391","Gunnes's hill","NA
"
1267,"Quercus robur","168948","494409","51.4117","-0.643914","Gunnes's hill","NA
"
1268,"Quercus robur","168948","494414","51.4117","-0.643847","Gunnes's hill","NA
"
1269,"Quercus robur","168950","494408","51.4117","-0.643924","Gunnes's hill","NA
"
1270,"Quercus robur","168947","494410","51.4117","-0.643891","Gunnes's hill","NA
"
1271,"Quercus robur","168938","494408","51.4116","-0.643932","Gunnes's hill","NA
"
1272,"Quercus robur","168946","494405","51.4117","-0.643974","Gunnes's hill","NA
"
1273,"Quercus robur","168927","494405","51.4115","-0.643982","Gunnes's hill","appear as dead in 2016
"
1274,"Quercus robur","168782","494274","51.4102","-0.645903","Gunnes's hill","NA
"
1275,"Quercus robur","168786","494237","51.4103","-0.646422","Gunnes's hill","veteran
"
1276,"Quercus robur","168787","494236","51.4103","-0.646441","Gunnes's hill","NA
"
1277,"Quercus robur","168861","494225","51.411","-0.646576","Gunnes's hill","veteran
"
1278,"other Quercus","168869","494254","51.411","-0.646164","Gunnes's hill","NA
"
1279,"Quercus robur","168900","494243","51.4113","-0.646306","Gunnes's hill","NA
"
1280,"Quercus robur","168918","494230","51.4115","-0.646492","Gunnes's hill","veteran
"
1281,"Quercus robur","168917","494250","51.4115","-0.64621","Gunnes's hill","NA
"
1282,"Quercus robur","168921","494253","51.4115","-0.646164","Gunnes's hill","NA
"
1283,"Quercus robur","168919","494252","51.4115","-0.64618","Gunnes's hill","NA
"
1284,"Quercus robur","168916","494268","51.4114","-0.645953","Gunnes's hill","NA
"
1285,"Quercus robur","168922","494268","51.4115","-0.645951","Gunnes's hill","NA
"
1286,"Quercus robur","168923","494271","51.4115","-0.645901","Gunnes's hill","NA
"
1287,"Quercus robur","168921","494274","51.4115","-0.645857","Gunnes's hill","NA
"
1288,"Quercus robur","168922","494268","51.4115","-0.645947","Gunnes's hill","NA
"
1289,"Quercus robur","168913","494269","51.4114","-0.64593","Gunnes's hill","NA
"
1290,"Quercus robur","168914","494271","51.4114","-0.645903","Gunnes's hill","NA
"
1291,"Quercus robur","168915","494267","51.4114","-0.645957","Gunnes's hill","NA
"
1292,"Quercus robur","168917","494274","51.4114","-0.645865","Gunnes's hill","NA
"
1293,"Quercus robur","168914","494273","51.4114","-0.645875","Gunnes's hill","NA
"
1294,"Quercus robur","168919","494276","51.4115","-0.645829","Gunnes's hill","NA
"
1295,"Quercus robur","168915","494279","51.4114","-0.645782","Gunnes's hill","NA
"
1296,"Quercus robur","168915","494280","51.4114","-0.645778","Gunnes's hill","NA
"
1297,"Quercus robur","168924","494277","51.4115","-0.645822","Gunnes's hill","NA
"
1298,"Quercus robur","168928","494274","51.4115","-0.64586","Gunnes's hill","NA
"
1299,"Quercus robur","168933","494273","51.4116","-0.645866","Gunnes's hill","NA
"
1300,"Quercus robur","168931","494267","51.4116","-0.645957","Gunnes's hill","NA
"
1301,"other Quercus","NULL","NULL","NULL","NULL","Gunnes's hill","NA
"
1302,"other Quercus","168948","494284","51.4117","-0.645705","Gunnes's hill","NA
"
1303,"Quercus robur","168933","494270","51.4116","-0.645913","Gunnes's hill","NA
"
1304,"Quercus robur","168939","494276","51.4116","-0.645827","Gunnes's hill","NA
"
1305,"Quercus robur","168943","494279","51.4117","-0.645779","Gunnes's hill","NA
"
1306,"Quercus robur","168953","494279","51.4118","-0.645784","Gunnes's hill","NA
"
1307,"Quercus robur","168950","494288","51.4117","-0.64565","Hell hill","NA
"
1308,"Quercus robur","168956","494288","51.4118","-0.645654","Hell hill","NA
"
1309,"Quercus robur","168965","494285","51.4119","-0.645689","Hell hill","NA
"
1310,"Quercus robur","168968","494286","51.4119","-0.645671","Hell hill","NA
"
1311,"Quercus robur","169002","494256","51.4122","-0.646102","Hell hill","NA
"
1312,"Quercus robur","169025","494238","51.4124","-0.646345","Hell hill","NA
"
1313,"Quercus robur","169033","494233","51.4125","-0.646422","Hell hill","NA
"
1314,"Quercus robur","169037","494230","51.4125","-0.646466","Hell hill","NA
"
1315,"other Quercus","169086","494258","51.413","-0.646039","Hell hill","NA
"
1316,"Quercus robur","169091","494273","51.413","-0.645835","Hell hill","NA
"
1317,"Quercus robur","169091","494272","51.413","-0.645849","Hell hill","NA
"
1318,"Quercus robur","168937","494379","51.4116","-0.64434","Gunnes's hill","NA
"
1319,"Quercus robur","168943","494377","51.4117","-0.644369","Gunnes's hill","NA
"
1320,"Quercus robur","168925","494360","51.4115","-0.644617","Gunnes's hill","veteran
"
1321,"Quercus robur","168932","494346","51.4116","-0.644817","Gunnes's hill","NA
"
1322,"Quercus robur","168929","494341","51.4115","-0.6449","Gunnes's hill","NA
"
1323,"Quercus robur","168930","494343","51.4116","-0.644871","Gunnes's hill","NA
"
1324,"Quercus robur","168917","494336","51.4114","-0.644971","Gunnes's hill","NA
"
1325,"Quercus robur","168936","494329","51.4116","-0.645063","Gunnes's hill","NA
"
1326,"Quercus robur","168928","494721","51.4115","-0.639429","Observatory Copse","NA
"
1327,"Quercus robur","168939","494728","51.4116","-0.639322","Observatory Copse","veteran
"
1328,"Quercus robur","168937","494679","51.4116","-0.640028","Observatory Copse","NA
"
1329,"Quercus robur","168936","494682","51.4116","-0.639993","Observatory Copse","NA
"
1330,"other Quercus","168950","494687","51.4117","-0.639911","Observatory Copse","NA
"
1331,"Quercus robur","169037","494617","51.4125","-0.640903","Merten's Acres","NA
"
1332,"Quercus robur","169035","494616","51.4125","-0.640916","Merten's Acres","NA
"
1333,"Quercus robur","169036","494612","51.4125","-0.640972","Merten's Acres","NA
"
1334,"Quercus robur","169038","494614","51.4125","-0.640942","Merten's Acres","NA
"
1335,"Quercus robur","169039","494608","51.4125","-0.641022","Merten's Acres","NA
"
1336,"Quercus robur","169038","494618","51.4125","-0.640881","Merten's Acres","NA
"
1337,"Quercus robur","169034","494618","51.4124","-0.640887","Observatory Ridge","NA
"
1338,"other Quercus","NULL","NULL","NULL","NULL","Merten's Acres","NA
"
1339,"Quercus robur","169079","494647","51.4128","-0.640451","Merten's Acres","NA
"
1340,"Quercus robur","169095","494652","51.413","-0.640381","Merten's Acres","NA
"
1341,"Quercus robur","169114","494652","51.4132","-0.640381","Merten's Acres","NA
"
1342,"Quercus robur","169108","494649","51.4131","-0.640415","Merten's Acres","NA
"
1343,"Quercus robur","169109","494651","51.4131","-0.64039","Merten's Acres","NA
"
1344,"Quercus robur","169087","494650","51.4129","-0.640404","Merten's Acres","NA
"
1345,"Quercus robur","169088","494626","51.4129","-0.640754","Merten's Acres","NA
"
1346,"Quercus robur","169090","494628","51.4129","-0.640732","Merten's Acres","NA
"
1347,"Quercus robur","169092","494648","51.413","-0.640442","Merten's Acres","NA
"
1348,"Quercus robur","169097","494645","51.413","-0.640481","Merten's Acres","NA
"
1349,"Quercus robur","169097","494646","51.413","-0.64046","Merten's Acres","NA
"
1350,"Quercus robur","169095","494642","51.413","-0.640523","Merten's Acres","NA
"
1351,"Quercus robur","169065","494593","51.4127","-0.641236","Merten's Acres","NA
"
1352,"Quercus robur","169066","494593","51.4127","-0.64125","Merten's Acres","NA
"
1353,"Quercus robur","169062","494598","51.4127","-0.641158","Merten's Acres","NA
"
1354,"Quercus robur","169062","494598","51.4127","-0.641161","Merten's Acres","NA
"
1355,"Quercus robur","169062","494595","51.4127","-0.641209","Merten's Acres","NA
"
1356,"Quercus robur","169059","494597","51.4127","-0.641179","Merten's Acres","NA
"
1357,"Quercus robur","169060","494594","51.4127","-0.641224","Merten's Acres","NA
"
1358,"Quercus robur","169058","494596","51.4127","-0.641195","Merten's Acres","NA
"
1359,"Quercus robur","169053","494596","51.4126","-0.641191","Merten's Acres","oak28
"
1360,"Quercus robur","169053","494607","51.4126","-0.641033","Merten's Acres","NA
"
1361,"Quercus robur","169046","494610","51.4126","-0.640989","Merten's Acres","NA
"
1362,"Quercus robur","169046","494603","51.4125","-0.641093","Merten's Acres","NA
"
1363,"Quercus robur","169044","494614","51.4125","-0.640935","Merten's Acres","NA
"
1364,"Quercus robur","169036","494606","51.4125","-0.641061","Merten's Acres","NA
"
1365,"Quercus robur","169032","494600","51.4124","-0.64114","Merten's Acres","NA
"
1366,"Quercus robur","169125","494638","51.4133","-0.640572","Merten's Acres","oak19
"
1367,"Quercus robur","169130","494707","51.4133","-0.639574","Merten's Acres","NA
"
1368,"Quercus robur","168991","494580","51.4121","-0.641445","Merten's Acres","NA
"
1369,"Quercus robur","168990","494581","51.412","-0.641429","Merten's Acres","NA
"
1370,"Quercus robur","168979","494584","51.412","-0.641382","Observatory Ridge","NA
"
1371,"Quercus robur","168980","494593","51.412","-0.641253","Observatory Ridge","NA
"
1372,"Quercus robur","168977","494580","51.4119","-0.64144","Observatory Ridge","Tree core project
"
1373,"Quercus robur","168971","494592","51.4119","-0.64128","Observatory Ridge","NA
"
1374,"Quercus robur","168978","494625","51.4119","-0.640797","Merten's Acres","NA
"
1375,"Quercus robur","168933","494319","51.4116","-0.645214","Gunnes's hill","NA
"
1376,"Quercus robur","168932","494324","51.4116","-0.645134","Gunnes's hill","NA
"
1377,"Quercus robur","168934","494324","51.4116","-0.645132","Gunnes's hill","NA
"
1378,"Quercus robur","168937","494311","51.4116","-0.645319","Gunnes's hill","NA
"
1379,"Quercus robur","168929","494311","51.4115","-0.645325","Gunnes's hill","NA
"
1380,"Quercus robur","168933","494308","51.4116","-0.645361","Gunnes's hill","NA
"
1381,"Quercus robur","168941","494303","51.4117","-0.645435","Gunnes's hill","NA
"
1382,"Quercus robur","168942","494302","51.4117","-0.645455","Gunnes's hill","NA
"
1383,"Quercus robur","168947","494300","51.4117","-0.645472","Gunnes's hill","NA
"
1384,"Quercus robur","168753","494302","51.41","-0.645503","Elm Slope","NA
"
1385,"Quercus robur","168743","494300","51.4099","-0.645535","Elm Slope","NA
"
1386,"Quercus robur","168735","494304","51.4098","-0.645472","Elm Slope","veteran
"
1387,"Quercus robur","168711","494307","51.4096","-0.645443","Elm Slope","veteran
"
1388,"Quercus robur","168698","494321","51.4095","-0.645245","Elm Slope","veteran
"
1389,"Quercus robur","168711","494320","51.4096","-0.645253","Elm Slope","NA
"
1390,"Quercus robur","168722","494329","51.4097","-0.645116","Elm Slope","NA
"
1391,"Quercus robur","168723","494337","51.4097","-0.645005","Elm Slope","NA
"
1392,"Quercus robur","168740","494340","51.4099","-0.64496","Elm Slope","NA
"
1393,"Quercus robur","168733","494331","51.4098","-0.645085","Elm Slope","NA
"
1394,"Quercus robur","168734","494326","51.4098","-0.645157","Elm Slope","NA
"
1395,"Quercus robur","168707","494303","51.4096","-0.645505","Elm Slope","NA
"
1396,"Quercus robur","168707","494300","51.4096","-0.645549","Elm Slope","veteran
"
1397,"Quercus robur","168708","494283","51.4096","-0.645793","Elm Slope","veteran
"
1398,"Quercus robur","168712","494263","51.4096","-0.646078","Elm Slope","NA
"
1399,"Quercus robur","168703","494253","51.4095","-0.646215","Elm Slope","NA
"
1400,"Quercus robur","168694","494257","51.4095","-0.646161","Elm Slope","NA
"
1401,"Quercus robur","168706","494263","51.4096","-0.646076","Elm Slope","NA
"
1402,"Quercus robur","168689","494276","51.4094","-0.645898","Elm Slope","NA
"
1403,"Quercus robur","168693","494277","51.4094","-0.645871","Elm Slope","NA
"
1404,"Quercus robur","168680","494278","51.4093","-0.645865","Elm Slope","veteran
"
1405,"Quercus robur","168680","494270","51.4093","-0.645975","Elm Slope","veteran
"
1406,"Quercus robur","168686","494249","51.4094","-0.64628","Elm Slope","NA
"
1407,"Quercus robur","168658","494261","51.4091","-0.64611","Elm Slope","NA
"
1408,"Quercus robur","168658","494261","51.4091","-0.64611","Elm Slope","NA
"
1409,"Quercus robur","168660","494261","51.4091","-0.646115","Elm Slope","NA
"
1410,"Quercus robur","169122","494658","51.4132","-0.640288","Merten's Acres","NA
"
1411,"Quercus robur","169123","494656","51.4132","-0.640318","Merten's Acres","NA
"
1412,"Quercus robur","169129","494708","51.4133","-0.639564","Merten's Acres","NA
"
1413,"Quercus robur","169121","494711","51.4132","-0.639519","Merten's Acres","NA
"
1414,"Quercus robur","169118","494710","51.4132","-0.639544","Merten's Acres","NA
"
1415,"Quercus robur","169131","494711","51.4133","-0.639519","Merten's Acres","NA
"
1416,"Quercus robur","169125","494718","51.4132","-0.639425","Merten's Acres","NA
"
1417,"Quercus robur","169134","494713","51.4133","-0.639495","Merten's Acres","NA
"
1418,"Quercus robur","169130","494716","51.4133","-0.639455","Merten's Acres","NA
"
1419,"Quercus robur","169130","494726","51.4133","-0.639302","Merten's Acres","NA
"
1420,"Quercus robur","169124","494728","51.4132","-0.639282","Merten's Acres","NA
"
1421,"Quercus robur","169137","494719","51.4133","-0.639411","Observatory Copse","NA
"
1422,"Quercus robur","169105","494724","51.4131","-0.639348","Observatory Copse","NA
"
1423,"Quercus robur","168991","494727","51.412","-0.639331","Observatory Copse","veteran
"
1424,"Quercus robur","168909","494644","51.4113","-0.640546","Observatory Ridge","NA
"
1425,"Quercus robur","168902","494645","51.4113","-0.640525","Observatory Ridge","NA
"
1426,"Quercus robur","168884","494641","51.4111","-0.640593","Observatory Ridge","NA
"
1427,"Quercus robur","168872","494657","51.411","-0.640372","Observatory Ridge","NA
"
1428,"Quercus robur","168872","494652","51.411","-0.640445","Observatory Ridge","NA
"
1429,"Quercus robur","168863","494645","51.4109","-0.640542","Observatory Ridge","NA
"
1430,"Quercus robur","168864","494647","51.4109","-0.640517","Observatory Ridge","NA
"
1431,"Quercus robur","168860","494650","51.4109","-0.640465","Observatory Ridge","NA
"
1432,"Quercus robur","168868","494656","51.4109","-0.640383","Observatory Ridge","NA
"
1433,"Quercus robur","168855","494644","51.4108","-0.640563","Observatory Ridge","NA
"
1434,"Quercus robur","168859","494644","51.4109","-0.640558","Observatory Ridge","NA
"
1435,"Quercus robur","168845","494650","51.4107","-0.640475","Observatory Ridge","NA
"
1436,"Quercus robur","168840","494647","51.4107","-0.640519","Observatory Ridge","NA
"
1437,"Quercus robur","168829","494661","51.4106","-0.640335","Observatory Ridge","NA
"
1438,"Quercus robur","168830","494660","51.4106","-0.64035","Observatory Ridge","NA
"
1439,"Quercus robur","168831","494659","51.4106","-0.640364","Observatory Ridge","NA
"
1440,"Quercus robur","NULL","NULL","NULL","NULL","Observatory Ridge","NA
"
1441,"Quercus robur","168839","494644","51.4107","-0.64057","Observatory Ridge","NA
"
1442,"Quercus robur","168851","494632","51.4108","-0.640732","Observatory Ridge","NA
"
1443,"Quercus robur","168851","494627","51.4108","-0.640799","Observatory Ridge","NA
"
1444,"Quercus robur","168849","494623","51.4108","-0.640861","Observatory Ridge","NA
"
1445,"Quercus robur","168857","494621","51.4109","-0.64089","Observatory Ridge","NA
"
1446,"Quercus robur","168857","494619","51.4108","-0.640921","Observatory Ridge","NA
"
1447,"Quercus robur","168860","494619","51.4109","-0.640921","Observatory Ridge","NA
"
1448,"Quercus robur","168865","494626","51.4109","-0.640814","Observatory Ridge","NA
"
1449,"Quercus robur","168860","494640","51.4109","-0.640617","Observatory Ridge","NA
"
1450,"Quercus robur","168859","494642","51.4109","-0.640589","Observatory Ridge","NA
"
1451,"Quercus robur","168870","494626","51.411","-0.640821","Observatory Ridge","NA
"
1452,"Quercus robur","168876","494622","51.411","-0.640865","Observatory Ridge","NA
"
1453,"Quercus robur","168871","494618","51.411","-0.640924","Observatory Ridge","NA
"
1454,"Quercus robur","168863","494614","51.4109","-0.640982","Observatory Ridge","NA
"
1455,"Quercus robur","168903","494565","51.4113","-0.641684","Observatory Ridge","NA
"
1456,"Quercus robur","168904","494563","51.4113","-0.641716","Observatory Ridge","NA
"
1457,"Quercus robur","168912","494566","51.4114","-0.641671","Observatory Ridge","NA
"
1458,"Quercus robur","168922","494568","51.4114","-0.641629","Observatory Ridge","NA
"
1459,"Quercus robur","168918","494571","51.4114","-0.641595","Observatory Ridge","NA
"
1460,"Quercus robur","168917","494578","51.4114","-0.641494","Observatory Ridge","NA
"
1461,"Quercus robur","168911","494578","51.4113","-0.641494","Observatory Ridge","NA
"
1462,"Quercus robur","168909","494580","51.4113","-0.641464","Observatory Ridge","NA
"
1463,"Quercus robur","168907","494585","51.4113","-0.641396","Observatory Ridge","NA
"
1464,"Quercus robur","168906","494600","51.4113","-0.641179","Observatory Ridge","NA
"
1465,"Quercus robur","168894","494609","51.4112","-0.641054","Observatory Ridge","NA
"
1466,"Quercus robur","168887","494598","51.4111","-0.641226","Observatory Ridge","NA
"
1467,"Quercus robur","168911","494602","51.4113","-0.641153","Observatory Ridge","NA
"
1468,"Quercus robur","168907","494615","51.4113","-0.640963","Observatory Ridge","NA
"
1469,"Quercus robur","168890","494623","51.4111","-0.640848","Observatory Ridge","NA
"
1470,"Quercus robur","168887","494628","51.4111","-0.640783","Observatory Ridge","NA
"
1471,"Quercus robur","168893","494634","51.4112","-0.640697","Observatory Ridge","NA
"
1472,"Quercus robur","168900","494621","51.4112","-0.640884","Observatory Ridge","NA
"
1473,"Quercus robur","168926","494614","51.4115","-0.640969","Observatory Ridge","NA
"
1474,"Quercus robur","168928","494616","51.4115","-0.640943","Observatory Copse","oak25
"
1475,"Quercus robur","168915","494581","51.4114","-0.641454","Observatory Ridge","NA
"
1476,"Quercus robur","168941","494577","51.4116","-0.641504","Observatory Ridge","NA
"
1477,"Quercus robur","168947","494578","51.4117","-0.641487","Observatory Ridge","NA
"
1478,"Quercus robur","168944","494565","51.4116","-0.641669","Observatory Ridge","NA
"
1479,"Quercus robur","168944","494562","51.4116","-0.641709","Observatory Ridge","NA
"
1480,"Quercus robur","168948","494561","51.4117","-0.641729","Observatory Ridge","NA
"
1481,"Quercus robur","168946","494559","51.4117","-0.641754","Observatory Ridge","NA
"
1482,"Quercus robur","168943","494559","51.4116","-0.641752","Observatory Ridge","NA
"
1483,"Quercus robur","168942","494559","51.4116","-0.641757","Observatory Ridge","NA
"
1484,"Quercus robur","168937","494555","51.4116","-0.641822","Observatory Ridge","NA
"
1485,"Quercus robur","168931","494561","51.4115","-0.641725","Observatory Ridge","NA
"
1486,"Quercus robur","168930","494562","51.4115","-0.641712","Observatory Ridge","NA
"
1487,"Quercus robur","168937","494544","51.4116","-0.641978","Observatory Ridge","NA
"
1488,"Quercus robur","168945","494537","51.4117","-0.642073","Observatory Ridge","NA
"
1489,"Quercus robur","168952","494536","51.4117","-0.642092","Observatory Ridge","NA
"
1490,"Quercus robur","168964","494545","51.4118","-0.641954","Observatory Ridge","NA
"
1491,"Quercus robur","168965","494551","51.4118","-0.64187","Observatory Ridge","NA
"
1492,"Quercus robur","168976","494551","51.4119","-0.64186","Observatory Ridge","NA
"
1493,"Quercus robur","168990","494543","51.4121","-0.641968","Observatory Ridge","NA
"
1494,"Quercus robur","168990","494534","51.4121","-0.642107","Observatory Ridge","NA
"
1495,"Quercus robur","169001","494536","51.4122","-0.642071","Observatory Ridge","NA
"
1496,"Quercus robur","169001","494537","51.4122","-0.642061","Observatory Ridge","NA
"
1497,"Quercus robur","169002","494538","51.4122","-0.64204","Observatory Ridge","NA
"
1498,"Quercus robur","168998","494541","51.4121","-0.641997","Observatory Ridge","NA
"
1499,"Quercus robur","168686","494599","51.4093","-0.641256",NA,"NA
"
1500,"Quercus robur","168686","494599","51.4093","-0.641256",NA,"NA
"
1501,"Quercus robur","168693","494596","51.4094","-0.641292",NA,"veteran
"
1502,"Quercus robur","168693","494596","51.4094","-0.641292",NA,"NA
"
1503,"Quercus robur","168750","494556","51.4099","-0.641851",NA,"oak9
"
1504,"Quercus robur","168807","494533","51.4104","-0.64216","Reactor","NA
"
1505,"Quercus robur","168831","494561","51.4106","-0.641753","Reactor","NA
"
1506,"Quercus robur","168826","494537","51.4106","-0.6421","Reactor","NA
"
1507,"Quercus robur","168836","494532","51.4107","-0.642178","Reactor","NA
"
1508,"Quercus robur","168826","494528","51.4106","-0.64224","Reactor","NA
"
1509,"Quercus robur","168828","494523","51.4106","-0.642306","Reactor","NA
"
1510,"Quercus robur","168826","494521","51.4106","-0.642333","Reactor","NA
"
1511,"Quercus robur","168815","494515","51.4105","-0.642422","Reactor","NA
"
1512,"Quercus robur","168821","494517","51.4105","-0.642391","Reactor","NA
"
1513,"Quercus robur","168818","494520","51.4105","-0.642351","Reactor","NA
"
1514,"Quercus robur","168829","494515","51.4106","-0.642415","Reactor","NA
"
1515,"Quercus robur","168829","494509","51.4106","-0.6425","Reactor","NA
"
1516,"Quercus robur","168829","494510","51.4106","-0.642497","Reactor","NA
"
1517,"Quercus robur","168837","494512","51.4107","-0.642461","Reactor","NA
"
1518,"Quercus robur","168836","494512","51.4107","-0.642466","Reactor","NA
"
1519,"Quercus robur","168827","494522","51.4106","-0.642313","Reactor","NA
"
1520,"Quercus robur","168830","494522","51.4106","-0.642312","Reactor","NA
"
1521,"Quercus robur","168839","494523","51.4107","-0.642301","Reactor","NA
"
1522,"Quercus robur","168951","494520","51.4117","-0.642322","Observatory Ridge","NA
"
1523,"Quercus robur","169023","494525","51.4124","-0.642228","Merten's Acres","NA
"
1524,"Quercus robur","169022","494525","51.4123","-0.642227","Pond Field","NA
"
1525,"Quercus robur","169024","494524","51.4124","-0.642235","Pond Field","NA
"
1526,"Quercus robur","169025","494521","51.4124","-0.642283","Pond Field","NA
"
1527,"Quercus robur","169025","494521","51.4124","-0.642283","Pond Field","NA
"
1528,"Quercus robur","169025","494523","51.4124","-0.642246","Pond Field","NA
"
1529,"Quercus robur","169026","494523","51.4124","-0.642247","Pond Field","NA
"
1530,"Quercus robur","169026","494523","51.4124","-0.642253","Pond Field","NA
"
1531,"Quercus robur","169026","494522","51.4124","-0.642263","Pond Field","NA
"
1532,"Quercus robur","169026","494522","51.4124","-0.642259","Pond Field","NA
"
1533,"Quercus robur","169040","494517","51.4125","-0.64234","Pond Field","NA
"
1534,"Quercus robur","169045","494518","51.4126","-0.642325","Pond Field","NA
"
1535,"Quercus robur","169048","494519","51.4126","-0.642311","Pond Field","NA
"
1536,"Quercus robur","168972","494598","51.4119","-0.641189","Observatory Ridge","NA
"
1537,"Quercus robur","168968","494592","51.4119","-0.641271","Observatory Ridge","NA
"
1538,"Quercus robur","168969","494589","51.4119","-0.641315","Observatory Ridge","NA
"
1539,"Quercus robur","168971","494588","51.4119","-0.641336","Observatory Ridge","NA
"
1540,"Quercus robur","168974","494585","51.4119","-0.641371","Observatory Ridge","NA
"
1541,"Quercus robur","168975","494583","51.4119","-0.6414","Observatory Ridge","Tree core project
"
1542,"Quercus robur","168977","494582","51.4119","-0.641412","Merten's Acres","NA
"
1543,"Quercus robur","168973","494584","51.4119","-0.641395","Observatory Ridge","Tree core project
"
1544,"Quercus robur","169045","494521","51.4126","-0.642274","Pond Field","NA
"
1545,"Quercus robur","169038","494530","51.4125","-0.642146","Pond Field","NA
"
1546,"Quercus robur","169004","494549","51.4122","-0.64189","Observatory Ridge","NA
"
1547,"Quercus robur","169002","494549","51.4122","-0.641878","Observatory Ridge","NA
"
1548,"Quercus robur","169002","494546","51.4122","-0.641922","Observatory Ridge","NA
"
1549,"Quercus robur","168661","494302","51.4091","-0.645531","Elm Slope","NA
"
1550,"Quercus robur","168937","494182","51.4116","-0.647174","Gunnes's thicket","NA
"
1551,"Quercus robur","168944","494189","51.4117","-0.64707","Gunnes's thicket","NA
"
1552,"Quercus robur","168955","494204","51.4118","-0.646856","Gunnes's thicket","NA
"
1553,"Quercus robur","168943","494182","51.4117","-0.647183","Gunnes's thicket","NA
"
1554,"Quercus robur","168963","494186","51.4119","-0.647109","Gunnes's thicket","NA
"
1555,"Quercus robur","168965","494174","51.4119","-0.64729","Gunnes's thicket","NA
"
1556,"Quercus robur","168937","494162","51.4116","-0.647467","Gunnes's thicket","NA
"
1557,"Quercus robur","168966","494142","51.4119","-0.647738","Gunnes's thicket","NA
"
1558,"Quercus robur","168982","494145","51.4121","-0.647704","Gunnes's thicket","NA
"
1559,"Quercus robur","168993","494147","51.4122","-0.647659","Gunnes's thicket","NA
"
1560,"Quercus robur","168970","494147","51.4119","-0.647674","Gunnes's thicket","NA
"
1561,"Quercus robur","NULL","NULL","NULL","NULL","Gunnes's thicket","NA
"
1562,"Quercus robur","168973","494117","51.412","-0.648106","Gunnes's thicket","NA
"
1563,"Quercus robur","168994","494129","51.4122","-0.647924","Gunnes's thicket","NA
"
1564,"Quercus robur","168996","494137","51.4122","-0.647804","Gunnes's thicket","NA
"
1565,"Quercus robur","169001","494136","51.4122","-0.647816","Gunnes's thicket","NA
"
1566,"Quercus robur","169007","494135","51.4123","-0.647829","Gunnes's thicket","NA
"
1567,"Quercus robur","169004","494137","51.4123","-0.6478","Gunnes's thicket","NA
"
1568,"Quercus robur","169016","494130","51.4124","-0.64791","Gunnes's thicket","NA
"
1569,"Quercus robur","169015","494121","51.4124","-0.648034","Gunnes's thicket","NA
"
1570,"Quercus robur","169012","494117","51.4123","-0.64809","Gunnes's thicket","NA
"
1571,"Quercus robur","169010","494112","51.4123","-0.648159","Gunnes's thicket","NA
"
1572,"Quercus robur","168941","493919","51.4117","-0.650961","Gunnes's thicket","NA
"
1573,"Quercus robur","169006","494108","51.4123","-0.648223","Gunnes's thicket","NA
"
1574,"Quercus robur","169001","494107","51.4122","-0.648235","Gunnes's thicket","NA
"
1575,"Quercus robur","168967","494107","51.4119","-0.648253","Gunnes's thicket","NA
"
1576,"Quercus robur","168963","494096","51.4119","-0.648413","Gunnes's thicket","NA
"
1577,"Quercus robur","168962","494084","51.4119","-0.648574","Gunnes's thicket","NA
"
1578,"Quercus robur","168952","494061","51.4118","-0.648915","Gunnes's thicket","NA
"
1579,"Quercus robur","168942","494007","51.4117","-0.649687","Cascade Marsh","NA
"
1580,"Quercus robur","168941","494006","51.4117","-0.64971","Cascade Marsh","NA
"
1581,"Quercus robur","168941","494006","51.4117","-0.649708","Cascade Marsh","NA
"
1582,"Quercus robur","168970","494026","51.412","-0.649417","Gunnes's thicket","NA
"
1583,"Quercus robur","NULL","NULL","NULL","NULL","Cascade Marsh","NA
"
1584,"Quercus robur","168879","493813","51.4112","-0.652503","Cascade Marsh","NA
"
1585,"Quercus robur","168876","493813","51.4112","-0.652497","Cascade Marsh","NA
"
1586,"Quercus robur","168881","493812","51.4112","-0.652508","Cascade Marsh","NA
"
1587,"Quercus robur","168958","493914","51.4119","-0.651024","Cascade Marsh","NA
"
1588,"Quercus robur","168956","493921","51.4119","-0.650924","Cascade Marsh","NA
"
1589,"Quercus robur","168954","493921","51.4118","-0.650924","Cascade Marsh","NA
"
1590,"Quercus robur","168948","493949","51.4118","-0.650528","Cascade Marsh","NA
"
1591,"Quercus robur","168947","493954","51.4118","-0.650454","Cascade Marsh","NA
"
1592,"Quercus robur","168941","493954","51.4117","-0.650456","Cascade Marsh","NA
"
1593,"Quercus robur","168937","493948","51.4117","-0.650544","Cascade Marsh","NA
"
1594,"Quercus robur","168943","493946","51.4117","-0.650573","Cascade Marsh","NA
"
1595,"Quercus robur","168945","493941","51.4118","-0.650635","Cascade Marsh","NA
"
1596,"Quercus robur","168947","493946","51.4118","-0.650569","Cascade Marsh","NA
"
1597,"Quercus robur","168960","493934","51.4119","-0.650742","Cascade Marsh","NA
"
1598,"Quercus robur","168948","493934","51.4118","-0.650742","Cascade Marsh","NA
"
1599,"Quercus robur","168943","493937","51.4117","-0.650699","Cascade Marsh","NA
"
1600,"Quercus robur","168932","493932","51.4116","-0.650773","Cascade Marsh","NA
"
1601,"Quercus robur","168936","493941","51.4117","-0.650646","Cascade Marsh","NA
"
1602,"Quercus robur","168927","493927","51.4116","-0.650845","Cascade Marsh","NA
"
1603,"Quercus robur","168928","493927","51.4116","-0.650849","Cascade Marsh","NA
"
1604,"Quercus robur","168931","493932","51.4116","-0.65078","Cascade Marsh","NA
"
1605,"Quercus robur","168941","493919","51.4117","-0.650961","Cascade Marsh","NA
"
1606,"Quercus robur","168934","493926","51.4117","-0.650862","Cascade Marsh","NA
"
1607,"Quercus robur","168945","493928","51.4118","-0.650832","Cascade Marsh","NA
"
1608,"Quercus robur","168945","493919","51.4118","-0.650955","Cascade Marsh","NA
"
1609,"Quercus robur","168946","493909","51.4118","-0.651095","Cascade Marsh","NA
"
1610,"Quercus robur","168950","493909","51.4118","-0.651099","Cascade Marsh","NA
"
1611,"Quercus robur","168947","493911","51.4118","-0.651076","Cascade Marsh","NA
"
1612,"Quercus robur","168941","493916","51.4117","-0.651002","Cascade Marsh","NA
"
1613,"Quercus robur","168929","493924","51.4116","-0.650889","Cascade Marsh","NA
"
1614,"Quercus robur","168933","493922","51.4117","-0.650911","Cascade Marsh","NA
"
1615,"Quercus robur","168914","493916","51.4115","-0.651013","Cascade Marsh","NA
"
1616,"Quercus robur","168918","493922","51.4115","-0.650914","Cascade Marsh","NA
"
1617,"Quercus robur","168917","493919","51.4115","-0.650964","Cascade Marsh","NA
"
1618,"Quercus robur","168948","494409","51.4117","-0.643912","Gunnes's hill","NA
"
1619,"Quercus robur","168723","494780","51.4096","-0.638638","Observatory Copse","NA
"
1620,"Quercus robur","168718","494802","51.4096","-0.638323","Observatory Copse","NA
"
1621,"Quercus robur","168732","494782","51.4097","-0.638605","Observatory Copse","NA
"
1622,"other Quercus","168749","494772","51.4099","-0.638741","Observatory Copse","NA
"
1623,"Quercus robur","168763","494764","51.41","-0.638862","Observatory Copse","NA
"
1624,"Quercus robur","168766","494773","51.41","-0.638731","Observatory Copse","NA
"
1625,"Quercus robur","168766","494780","51.41","-0.638629","Observatory Copse","NA
"
1626,"other Quercus","168775","494766","51.4101","-0.638821","Observatory Copse","NA
"
1627,"Quercus robur","168779","494771","51.4101","-0.638749","Observatory Copse","NA
"
1628,"Quercus robur","168785","494760","51.4102","-0.638906","Observatory Copse","NA
"
1629,"Quercus robur","168782","494777","51.4101","-0.638668","Observatory Copse","NA
"
1630,"Quercus robur","168782","494777","51.4101","-0.638668","Observatory Copse","NA
"
1631,"Quercus robur","168782","494777","51.4101","-0.638668","Observatory Copse","NA
"
1632,"Quercus robur","168785","494760","51.4102","-0.638906","Observatory Copse","NA
"
1633,"Quercus robur","168785","494760","51.4102","-0.638906","Observatory Copse","NA
"
1634,"Quercus robur","168785","494760","51.4102","-0.638906","Observatory Copse","NA
"
1635,"Quercus robur","168785","494760","51.4102","-0.638906","Observatory Copse","NA
"
1636,"Quercus robur","168790","494761","51.4102","-0.638896","Observatory Copse","NA
"
1637,"Quercus robur","168790","494761","51.4102","-0.638896","Observatory Copse","veteran
"
1638,"Quercus robur","168792","494753","51.4102","-0.639003","Observatory Copse","NA
"
1639,"Quercus robur","168792","494753","51.4102","-0.639003","Observatory Copse","NA
"
1640,"Quercus robur","168792","494753","51.4102","-0.639003","Observatory Copse","NA
"
1641,"Quercus robur","168792","494753","51.4102","-0.639003","Observatory Copse","NA
"
1642,"Quercus robur","168792","494753","51.4102","-0.639003","Observatory Copse","NA
"
1643,"Quercus robur","168750","494571","51.4099","-0.641632","Reactor","NA
"
1644,"Quercus robur","168760","494576","51.41","-0.641555","Reactor","NA
"
1645,"Quercus robur","168946","494535","51.4117","-0.642104","Observatory Ridge","NA
"
1646,"other Quercus","NULL","NULL","NULL","NULL","Observatory Copse","NA
"
1647,"other Quercus","168826","494745","51.4105","-0.63911","Observatory Copse","NA
"
1648,"Quercus robur","168878","494714","51.411","-0.639541","Observatory Copse","NA
"
1649,"Quercus robur","168884","494732","51.4111","-0.639289","Observatory Copse","NA
"
1650,"Quercus robur","168878","494708","51.411","-0.639629","Observatory Copse","NA
"
1651,"Quercus robur","168844","493865","51.4109","-0.651756","Cascade Marsh","NA
"
1652,"Quercus robur","168846","493870","51.4109","-0.65169","Cascade Marsh","NA
"
1653,"Quercus robur","168848","493865","51.4109","-0.651763","Cascade Marsh","NA
"
1654,"Quercus robur","168843","493858","51.4109","-0.65186","Cascade Marsh","NA
"
1655,"Quercus robur","168840","493862","51.4108","-0.651806","Cascade Marsh","NA
"
1656,"Quercus robur","168837","493865","51.4108","-0.651758","Cascade Marsh","NA
"
1657,"Quercus robur","168842","493855","51.4108","-0.6519","Cascade Marsh","NA
"
1658,"Quercus robur","168862","493888","51.411","-0.651419","Cascade Marsh","NA
"
1659,"Quercus robur","168856","493889","51.411","-0.651416","Cascade Marsh","NA
"
1660,"Quercus robur","168857","493890","51.411","-0.651394","Cascade Marsh","NA
"
1661,"Quercus robur","168859","493892","51.411","-0.651369","Cascade Marsh","NA
"
1662,"Quercus robur","168718","494380","51.4096","-0.644383","Elm Slope","NA
"
1663,"Quercus robur","168720","494378","51.4097","-0.644424","Elm Slope","NA
"
1664,"Quercus robur","168767","494409","51.4101","-0.643957","Gunnes's hill","NA
"
1665,"Quercus robur","168827","494361","51.4106","-0.644639","Gunnes's hill","NA
"
1666,"Quercus robur","168819","494298","51.4106","-0.645534","Gunnes's hill","NA
"
1667,"Quercus robur","168651","494295","51.4091","-0.645632","Elm Slope","NA
"
1668,"Quercus robur","168670","494302","51.4092","-0.645531","Elm Slope","NA
"
1669,"Quercus robur","168684","494414","51.4093","-0.643916","Elm Slope","NA
"
1670,"Quercus robur","168708","494377","51.4095","-0.644439","Elm Slope","NA
"
1671,"Quercus robur","168703","494392","51.4095","-0.644221","Elm Slope","NA
"
1672,"Quercus robur","168687","494387","51.4094","-0.644299","Elm Slope","NA
"
1673,"Quercus robur","168680","494390","51.4093","-0.644256","Elm Slope","NA
"
1674,"Quercus robur","168672","494382","51.4092","-0.64438","Elm Slope","NA
"
1675,"Quercus robur","168977","494591","51.4119","-0.641283","Observatory Ridge","NA
"
1676,"Quercus robur","168971","494583","51.4119","-0.641409","Observatory Ridge","NA
"
1677,"Quercus robur","168968","494581","51.4119","-0.641438","Observatory Ridge","NA
"
1678,"Quercus robur","168966","494581","51.4118","-0.641428","Observatory Ridge","NA
"
1679,"Quercus robur","168972","494578","51.4119","-0.641479","Observatory Ridge","NA
"
1680,"Quercus robur","168974","494576","51.4119","-0.641498","Observatory Ridge","Tree core project
"
1681,"Quercus robur","168979","494573","51.412","-0.641549","Merten's Acres","Tree core project
"
1682,"Quercus robur","168976","494570","51.4119","-0.641591","Merten's Acres","NA
"
1683,"Quercus robur","168977","494568","51.4119","-0.641611","Merten's Acres","NA
"
1684,"Quercus robur","168961","494578","51.4118","-0.641485","Observatory Ridge","NA
"
1685,"Quercus robur","168961","494578","51.4118","-0.64148","Observatory Ridge","NA
"
1686,"Quercus robur","168957","494582","51.4118","-0.641428","Observatory Ridge","NA
"
1687,"Quercus robur","168959","494579","51.4118","-0.64146","Observatory Ridge","NA
"
1688,"Quercus robur","168961","494589","51.4118","-0.641316","Observatory Ridge","NA
"
1689,"Quercus robur","168957","494578","51.4118","-0.641475","Observatory Ridge","NA
"
1690,"Quercus robur","168959","494563","51.4118","-0.641702","Observatory Ridge","NA
"
1691,"Quercus robur","168957","494553","51.4118","-0.641846","Observatory Ridge","NA
"
1692,"Quercus robur","168963","494552","51.4118","-0.641852","Observatory Ridge","NA
"
1693,"Quercus robur","168961","494554","51.4118","-0.641821","Observatory Ridge","NA
"
1694,"Quercus robur","168966","494554","51.4118","-0.641822","Observatory Ridge","NA
"
1695,"Quercus robur","168968","494555","51.4119","-0.641813","Observatory Ridge","NA
"
1696,"Quercus robur","168969","494558","51.4119","-0.641766","Observatory Ridge","NA
"
1697,"Quercus robur","168974","494558","51.4119","-0.641765","Observatory Ridge","NA
"
1698,"Quercus robur","168969","494554","51.4119","-0.641828","Observatory Ridge","NA
"
1699,"Quercus robur","168970","494556","51.4119","-0.641788","Observatory Ridge","NA
"
1700,"Quercus robur","168970","494560","51.4119","-0.641729","Observatory Ridge","NA
"
1701,"Quercus robur","168985","494564","51.412","-0.641669","Merten's Acres","NA
"
1702,"Quercus robur","168972","494567","51.4119","-0.641638","Merten's Acres","Tree core project
"
1703,"Quercus robur","168979","494565","51.412","-0.641662","Merten's Acres","NA
"
1704,"Quercus robur","168975","494566","51.4119","-0.641653","Merten's Acres","Tree core project
"
1705,"Quercus robur","168980","494564","51.412","-0.641678","Merten's Acres","NA
"
1706,"Quercus robur","168981","494564","51.412","-0.641668","Merten's Acres","NA
"
1707,"Quercus robur","168975","494559","51.4119","-0.641747","Merten's Acres","NA
"
1708,"Quercus robur","168974","494559","51.4119","-0.641744","Observatory Ridge","NA
"
1709,"Quercus robur","168973","494559","51.4119","-0.641753","Observatory Ridge","NA
"
1710,"Quercus robur","168973","494561","51.4119","-0.641721","Merten's Acres","NA
"
1711,"Quercus robur","168992","494564","51.4121","-0.641673","Merten's Acres","oak21; veteran
"
1712,"Quercus robur","169007","494559","51.4122","-0.641736","Merten's Acres","NA
"
1713,"Quercus robur","169001","494556","51.4122","-0.641787","Merten's Acres","NA
"
1714,"Quercus robur","169002","494556","51.4122","-0.641788","Merten's Acres","NA
"
1715,"Quercus robur","168812","494576","51.4104","-0.641551","Reactor","NA
"
1716,"Quercus robur","168801","494572","51.4104","-0.6416","Reactor","NA
"
1717,"Quercus robur","168795","494573","51.4103","-0.64159","Reactor","NA
"
1718,"Quercus robur","168799","494581","51.4103","-0.641483","Reactor","NA
"
1719,"Quercus robur","168800","494586","51.4103","-0.641405","Reactor","NA
"
1720,"Quercus robur","168794","494591","51.4103","-0.641336","Reactor","NA
"
1721,"Quercus robur","168798","494587","51.4103","-0.641389","Reactor","NA
"
1722,"Quercus robur","168789","494590","51.4102","-0.641352","Reactor","NA
"
1723,"Quercus robur","168773","494595","51.4101","-0.64129","Reactor","NA
"
1724,"Quercus robur","168772","494594","51.4101","-0.641295","Reactor","NA
"
1725,"Quercus robur","168771","494594","51.4101","-0.641303","Reactor","NA
"
1726,"Quercus robur","168789","494590","51.4102","-0.641352","Reactor","appears dead 2009 maybe cut down?
"
1727,"Quercus robur","168771","494622","51.4101","-0.640904","Reactor","NA
"
1728,"Quercus robur","168760","494624","51.41","-0.640872","Reactor","oak10; Pruned to dead? 22/09/16 visit 9072
"
1729,"Quercus robur","168761","494621","51.41","-0.640908","Reactor","NA
"
1730,"Quercus robur","168763","494617","51.41","-0.640969","Reactor","NA
"
1731,"Quercus robur","168768","494615","51.41","-0.641002","Reactor","NA
"
1732,"Quercus robur","168766","494616","51.4101","-0.641331","Reactor","veteran
"
1733,"Quercus robur","168779","494579","51.4102","-0.64151","Reactor","NA
"
1734,"Quercus robur","168785","494579","51.4102","-0.64151","Reactor","NA
"
1735,"Quercus robur","168791","494579","51.4103","-0.641507","Reactor","NA
"
1736,"Quercus robur","168764","494651","51.4099","-0.640469","Squash court","oak1
"
1737,"Quercus robur","168769","494669","51.41","-0.640265","Workshops","oak2; veteran 
"
1738,"Quercus robur","168967","494096","51.4119","-0.648404","Gunnes's thicket","NA
"
1739,"Quercus robur","168908","493874","51.4114","-0.651611","Cascade Marsh","NA
"
1740,"Quercus robur","168788","494567","51.4102","-0.641678","Reactor","NA
"
1741,"Quercus robur","168783","494568","51.4102","-0.641665","Reactor","NA
"
1742,"Quercus robur","168787","494571","51.4102","-0.641631","Reactor","NA
"
1743,"Quercus robur","168774","494564","51.4101","-0.641724","Reactor","NA
"
1744,"Quercus robur","168768","494568","51.4101","-0.64168","Reactor","NA
"
1745,"Quercus robur","168777","494575","51.4101","-0.641573","Reactor","NA
"
1746,"Quercus robur","168783","494572","51.4102","-0.641612","Reactor","NA
"
1747,"Quercus robur","168780","494576","51.4102","-0.64155","Reactor","NA
"
1748,"Quercus robur","168778","494579","51.4102","-0.64151","Reactor","NA
"
1749,"Quercus robur","168779","494581","51.4102","-0.641487","Reactor","NA
"
1750,"Quercus robur","168791","494584","51.4103","-0.641432","Reactor","NA
"
1751,"Quercus robur","168814","494566","51.4105","-0.641693","Reactor","Tag number 2891 written on tape (2022); has no tag on tree"
1752,"Quercus robur","168812","494559","51.4105","-0.641788","Reactor","NA
"
1753,"Quercus robur","168811","494560","51.4104","-0.641778","Reactor","NA
"
1754,"Quercus robur","168801","494558","51.4104","-0.641813","Reactor","NA
"
1755,"Quercus robur","168804","494553","51.4104","-0.641878","Reactor","NA
"
1756,"Quercus robur","168808","494555","51.4104","-0.641851","Reactor","NA
"
1757,"Quercus robur","168812","494563","51.4105","-0.641731","Reactor","NA
"
1758,"Quercus robur","168802","494569","51.4104","-0.641645","Reactor","NA
"
1759,"Quercus robur","168795","494567","51.4103","-0.641687","Reactor","NA
"
1760,"Quercus robur","168948","494543","51.4117","-0.641986","Observatory Ridge","NA
"
1761,"Quercus robur","168948","494544","51.4117","-0.641971","Observatory Ridge","veteran
"
1762,"Quercus robur","168953","494546","51.4117","-0.64194","Observatory Ridge","NA
"
1763,"Quercus robur","168949","494575","51.4117","-0.641525","Observatory Ridge","NA
"
1764,"Quercus robur","168898","493921","51.4113","-0.650935","Cascade Marsh","NA
"
1765,"Quercus robur","168915","493924","51.4115","-0.650886","Cascade Marsh","NA
"
1766,"Quercus robur","168912","493915","51.4115","-0.651019","Cascade Marsh","NA
"
1767,"Quercus robur","168916","493914","51.4115","-0.651029","Cascade Marsh","NA
"
1768,"Quercus robur","168921","493910","51.4115","-0.65109","Cascade Marsh","NA
"
1769,"Quercus robur","168918","493911","51.4115","-0.651075","Cascade Marsh","NA
"
1770,"Quercus robur","168918","493912","51.4115","-0.651067","Cascade Marsh","NA
"
1771,"Quercus robur","168926","493912","51.4116","-0.651067","Cascade Marsh","NA
"
1772,"Quercus robur","168928","493909","51.4116","-0.6511","Cascade Marsh","NA
"
1773,"Quercus robur","168938","493911","51.4117","-0.651078","Cascade Marsh","NA
"
1774,"Quercus robur","168940","493910","51.4117","-0.651084","Cascade Marsh","NA
"
1775,"Quercus robur","168946","493904","51.4118","-0.651165","Cascade Marsh","NA
"
1776,"Quercus robur","168943","493904","51.4117","-0.651177","Cascade Marsh","NA
"
1777,"Quercus robur","168942","493903","51.4117","-0.651182","Cascade Marsh","NA
"
1778,"Quercus robur","168934","493909","51.4117","-0.651109","Cascade Marsh","NA
"
1779,"Quercus robur","168936","493899","51.4117","-0.651241","Cascade Marsh","NA
"
1780,"Quercus robur","168938","493902","51.4117","-0.651208","Cascade Marsh","NA
"
1781,"Quercus robur","168939","493898","51.4117","-0.651262","Cascade Marsh","NA
"
1782,"Quercus robur","168940","493892","51.4117","-0.65135","Cascade Marsh","NA
"
1783,"Quercus robur","168935","493890","51.4117","-0.651372","Cascade Marsh","NA
"
1784,"Quercus robur","168935","493891","51.4117","-0.651359","Cascade Marsh","NA
"
1785,"Quercus robur","168925","493893","51.4116","-0.651334","Cascade Marsh","NA
"
1786,"Quercus robur","168930","493897","51.4116","-0.651276","Cascade Marsh","NA
"
1787,"Quercus robur","168928","493902","51.4116","-0.651205","Cascade Marsh","NA
"
1788,"Quercus robur","168927","493906","51.4116","-0.651147","Cascade Marsh","NA
"
1789,"Quercus robur","168918","493907","51.4115","-0.651136","Cascade Marsh","NA
"
1790,"Quercus robur","168917","493906","51.4115","-0.651158","Cascade Marsh","NA
"
1791,"Quercus robur","168920","493898","51.4115","-0.651261","Cascade Marsh","NA
"
1792,"Quercus robur","168919","493889","51.4115","-0.651399","Cascade Marsh","NA
"
1793,"Quercus robur","168921","493890","51.4115","-0.651373","Cascade Marsh","NA
"
1794,"Quercus robur","168917","493885","51.4115","-0.651452","Cascade Marsh","NA
"
1795,"Quercus robur","168916","493889","51.4115","-0.651388","Cascade Marsh","NA
"
1796,"Quercus robur","168908","493886","51.4114","-0.65144","Cascade Marsh","NA
"
1797,"Quercus robur","168949","493903","51.4118","-0.651184","Cascade Marsh","NA
"
1798,"Quercus robur","168907","493893","51.4114","-0.651335","Cascade Marsh","NA
"
1799,"Quercus robur","168905","493901","51.4114","-0.651227","Cascade Marsh","NA
"
1800,"Quercus robur","168908","493892","51.4114","-0.651349","Cascade Marsh","NA
"
1801,"Quercus robur","168897","493893","51.4113","-0.651343","Cascade Marsh","two tags until 14/04/2023
"
1802,"Quercus robur","168892","493884","51.4113","-0.651472","Cascade Marsh","NA
"
1803,"Quercus robur","168884","493915","51.4112","-0.651037","Cascade Marsh","NA
"
1804,"Quercus robur","168882","493915","51.4112","-0.65103","Cascade Marsh","NA
"
1805,"Quercus robur","168886","493921","51.4112","-0.650941","Cascade Marsh","NA
"
1806,"Quercus robur","168900","493911","51.4114","-0.651082","Cascade Marsh","NA
"
1807,"Quercus robur","168898","493909","51.4113","-0.651119","Cascade Marsh","NA
"
1808,"Quercus robur","168898","493905","51.4113","-0.651173","Cascade Marsh","NA
"
1809,"Quercus robur","168892","493906","51.4113","-0.651163","Cascade Marsh","NA
"
1810,"Quercus robur","168873","493917","51.4111","-0.651009","Cascade Marsh","veteran
"
1811,"Quercus robur","168872","493909","51.4111","-0.651118","Cascade Marsh","veteran
"
1812,"Quercus robur","168872","493907","51.4111","-0.651147","Cascade Marsh","NA
"
1813,"Quercus robur","168866","493905","51.411","-0.651171","Cascade Marsh","NA
"
1814,"Quercus robur","168862","493903","51.411","-0.651207","Cascade Marsh","NA
"
1815,"Quercus robur","168864","493906","51.411","-0.651163","Cascade Marsh","NA
"
1816,"Quercus robur","168863","493904","51.411","-0.651197","Cascade Marsh","NA
"
1817,"Quercus robur","168863","493904","51.411","-0.651199","Cascade Marsh","NA
"
1818,"Quercus robur","168859","493903","51.411","-0.651213","Cascade Marsh","NA
"
1819,"Quercus robur","168862","493902","51.411","-0.651229","Cascade Marsh","NA
"
1820,"Quercus robur","168860","493903","51.411","-0.651209","Cascade Marsh","NA
"
1821,"Quercus robur","168860","493899","51.411","-0.651266","Cascade Marsh","NA
"
1822,"Quercus robur","168861","493897","51.411","-0.651299","Cascade Marsh","NA
"
1823,"Quercus robur","168861","493896","51.411","-0.651306","Cascade Marsh","NA
"
1824,"Quercus robur","168866","493903","51.411","-0.651204","Cascade Marsh","NA
"
1825,"Quercus robur","168867","493898","51.4111","-0.651278","Cascade Marsh","NA
"
1826,"Quercus robur","168876","493903","51.4111","-0.651208","Cascade Marsh","NA
"
1827,"Quercus robur","168874","493900","51.4111","-0.651242","Cascade Marsh","NA
"
1828,"Quercus robur","168874","493896","51.4111","-0.651311","Cascade Marsh","NA
"
1829,"Quercus robur","168872","493895","51.4111","-0.651326","Cascade Marsh","NA
"
1830,"Quercus robur","168871","493895","51.4111","-0.651318","Cascade Marsh","NA
"
1831,"Quercus robur","168871","493895","51.4111","-0.651325","Cascade Marsh","NA
"
1832,"Quercus robur","168868","493896","51.4111","-0.651307","Cascade Marsh","NA
"
1833,"Quercus robur","168864","493890","51.411","-0.651389","Cascade Marsh","NA
"
1834,"Quercus robur","168861","493889","51.411","-0.651403","Cascade Marsh","NA
"
1835,"Quercus robur","169338","494003","51.4153","-0.649647","Farm Wood","NA
"
1836,"Quercus robur","168834","493855","51.4108","-0.651911","Cascade Marsh","NA
"
1837,"Quercus robur","168833","493854","51.4108","-0.65192","Cascade Marsh","NA
"
1838,"Quercus robur","168840","493856","51.4108","-0.651882","Cascade Marsh","NA
"
1839,"Quercus robur","168839","493852","51.4108","-0.651941","Cascade Marsh","NA
"
1840,"Quercus robur","168835","493861","51.4108","-0.651818","Cascade Marsh","veteran
"
1841,"Quercus robur","168842","493853","51.4108","-0.651939","Cascade Marsh","NA
"
1842,"Quercus robur","168844","493849","51.4109","-0.65199","Cascade Marsh","NA
"
1843,"Quercus robur","168840","493846","51.4108","-0.652036","Cascade Marsh","NA
"
1844,"Quercus robur","168841","493850","51.4108","-0.651969","Cascade Marsh","NA
"
1845,"Quercus robur","168836","493847","51.4108","-0.652023","Cascade Marsh","NA
"
1846,"Quercus robur","168836","493846","51.4108","-0.65204","Cascade Marsh","NA
"
1847,"Quercus robur","168843","493843","51.4109","-0.652082","Cascade Marsh","NA
"
1848,"Quercus robur","168858","493844","51.411","-0.652052","Cascade Marsh","NA
"
1849,"Quercus robur","168854","493843","51.4109","-0.652078","Cascade Marsh","NA
"
1850,"Quercus robur","168877","493845","51.4112","-0.652033","Cascade Marsh","NA
"
1851,"Quercus robur","168874","493848","51.4111","-0.651997","Cascade Marsh","NA
"
1852,"Quercus robur","168831","493839","51.4108","-0.65214","Cascade Marsh","NA
"
1853,"Quercus robur","168864","493846","51.411","-0.652026","Cascade Marsh","NA
"
1854,"Quercus robur","168897","493838","51.4113","-0.652126","Cascade Marsh","NA
"
1855,"Quercus robur","168904","493850","51.4114","-0.65196","Cascade Marsh","NA
"
1856,"Quercus robur","168903","493853","51.4114","-0.651915","Cascade Marsh","NA
"
1857,"Quercus robur","168909","493852","51.4114","-0.651934","Cascade Marsh","NA
"
1858,"Quercus robur","168902","493858","51.4114","-0.65184","Cascade Marsh","NA
"
1859,"Quercus robur","168893","493859","51.4113","-0.651839","Cascade Marsh","NA
"
1860,"Quercus robur","168902","493852","51.4114","-0.651936","Cascade Marsh","NA
"
1861,"Quercus robur","169009","494112","51.4123","-0.648159","Gunnes's thicket","NA
"
1862,"Quercus robur","169009","494112","51.4123","-0.648159","Gunnes's thicket","NA
"
1863,"Quercus robur","169009","494112","51.4123","-0.648159","Gunnes's thicket","NA
"
1864,"Quercus robur","169009","494112","51.4123","-0.648159","Gunnes's thicket","NA
"
1865,"Quercus robur","169009","494097","51.4123","-0.648381","Gunnes's thicket","NA
"
1866,"Quercus robur","169008","494100","51.4123","-0.648339","Gunnes's thicket","NA
"
1867,"Quercus robur","169005","494108","51.4123","-0.64822","Gunnes's thicket","NA
"
1868,"Quercus robur","169015","494102","51.4124","-0.648304","Gunnes's thicket","NA
"
1869,"Quercus robur","168997","494122","51.4122","-0.648026","Gunnes's thicket","NA
"
1870,"Quercus robur","168982","494149","51.4121","-0.647638","Gunnes's thicket","NA
"
1871,"Quercus robur","168972","494118","51.412","-0.648086","Gunnes's thicket","NA
"
1872,"Quercus robur","168960","494087","51.4119","-0.648537","Gunnes's thicket","NA
"
1873,"Quercus robur","168961","494089","51.4119","-0.64851","Gunnes's thicket","NA
"
1874,NA,"168962","494024","51.4119","-0.649446","Cascade Marsh","NA
"
1875,"Quercus robur","169026","494006","51.4125","-0.64969","Cascade Marsh","NA
"
1876,"Quercus robur","169042","494006","51.4126","-0.649684","Cascade Marsh","NA
"
1877,"Quercus robur","169023","494015","51.4124","-0.649552","Cascade Marsh","NA
"
1878,"Quercus robur","169034","494016","51.4125","-0.649542","Cascade Marsh","NA
"
1879,"Quercus robur","169018","494014","51.4124","-0.649576","Cascade Marsh","NA
"
1880,"Quercus robur","169020","494016","51.4124","-0.649544","Cascade Marsh","NA
"
1881,"Quercus robur","169012","494021","51.4123","-0.649469","Cascade Marsh","NA
"
1882,"Quercus robur","169024","494016","51.4125","-0.649542","Cascade Marsh","NA
"
1883,"Quercus robur","169016","494021","51.4124","-0.649472","Cascade Marsh","NA
"
1884,"Quercus robur","169000","494047","51.4122","-0.649097","Gunnes's thicket","NA
"
1885,"Quercus robur","169001","494019","51.4122","-0.649509","Gunnes's thicket","NA
"
1886,"Quercus robur","169022","494022","51.4124","-0.649452","Cascade Marsh","NA
"
1887,"Quercus robur","169035","494018","51.4126","-0.649505","Cascade Marsh","NA
"
1888,"Quercus robur","169029","494019","51.4125","-0.649502","Cascade Marsh","NA
"
1889,"Quercus robur","169020","494038","51.4124","-0.649219","Gunnes's thicket","NA
"
1890,"Quercus robur","169011","494050","51.4123","-0.64906","Gunnes's thicket","NA
"
1891,"Quercus robur","169049","494043","51.4127","-0.64915","Gunnes's thicket","NA
"
1892,"Quercus robur","169046","494066","51.4126","-0.648811","Gunnes's thicket","NA
"
1893,"Quercus robur","169043","494071","51.4126","-0.648747","Gunnes's thicket","NA
"
1894,"Quercus robur","169042","494077","51.4126","-0.648652","Gunnes's thicket","NA
"
1895,"Quercus robur","169019","494077","51.4124","-0.648671","Gunnes's thicket","NA
"
1896,"Quercus robur","169015","494072","51.4124","-0.648736","Gunnes's thicket","NA
"
1897,"Quercus robur","169016","494076","51.4124","-0.648686","Gunnes's thicket","NA
"
1898,"Quercus robur","169017","494093","51.4124","-0.648442","Gunnes's thicket","NA
"
1899,"Quercus robur","169030","494105","51.4125","-0.648255","Gunnes's thicket","NA
"
1900,"Quercus robur","169030","494107","51.4125","-0.64823","Gunnes's thicket","NA
"
1901,"Quercus robur","169037","494104","51.4126","-0.648265","Gunnes's thicket","NA
"
1902,"Quercus robur","169039","494104","51.4126","-0.648273","Gunnes's thicket","NA
"
1903,"Quercus robur","169047","494101","51.4126","-0.64831","Gunnes's thicket","NA
"
1904,"Quercus robur","169045","494106","51.4126","-0.648239","Gunnes's thicket","NA
"
1905,"Quercus robur","169052","494103","51.4127","-0.648289","Gunnes's thicket","NA
"
1906,"Quercus robur","169049","494101","51.4127","-0.648319","Gunnes's thicket","NA
"
1907,"Quercus robur","169052","494092","51.4127","-0.648442","Gunnes's thicket","NA
"
1908,"Quercus robur","169052","494097","51.4127","-0.648375","Gunnes's thicket","NA
"
1909,"Quercus robur","169048","494095","51.4127","-0.648403","Gunnes's thicket","NA
"
1910,"Quercus robur","169044","494097","51.4126","-0.648367","Gunnes's thicket","NA
"
1911,"Quercus robur","169039","494097","51.4126","-0.648377","Gunnes's thicket","NA
"
1912,"Quercus robur","169011","494067","51.4123","-0.648811","Gunnes's thicket","NA
"
1913,"Quercus robur","168978","494018","51.412","-0.649527","Gunnes's thicket","NA
"
1914,"Quercus robur","168951","493934","51.4118","-0.650741","Cascade Marsh","NA
"
1915,"Quercus robur","168945","493895","51.4118","-0.651306","Cascade Marsh","NA
"
1916,"Quercus robur","168917","493901","51.4115","-0.651225","Cascade Marsh","NA
"
1917,"Quercus robur","168882","493924","51.4112","-0.650906","Cascade Marsh","veteran
"
1918,"Quercus robur","168856","493899","51.411","-0.651263","Cascade Marsh","NA
"
1919,"Quercus robur","168855","493890","51.411","-0.651394","Cascade Marsh","NA
"
1920,"Quercus robur","168839","493847","51.4108","-0.652024","Cascade Marsh","NA
"
1921,"Quercus robur","169179","494000","51.4138","-0.649724","Mann's Copse","NA
"
1922,"Quercus robur","169184","493995","51.4139","-0.649797","Mann's Copse","NA
"
1923,"Quercus robur","169183","493995","51.4139","-0.6498",NA,"NA
"
1924,"Quercus robur","169180","493996","51.4139","-0.649791","Mann's Copse","NA
"
1925,"Quercus robur","169148","494230","51.4135","-0.646436","Weir wood","NA
"
1926,"Quercus robur","169184","493988","51.4139","-0.649894","Mann's Copse","NA
"
1927,"Quercus robur","169183","493990","51.4139","-0.649871","Mann's Copse","NA
"
1928,"Quercus robur","169178","493974","51.4138","-0.650104","Mann's Copse","NA
"
1929,"Quercus robur","169148","493982","51.4136","-0.649998","Mann's Copse","NA
"
1930,"Quercus robur","169152","493981","51.4136","-0.650017","Mann's Copse","NA
"
1931,"other Quercus","NULL","NULL","NULL","NULL",NA,"NA
"
1932,"Quercus robur","169155","493970","51.4136","-0.650168","Mann's Copse","NA
"
1933,"Quercus robur","169165","493837","51.4137","-0.65208","Mann's Copse","NA
"
1934,"Quercus robur","169182","494382","51.4138","-0.644237",NA,"bad GPS?
"
1935,"Quercus robur","169304","493924","51.415","-0.650791","Farm Wood","NA
"
1936,"Acer pseudoplatanus","169275","493882","51.4147","-0.651402",NA,"NA
"
1937,"Quercus robur","169296","493914","51.4149","-0.650941","Farm Wood","NA
"
1938,"Quercus robur","169257","493925","51.4146","-0.650788","Farm Wood","NA
"
1939,"Quercus robur","169257","493947","51.4146","-0.650477","Farm Wood","NA
"
1940,"Quercus robur","169260","493945","51.4146","-0.6505","Farm Wood","NA
"
1941,"Quercus robur","169265","493944","51.4146","-0.650512","Farm Wood","NA
"
1942,"Quercus robur","169266","493942","51.4146","-0.650538","Farm Wood","NA
"
1943,"Quercus robur","NULL","NULL","NULL","NULL","Farm Wood","NA
"
1944,"other Quercus","NULL","NULL","NULL","NULL","Farm Wood","NA
"
1945,"Quercus robur","169193","493998","51.414","-0.649754","Mann's Copse","NA
"
1946,"Quercus robur","169190","494012","51.4139","-0.649559","Mann's Copse","NA
"
1947,"Quercus robur","169190","494011","51.4139","-0.649575","Mann's Copse","NA
"
1948,"Quercus robur","169214","494000","51.4142","-0.649713","Farm Wood","NA
"
1949,"Quercus robur","169249","494013","51.4145","-0.649518","Farm Wood","NA
"
1950,"Quercus robur","169285","494020","51.4148","-0.649414","Farm Wood","NA
"
1951,NA,"168927","493755","51.4116","-0.653324","Mann's Copse","NA
"
1952,"Quercus robur","168922","493753","51.4116","-0.65335","Mann's Copse","NA
"
1953,"Quercus robur","168921","493753","51.4116","-0.653352","Mann's Copse","NA
"
1954,"Quercus robur","168915","493753","51.4115","-0.653347","Mann's Copse","NA
"
1955,"Quercus robur","168915","493751","51.4115","-0.653378","Mann's Copse","NA
"
1956,"Quercus robur","168917","493755","51.4115","-0.653317","Mann's Copse","NA
"
1957,"Quercus robur","168911","493741","51.4115","-0.653517","Mann's Copse","NA
"
1958,"Quercus robur","168927","493757","51.4116","-0.653283","Mann's Copse","NA
"
1959,"Quercus robur","168926","493760","51.4116","-0.653242","Mann's Copse","NA
"
1960,"Quercus robur","168929","493765","51.4116","-0.653168","Mann's Copse","NA
"
1961,"Quercus robur","168930","493762","51.4116","-0.65321","Mann's Copse","NA
"
1962,"Quercus robur","168939","493755","51.4117","-0.653318","Mann's Copse","NA
"
1963,"Quercus robur","168962","493753","51.4119","-0.653332","Mann's Copse","NA
"
1964,"Quercus robur","168949","493759","51.4118","-0.653253","Mann's Copse","NA
"
1965,"Quercus robur","168847","493813","51.4109","-0.652512","Cascade Marsh","NA
"
1966,"Quercus robur","168854","493803","51.411","-0.65265","Cascade Marsh","NA
"
1967,"Quercus robur","168855","493796","51.411","-0.652742","Cascade Marsh","NA
"
1968,"Quercus robur","168976","493765","51.4121","-0.65316","Mann's Copse","NA
"
1969,"Quercus robur","168991","493784","51.412191","-0.652884","Mann's Copse","NA
"
1970,"Quercus robur","NULL","NULL","NULL","NULL","Mann's Copse","NA
"
1971,"Quercus robur","NULL","NULL","NULL","NULL","Mann's Copse","NA
"
1972,"Quercus robur","168998","493812","51.4123","-0.65248","Mann's Copse","NA
"
1973,"Quercus robur","168955","493715","51.411878","-0.653887","Mann's Copse","NA
"
1974,"Acer pseudoplatanus","168997","493677","51.4123","-0.654415","Mann's Copse","NA
"
1975,"Quercus robur","169065","493727","51.4129","-0.653682","Mann's Copse","NA
"
1976,"Quercus robur","169062","493742","51.4128","-0.653468","Mann's Copse","NA
"
1977,"Quercus robur","169063","493741","51.4128","-0.653482","Mann's Copse","NA
"
1978,"Quercus robur","169071","493738","51.4129","-0.653525",NA,"NA
"
1979,"Quercus robur","169078","493741","51.413","-0.653475","Mann's Copse","NA
"
1980,"Quercus robur","169058","493745","51.4128","-0.653422","Mann's Copse","NA
"
1981,"Quercus robur","169080","493748","51.413","-0.653377","Mann's Copse","NA
"
1982,"Quercus robur","169068","493771","51.4129","-0.653057","Mann's Copse","NA
"
1983,"Quercus robur","169159","493790","51.4137","-0.652749","Mann's Copse","NA
"
1984,"Quercus robur","169158","493807","51.4137","-0.652505","Mann's Copse","NA
"
1985,"Quercus robur","169044","493790","51.4127","-0.652787","Mann's Copse","NA
"
1986,"Quercus robur","169033","493779","51.4126","-0.652951","Mann's Copse","NA
"
1987,"Quercus robur","169008","493738","51.4124","-0.653545","Mann's Copse","NA
"
1988,"Quercus robur","169058","493847","51.4128","-0.651954","Mann's Copse","NA
"
1989,"Quercus robur","169060","493852","51.4128","-0.651892","Mann's Copse","NA
"
1990,"Quercus robur","169052","493847","51.4127","-0.65196","Mann's Copse","NA
"
1991,"Quercus robur","169049","493847","51.4127","-0.651966","Mann's Copse","NA
"
1992,"Quercus robur","169020","493837","51.4124","-0.652112","Mann's Copse","NA
"
1993,"Quercus robur","169020","493833","51.4125","-0.652175","Mann's Copse","NA
"
1994,"Quercus robur","169013","493822","51.4124","-0.652337","Mann's Copse","veteran
"
1995,"Quercus robur","168995","493850","51.4122","-0.651932","Mann's Copse","NA
"
1996,"Quercus robur","169001","493852","51.4123","-0.651898","Mann's Copse","NA
"
1997,"Quercus robur","168984","493840","51.4121","-0.652074","Mann's Copse","NA
"
1998,"Alnus sp.","169000","493837","51.4123","-0.652122","Mann's Copse","NA
"
1999,"Quercus robur","168997","493861","51.4122","-0.651778","Mann's Copse","NA
"
2000,"Quercus robur","169104","493980","51.4132","-0.650035","Mann's Copse","NA
"
2001,"Quercus robur","NULL","NULL","NULL","NULL",NA,"NA
"
2002,"Quercus robur","NULL","NULL","NULL","NULL",NA,"NA
"
2003,"Quercus robur","169413","493758","51.416","-0.653151","Pound Hill Field","NA
"
2004,"Quercus robur","169413","493757","51.416","-0.653161","Pound Hill Field","NA
"
2005,"Quercus robur","169431","493838","51.4161","-0.651994","Pound Hill Field","NA
"
2006,"Quercus robur","169445","493880","51.4163","-0.651383","Pound Hill Field","NA
"
2007,"Quercus robur","169435","493882","51.4162","-0.651352","Pound Hill Field","NA
"
2008,"Quercus robur","169447","493876","51.4163","-0.651439","Pound Hill Field","NA
"
2009,"Quercus robur","169416","493848","51.416","-0.651848","Pound Hill Field","NA
"
2010,"Quercus robur","169407","493864","51.4159","-0.651622","Pound Hill Field","NA
"
2011,"Quercus robur","169424","493920","51.4161","-0.65081","Pound Hill Field","NA
"
2012,"Quercus robur","169433","493887","51.4162","-0.65129","Pound Hill Field","NA
"
2013,"Quercus robur","169426","493905","51.4161","-0.651029","Pound Hill Field","NA
"
2014,"Quercus robur","169420","493896","51.416","-0.651154","Pound Hill Field","NA
"
2015,"Quercus robur","169421","493906","51.416","-0.651013","Pound Hill Field","NA
"
2016,"Quercus robur","169417","493909","51.416","-0.650979","Pound Hill Field","NA
"
2017,"Quercus robur","169420","493919","51.416","-0.650825","Pound Hill Field","NA
"
2018,"Quercus robur","169428","493924","51.4161","-0.650752","Pound Hill Field","NA
"
2019,"Quercus robur","169422","493926","51.416","-0.650726","Pound Hill Field","NA
"
2020,"Quercus robur","169418","493942","51.416","-0.650503","Pound Hill Field","NA
"
2021,"Quercus robur","169425","493935","51.4161","-0.650595","Pound Hill Field","NA
"
2022,"Quercus robur","169407","493935","51.4159","-0.650608","Pound Hill Field","NA
"
2023,"Quercus robur","169421","493932","51.416","-0.650641","Pound Hill Field","NA
"
2024,"Quercus robur","169408","493921","51.4159","-0.650811","Pound Hill Field","NA
"
2025,"other Quercus","169407","493913","51.4159","-0.650921","Pound Hill Field","NA
"
2026,"Quercus robur","169389","493914","51.4157","-0.650914","Pound Hill Field","NA
"
2027,"Quercus robur","169402","493926","51.4159","-0.65074","Pound Hill Field","NA
"
2028,"Quercus robur","169403","493953","51.4159","-0.650347","Pound Hill Field","NA
"
2029,"Quercus robur","169401","493954","51.4158","-0.650333","Pound Hill Field","NA
"
2030,"Quercus robur","169366","493876","51.4156","-0.651458","Pound Hill Field","NA
"
2031,"Quercus robur","169360","493879","51.4155","-0.651427","Pound Hill Field","NA
"
2032,"Quercus robur","169353","493881","51.4154","-0.6514","Pound Hill Field","NA
"
2033,"Quercus robur","169349","493885","51.4154","-0.65134","Pound Hill Field","NA
"
2034,"Quercus robur","169351","493884","51.4154","-0.651356","Pound Hill Field","NA
"
2035,"Quercus robur","169351","493885","51.4154","-0.651335","Pound Hill Field","NA
"
2036,"Quercus robur","169347","493882","51.4154","-0.65138","Pound Hill Field","NA
"
2037,"Quercus robur","169348","493887","51.4154","-0.651303","Pound Hill Field","NA
"
2038,"Quercus robur","169346","493881","51.4154","-0.651389","Pound Hill Field","NA
"
2039,"Quercus robur","169340","493881","51.4153","-0.651393","Pound Hill Field","NA
"
2040,"Quercus robur","169338","493886","51.4153","-0.651325","Pound Hill Field","NA
"
2041,"Quercus robur","169337","493885","51.4153","-0.651336","Pound Hill Field","NA
"
2042,"Quercus robur","169343","493888","51.4153","-0.651304","Pound Hill Field","NA
"
2043,"Quercus robur","169379","493822","51.4157","-0.65224","Pound Hill Field","Felled for mesocosms expansion
"
2044,"Quercus robur","169368","493817","51.4156","-0.65231","Pound Hill Field","Felled for mesocosms expansion
"
2045,"Quercus robur","169291","493744","51.4149","-0.653376","Pound Hill Field","NA
"
2046,"Quercus robur","169177","493821","51.4139","-0.652301","Mann's Copse","NA
"
2047,"Quercus robur","169181","493825","51.4139","-0.652241","Mann's Copse","NA
"
2048,"Quercus robur","169179","493825","51.4139","-0.652238","Mann's Copse","NA
"
2049,"Quercus robur","169183","493830","51.4139","-0.652167","Mann's Copse","NA
"
2050,"Quercus robur","169186","493827","51.4139","-0.65221","Mann's Copse","NA
"
2051,"Quercus robur","169182","493837","51.4139","-0.652067","Mann's Copse","NA
"
2052,"Quercus robur","169184","493839","51.4139","-0.652038","Mann's Copse","NA
"
2053,"Quercus robur","169182","493838","51.4139","-0.652053","Mann's Copse","NA
"
2054,"Quercus robur","169179","493846","51.4139","-0.651949","Mann's Copse","NA
"
2055,"Quercus robur","169183","493841","51.4139","-0.652014","Mann's Copse","NA
"
2056,"Quercus robur","169189","493837","51.414","-0.652064","Mann's Copse","NA
"
2057,"Quercus robur","169196","493843","51.414026","-0.651989","Mann's Copse","NA
"
2058,"Quercus robur","169182","493843","51.4139","-0.651983","Mann's Copse","NA
"
2059,"Quercus robur","169189","493843","51.414","-0.651989","Mann's Copse","NA
"
2060,"Quercus robur","169170","493844","51.4138","-0.651977","Mann's Copse","NA
"
2061,"Quercus robur","169175","493854","51.4138","-0.651828","Mann's Copse","NA
"
2062,"Quercus robur","169176","493857","51.4138","-0.651788","Mann's Copse","NA
"
2063,"Quercus robur","169184","493853","51.4139","-0.651841","Mann's Copse","NA
"
2064,"Quercus robur","169185","493850","51.4139","-0.651883","Mann's Copse","NA
"
2065,"Quercus robur","169187","493847","51.4139","-0.651932","Mann's Copse","NA
"
2066,"Quercus robur","169185","493848","51.4139","-0.65191","Mann's Copse","NA
"
2067,"Quercus robur","169186","493849","51.4139","-0.651901","Mann's Copse","NA
"
2068,"Quercus robur","169186","493849","51.4139","-0.651894","Mann's Copse","NA
"
2069,"Quercus robur","169180","493851","51.4139","-0.65187","Mann's Copse","NA
"
2070,"Quercus robur","169187","493983","51.4139","-0.649968","Mann's Copse","NA
"
2071,"Quercus robur","169188","493983","51.4139","-0.649968","Mann's Copse","NA
"
2072,"Quercus robur","169190","493978","51.414","-0.65004","Mann's Copse","NA
"
2073,"Quercus robur","169192","493978","51.414","-0.650046","Mann's Copse","NA
"
2074,"Quercus robur","169114","493721","51.4133","-0.653754",NA,"NA
"
2075,"Quercus robur","169135","493723","51.4135","-0.653726",NA,"NA
"
2076,"Quercus robur","169131","493730","51.4135","-0.653623",NA,"NA
"
2077,"Quercus robur","169135","493727","51.4135","-0.653661",NA,"NA
"
2078,"Quercus robur","169146","493742","51.4136","-0.653443",NA,"NA
"
2079,"Quercus robur","169170","493724","51.4138","-0.653693",NA,"NA
"
2080,"Quercus robur","169175","493738","51.4139","-0.653496",NA,"NA
"
2081,"Quercus robur","169173","493752","51.4138","-0.653302",NA,"NA
"
2082,"Quercus robur","169173","493754","51.4138","-0.653261",NA,"NA
"
2083,"Quercus robur","169180","493772","51.4139","-0.653011",NA,"NA
"
2084,"Quercus robur","169202","493749","51.4141","-0.653332",NA,"veteran
"
2085,"Quercus robur","169173","493771","51.4138","-0.653026",NA,"NA
"
2086,"Quercus robur","169164","493772","51.4138","-0.653004",NA,"NA
"
2087,"Quercus robur","169170","493771","51.4138","-0.653023",NA,"NA
"
2088,"Quercus robur","169173","493754","51.4138","-0.653269",NA,"NA
"
2089,"Quercus robur","169175","493738","51.4139","-0.653498",NA,"NA
"
2090,"Quercus robur","169226","493734","51.4143","-0.653545",NA,"veteran
"
2091,"Quercus robur","169285","493747","51.4148","-0.653342",NA,"NA
"
2092,"Quercus robur","169286","493746","51.4149","-0.653356",NA,"NA
"
2093,"Quercus robur","169330","493667","51.4153","-0.654474","Pound Hill Field","NA
"
2094,"Quercus robur","169330","493666","51.4153","-0.654488","Pound Hill Field","NA
"
2095,"Quercus robur","169328","493663","51.4152","-0.654532","Pound Hill Field","NA
"
2096,"Quercus robur","169287","493994","51.4148","-0.649793","Farm Wood","NA
"
2097,"Quercus robur","169286","493991","51.4148","-0.649831","Farm Wood","NA
"
2098,"Quercus robur","169336","493986","51.4153","-0.649896","Farm Wood","NA
"
2099,"Quercus robur","169272","494076","51.4147","-0.648616","Farm Wood","Sold land
"
2100,"Quercus robur","169263","494073","51.4146","-0.648665","Farm Wood","Sold land
"
2101,"Quercus robur","169260","494051","51.4146","-0.648975","Farm Wood","NA
"
2102,"Quercus robur","169241","494063","51.4144","-0.648806","Farm Wood","NA
"
2103,"Quercus robur","169229","494065","51.4143","-0.64878","Farm Wood","NA
"
2104,"Quercus robur","169233","494062","51.4143","-0.64883","Farm Wood","NA
"
2105,"Quercus robur","169225","494055","51.4143","-0.648925","Farm Wood","NA
"
2106,"Quercus robur","169237","494038","51.4144","-0.649161","Farm Wood","NA
"
2107,"Quercus robur","169195","494092","51.414","-0.648409","Farm Wood","NA
"
2108,"Quercus robur","169215","494164","51.4141","-0.647365","Farm Wood","NA
"
2109,"Quercus robur","169248","494184","51.4144","-0.64707","Farm Wood","Sold land
"
2110,"Quercus robur","169174","494151","51.4138","-0.647566","Farm Wood","NA
"
2111,"Quercus robur","169164","494128","51.4137","-0.647887","Farm Wood","NA
"
2112,"Quercus robur","169174","494117","51.4138","-0.648051","Farm Wood","NA
"
2113,"Quercus robur","169150","494156","51.4136","-0.647498","Farm Wood","NA
"
2114,"Quercus robur","169174","494117","51.4138","-0.64805","Farm Wood","NA
"
2115,"Quercus robur","169351","494028","51.4154","-0.649285","Cheapside Field","NA
"
2116,"Quercus robur","169350","494021","51.4154","-0.649376","Cheapside Field","NA
"
2117,"Quercus robur","169345","494028","51.4153","-0.649287","Cheapside Field","NA
"
2118,"Quercus robur","169347","494031","51.4154","-0.649234","Cheapside Field","NA
"
2119,"Quercus robur","169356","494027","51.4154","-0.649291","Cheapside Field","NA
"
2120,"Quercus robur","169358","494026","51.4155","-0.649303","Cheapside Field","NA
"
2121,"Quercus robur","169355","494031","51.4154","-0.649231","Cheapside Field","NA
"
2122,"Quercus robur","169358","494031","51.4155","-0.64923","Cheapside Field","NA
"
2123,"Quercus robur","169357","494032","51.4154","-0.649217","Cheapside Field","NA
"
2124,"Quercus robur","169358","494032","51.4154","-0.649226","Cheapside Field","NA
"
2125,"Quercus robur","169366","494032","51.4155","-0.649223","Cheapside Field","NA
"
2126,"Quercus robur","169358","494034","51.4155","-0.649195","Cheapside Field","NA
"
2127,"Quercus robur","169362","494040","51.4155","-0.649102","Cheapside Field","NA
"
2128,"Quercus robur","169363","494037","51.4155","-0.649153","Cheapside Field","NA
"
2129,"Quercus robur","169354","494037","51.4154","-0.649147","Cheapside Field","NA
"
2130,"Quercus robur","169356","494035","51.4154","-0.649182","Cheapside Field","NA
"
2131,"Quercus robur","169353","494040","51.4154","-0.649111","Cheapside Field","NA
"
2132,"Quercus robur","169361","494043","51.4155","-0.64906","Cheapside Field","NA
"
2133,"Quercus robur","169360","494046","51.4155","-0.649025","Cheapside Field","NA
"
2134,"Quercus robur","169348","494041","51.4154","-0.649094","Cheapside Field","NA
"
2135,"Quercus robur","169347","494044","51.4154","-0.64906","Cheapside Field","NA
"
2136,"Quercus robur","169352","494046","51.4154","-0.649025","Cheapside Field","NA
"
2137,"Quercus robur","169352","494044","51.4154","-0.649051","Cheapside Field","NA
"
2138,"Quercus robur","169357","494052","51.4154","-0.64893","Cheapside Field","NA
"
2139,"Quercus robur","169349","494051","51.4154","-0.648945","Cheapside Field","NA
"
2140,"Quercus robur","169366","494055","51.4155","-0.64889","Cheapside Field","NA
"
2141,"Quercus robur","169353","494056","51.4154","-0.648875","Cheapside Field","NA
"
2142,"Quercus robur","169356","494057","51.4154","-0.648864","Cheapside Field","NA
"
2143,"Quercus robur","169345","494057","51.4153","-0.648872","Cheapside Field","NA
"
2144,"Quercus robur","169339","494054","51.4153","-0.648914","Cheapside Field","NA
"
2145,"Quercus robur","169336","494058","51.4152","-0.648861","Cheapside Field","NA
"
2146,"Quercus robur","169343","494057","51.4153","-0.648873","Cheapside Field","NA
"
2147,"Quercus robur","169041","494058","51.4126","-0.648939","Gunnes's thicket","NA
"
2148,"Quercus robur","169014","494063","51.4124","-0.648862","Gunnes's thicket","NA
"
2149,"Quercus robur","169053","494098","51.4127","-0.648349","Gunnes's thicket","NA
"
2150,"Quercus robur","169000","494090","51.4122","-0.648482","Gunnes's thicket","NA
"
2151,"Quercus robur","169001","494089","51.4122","-0.648495","Gunnes's thicket","NA
"
2152,"Quercus robur","168975","494160","51.412","-0.647483",NA,"NA
"
2153,"Quercus robur","169016","494153","51.4124","-0.647569","Gunnes's thicket","NA
"
2154,"Quercus robur","169263","494207","51.4146","-0.646729",NA,"NA
"
2155,"Quercus robur","169267","494211","51.4146","-0.646673",NA,"NA
"
2156,"Quercus robur","169302","494234","51.4149","-0.646335","Cheapside Field","NA
"
2157,"Quercus robur","169305","494226","51.4149","-0.646446","Cheapside Field","NA
"
2158,"Quercus robur","169317","494226","51.4151","-0.646446","Cheapside Field","NA
"
2159,"Quercus robur","169315","494221","51.415","-0.646515","Cheapside Field","NA
"
2160,"Quercus robur","169314","494219","51.415","-0.646549","Cheapside Field","NA
"
2161,"Quercus robur","169325","494224","51.4151","-0.646473","Cheapside Field","NA
"
2162,"Quercus robur","169311","494225","51.415","-0.646467","Cheapside Field","NA
"
2163,"Quercus robur","169324","494233","51.4151","-0.646342","Cheapside Field","NA
"
2164,"Quercus robur","169325","494229","51.4151","-0.646393","Cheapside Field","NA
"
2165,"Quercus robur","169332","494253","51.4152","-0.646052","Cheapside Field","veteran
"
2166,"Quercus robur","169347","494262","51.4153","-0.645919","Cheapside Field","NA
"
2167,"Quercus robur","169343","494263","51.4153","-0.645909","Cheapside Field","NA
"
2168,"Quercus robur","169346","494266","51.4153","-0.645868","Cheapside Field","NA
"
2169,"Quercus robur","169343","494265","51.4153","-0.64588","Cheapside Field","NA
"
2170,"Quercus robur","169340","494265","51.4153","-0.645878","Cheapside Field","NA
"
2171,"Quercus robur","169339","494274","51.4152","-0.645749","Cheapside Field","NA
"
2172,"Quercus robur","169352","494271","51.4154","-0.645782","Cheapside Field","NA
"
2173,"Quercus robur","169349","494267","51.4153","-0.645853","Cheapside Field","NA
"
2174,"Quercus robur","169352","494269","51.4154","-0.645823","Cheapside Field","NA
"
2175,"Quercus robur","169350","494273","51.4153","-0.645756","Cheapside Field","NA
"
2176,"Quercus robur","169357","494275","51.4154","-0.645733","Cheapside Field","NA
"
2177,"Quercus robur","169354","494283","51.4154","-0.645622","Cheapside Field","NA
"
2178,"Quercus robur","169358","494281","51.4154","-0.645644","Cheapside Field","NA
"
2179,"Quercus robur","169364","494275","51.4155","-0.645725","Cheapside Field","NA
"
2180,"Quercus robur","169363","494279","51.4155","-0.645675","Cheapside Field","NA
"
2181,"Quercus robur","169362","494276","51.4154","-0.645715","Cheapside Field","NA
"
2182,"Quercus robur","169363","494274","51.4155","-0.645737","Cheapside Field","NA
"
2183,"Quercus robur","169365","494276","51.4155","-0.64571","Cheapside Field","NA
"
2184,"Quercus robur","169364","494277","51.4155","-0.645694","Cheapside Field","NA
"
2185,"Quercus robur","169367","494279","51.4155","-0.645674","Cheapside Field","NA
"
2186,"Quercus robur","169368","494277","51.4155","-0.645695","Cheapside Field","NA
"
2187,"Quercus robur","169342","494288","51.4153","-0.645543","Cheapside Field","NA
"
2188,"Quercus robur","169342","494289","51.4153","-0.645538","Cheapside Field","NA
"
2189,"Quercus robur","169342","494290","51.4153","-0.645521","Cheapside Field","NA
"
2190,"Quercus robur","169350","494312","51.4153","-0.645195","Cheapside Field","NA
"
2191,"Quercus robur","169378","494346","51.4156","-0.64471","Cheapside Field","NA
"
2192,"Quercus robur","169376","494348","51.4156","-0.644675","Cheapside Field","NA
"
2193,"Quercus robur","169388","494350","51.4157","-0.644639","Cheapside Field","NA
"
2194,"Quercus robur","169394","494351","51.4157","-0.644628","Cheapside Field","NA
"
2195,"Quercus robur","169402","494347","51.4158","-0.644682","Cheapside Field","NA
"
2196,"Quercus robur","169407","494352","51.4158","-0.644609","Cheapside Field","NA
"
2197,"Quercus robur","169410","494352","51.4159","-0.644615","Cheapside Field","NA
"
2198,"Quercus robur","169410","494352","51.4159","-0.644607","Cheapside Field","NA
"
2199,"Quercus robur","169411","494353","51.4159","-0.644592","Cheapside Field","NA
"
2200,"Quercus robur","169411","494354","51.4159","-0.644586","Cheapside Field","NA
"
2201,"Quercus robur","169409","494350","51.4159","-0.644639","Cheapside Field","NA
"
2202,"Quercus robur","169408","494349","51.4158","-0.644647","Cheapside Field","NA
"
2203,"Quercus robur","169408","494349","51.4158","-0.644654","Cheapside Field","NA
"
2204,"Quercus robur","169410","494344","51.4159","-0.644719","Cheapside Field","NA
"
2205,"Quercus robur","169407","494344","51.4158","-0.644725","Cheapside Field","NA
"
2206,"Quercus robur","169410","494346","51.4159","-0.644691","Cheapside Field","NA
"
2207,"Quercus robur","169412","494345","51.4159","-0.64471","Cheapside Field","NA
"
2208,"Quercus robur","169413","494349","51.4159","-0.644652","Cheapside Field","NA
"
2209,"Quercus robur","169425","494351","51.416","-0.644621","Cheapside Field","NA
"
2210,"Quercus robur","169421","494348","51.416","-0.644662","Cheapside Field","NA
"
2211,"Quercus robur","169419","494345","51.4159","-0.6447","Cheapside Field","NA
"
2212,"Quercus robur","169420","494347","51.416","-0.644678","Cheapside Field","NA
"
2213,"Quercus robur","169417","494345","51.4159","-0.644701","Cheapside Field","NA
"
2214,"Quercus robur","169417","494345","51.4159","-0.64471","Cheapside Field","NA
"
2215,"Quercus robur","169414","494348","51.4159","-0.644668","Cheapside Field","NA
"
2216,"Quercus robur","169414","494349","51.4159","-0.644647","Cheapside Field","NA
"
2217,"Quercus robur","169420","494345","51.416","-0.644703","Cheapside Field","NA
"
2218,"Quercus robur","169417","494340","51.4159","-0.644777","Cheapside Field","NA
"
2219,"Quercus robur","169417","494341","51.4159","-0.644766","Cheapside Field","NA
"
2220,"Quercus robur","169416","494343","51.4159","-0.644734","Cheapside Field","NA
"
2221,"Quercus robur","169425","494347","51.416","-0.644681","Cheapside Field","NA
"
2222,"Quercus robur","169426","494342","51.416","-0.644751","Cheapside Field","NA
"
2223,"Quercus robur","169423","494336","51.416","-0.644829","Cheapside Field","NA
"
2224,"Quercus robur","169430","494344","51.416","-0.644722","Cheapside Field","NA
"
2225,"Quercus robur","169421","494306","51.416","-0.645266","Cheapside Field","NA
"
2226,"Quercus robur","169417","494314","51.4159","-0.645152","Cheapside Field","NA
"
2227,"Quercus robur","169405","494310","51.4158","-0.645218","Cheapside Field","NA
"
2228,"Quercus robur","169398","494305","51.4158","-0.645283","Cheapside Field","NA
"
2229,"Quercus robur","169401","494309","51.4158","-0.64523","Cheapside Field","NA
"
2230,"Quercus robur","169398","494312","51.4158","-0.645184","Cheapside Field","NA
"
2231,"Quercus robur","169411","494305","51.4159","-0.645278","Cheapside Field","NA
"
2232,"Quercus robur","169395","494300","51.4157","-0.645357","Cheapside Field","NA
"
2233,"Quercus robur","169398","494303","51.4158","-0.645312","Cheapside Field","NA
"
2234,"Quercus robur","169408","494306","51.4159","-0.645276","Cheapside Field","NA
"
2235,"Quercus robur","169399","494304","51.4158","-0.645305","Cheapside Field","NA
"
2236,"Quercus robur","169397","494303","51.4158","-0.645311","Cheapside Field","NA
"
2237,"Quercus robur","169401","494300","51.4158","-0.645352","Cheapside Field","NA
"
2238,"Quercus robur","169395","494295","51.4157","-0.645436","Cheapside Field","NA
"
2239,"Quercus robur","169404","494297","51.4158","-0.645404","Cheapside Field","NA
"
2240,"Quercus robur","169415","494290","51.4159","-0.645497","Cheapside Field","NA
"
2241,"Quercus robur","169415","494284","51.4159","-0.645582","Cheapside Field","NA
"
2242,"Quercus robur","169427","494281","51.416","-0.645628","Cheapside Field","NA
"
2243,"Quercus robur","169431","494286","51.4161","-0.645549","Cheapside Field","NA
"
2244,"Quercus robur","169427","494276","51.416","-0.645699","Cheapside Field","NA
"
2245,"Quercus robur","169419","494279","51.416","-0.645657","Cheapside Field","NA
"
2246,"Quercus robur","169418","494281","51.416","-0.645633","Cheapside Field","NA
"
2247,"Quercus robur","169419","494281","51.416","-0.645632","Cheapside Field","NA
"
2248,"Quercus robur","169412","494262","51.4159","-0.645901","Cheapside Field","NA
"
2249,"Quercus robur","169403","494280","51.4158","-0.645642","Cheapside Field","NA
"
2250,"Quercus robur","169412","494283","51.4159","-0.645598","Cheapside Field","NA
"
2251,"Quercus robur","169417","494282","51.4159","-0.645607","Cheapside Field","NA
"
2252,"Quercus robur","169410","494290","51.4159","-0.645494","Cheapside Field","NA
"
2253,"Quercus robur","169400","494290","51.4158","-0.645509","Cheapside Field","NA
"
2254,"Quercus robur","169399","494286","51.4158","-0.645563","Cheapside Field","NA
"
2255,"Quercus robur","169399","494289","51.4158","-0.645521","Cheapside Field","NA
"
2256,"Quercus robur","169388","494262","51.4157","-0.645907","Cheapside Field","veteran
"
2257,"Quercus robur","169378","494251","51.4156","-0.646063","Cheapside Field","NA
"
2258,"Quercus robur","169369","494262","51.4155","-0.645914","Cheapside Field","NA
"
2259,"Quercus robur","169378","494260","51.4156","-0.645942","Cheapside Field","NA
"
2260,"Quercus robur","169366","494262","51.4155","-0.645916","Cheapside Field","NA
"
2261,"Quercus robur","169360","494261","51.4154","-0.645935","Cheapside Field","NA
"
2262,"Quercus robur","169355","494262","51.4154","-0.645918","Cheapside Field","NA
"
2263,"Quercus robur","169352","494258","51.4154","-0.64597","Cheapside Field","NA
"
2264,"Quercus robur","169357","494258","51.4154","-0.645978","Cheapside Field","NA
"
2265,"Quercus robur","169351","494256","51.4154","-0.646","Cheapside Field","NA
"
2266,"Quercus robur","169361","494255","51.4154","-0.646019","Cheapside Field","NA
"
2267,"Quercus robur","169350","494263","51.4153","-0.64591","Cheapside Field","NA
"
2268,"Quercus robur","169346","494256","51.4153","-0.646008","Cheapside Field","NA
"
2269,"Quercus robur","169345","494259","51.4153","-0.645969","Cheapside Field","NA
"
2270,"Quercus robur","169346","494255","51.4153","-0.64602","Cheapside Field","NA
"
2271,"Quercus robur","169352","494251","51.4154","-0.64608","Cheapside Field","NA
"
2272,"Quercus robur","169351","494252","51.4154","-0.646069","Cheapside Field","NA
"
2273,"Quercus robur","169351","494249","51.4154","-0.646101","Cheapside Field","NA
"
2274,"Quercus robur","169348","494243","51.4153","-0.646194","Cheapside Field","NA
"
2275,"Quercus robur","169385","494239","51.4157","-0.646237","Cheapside Field","NA
"
2276,"Quercus robur","169394","494207","51.4157","-0.646699","Cheapside Field","NA
"
2277,"Quercus robur","169395","494203","51.4158","-0.646756","Cheapside Field","NA
"
2278,"Quercus robur","169392","494202","51.4157","-0.646776","Cheapside Field","NA
"
2279,"Quercus robur","169395","494197","51.4158","-0.646834","Cheapside Field","NA
"
2280,"Quercus robur","169394","494191","51.4157","-0.646921","Cheapside Field","NA
"
2281,"Quercus robur","169393","494190","51.4157","-0.646941","Cheapside Field","NA
"
2282,"Quercus robur","169387","494185","51.4157","-0.647008","Cheapside Field","NA
"
2283,"Quercus robur","169396","494186","51.4158","-0.647004","Cheapside Field","NA
"
2284,"Quercus robur","169384","494179","51.4157","-0.647105","Cheapside Field","NA
"
2285,"Quercus robur","169387","494164","51.4157","-0.64731","Cheapside Field","NA
"
2286,"Quercus robur","169381","494178","51.4156","-0.64712","Cheapside Field","NA
"
2287,"Quercus robur","169385","494184","51.4157","-0.647033","Cheapside Field","NA
"
2288,"Quercus robur","169386","494191","51.4157","-0.646924","Cheapside Field","NA
"
2289,"Quercus robur","169384","494193","51.4157","-0.646903","Cheapside Field","NA
"
2290,"Quercus robur","169383","494194","51.4156","-0.646885","Cheapside Field","NA
"
2291,"Quercus robur","169383","494198","51.4156","-0.646827","Cheapside Field","NA
"
2292,"Quercus robur","169386","494199","51.4157","-0.646812","Cheapside Field","NA
"
2293,"Quercus robur","169391","494206","51.4157","-0.646708","Cheapside Field","NA
"
2294,"Quercus robur","169388","494206","51.4157","-0.646712","Cheapside Field","NA
"
2295,"Quercus robur","169389","494207","51.4157","-0.646697","Cheapside Field","NA
"
2296,"Quercus robur","169385","494209","51.4157","-0.646665","Cheapside Field","NA
"
2297,"Quercus robur","169397","494213","51.4158","-0.646613","Cheapside Field","NA
"
2298,"Quercus robur","169390","494215","51.4157","-0.646579","Cheapside Field","NA
"
2299,"Quercus robur","169392","494219","51.4157","-0.646523","Cheapside Field","NA
"
2300,"Quercus robur","169388","494219","51.4157","-0.646529","Cheapside Field","NA
"
2301,"Quercus robur","169383","494204","51.4156","-0.646736","Cheapside Field","NA
"
2302,"Quercus robur","169380","494203","51.4156","-0.646752","Cheapside Field","NA
"
2303,"Quercus robur","169376","494200","51.4156","-0.646801","Cheapside Field","NA
"
2304,"Quercus robur","169373","494202","51.4156","-0.646768","Cheapside Field","NA
"
2305,"Quercus robur","169373","494211","51.4156","-0.64664","Cheapside Field","NA
"
2306,"Quercus robur","169367","494209","51.4155","-0.646682","Cheapside Field","NA
"
2307,"Quercus robur","169379","494218","51.4156","-0.64654","Cheapside Field","NA
"
2308,"Quercus robur","169373","494224","51.4156","-0.646455","Cheapside Field","NA
"
2309,"Quercus robur","169370","494221","51.4155","-0.646499","Cheapside Field","NA
"
2310,"Quercus robur","169371","494220","51.4155","-0.646521","Cheapside Field","NA
"
2311,"Quercus robur","169371","494220","51.4155","-0.64652","Cheapside Field","NA
"
2312,"Quercus robur","169369","494219","51.4155","-0.646531","Cheapside Field","NA
"
2313,"Quercus robur","169369","494211","51.4155","-0.64665","Cheapside Field","NA
"
2314,"Quercus robur","169362","494219","51.4155","-0.646537","Cheapside Field","NA
"
2315,"Quercus robur","169362","494217","51.4155","-0.646559","Cheapside Field","NA
"
2316,"Quercus robur","169337","494217","51.4152","-0.646562","Cheapside Field","NA
"
2317,"Quercus robur","169337","494217","51.4152","-0.646564","Cheapside Field","NA
"
2318,"Quercus robur","169353","494197","51.4154","-0.646851","Cheapside Field","NA
"
2319,"Quercus robur","169352","494194","51.4154","-0.6469","Cheapside Field","NA
"
2320,"Quercus robur","169326","494189","51.4151","-0.646967","Cheapside Field","NA
"
2321,"Quercus robur","169320","494155","51.4151","-0.64746","Cheapside Field","NA
"
2322,"Quercus robur","169336","494145","51.4152","-0.647604","Cheapside Field","NA
"
2323,"Quercus robur","169339","494145","51.4153","-0.647608","Cheapside Field","NA
"
2324,"Quercus robur","169338","494142","51.4153","-0.64764","Cheapside Field","NA
"
2325,"Quercus robur","169336","494135","51.4152","-0.647745","Cheapside Field","NA
"
2326,"Quercus robur","169330","494136","51.4152","-0.64773","Cheapside Field","NA
"
2327,"Quercus robur","169329","494123","51.4152","-0.647921","Cheapside Field","NA
"
2328,"Quercus robur","169325","494126","51.4151","-0.647873","Cheapside Field","NA
"
2329,"Quercus robur","169255","494201","51.4145","-0.646818",NA,"NA
"
2330,"Quercus robur","169256","494199","51.4145","-0.646853",NA,"NA
"
2331,"Quercus robur","169336","494099","51.4152","-0.648261","Cheapside Field","NA
"
2332,"Quercus robur","169335","494097","51.4152","-0.64829","Cheapside Field","NA
"
2333,"Quercus robur","169334","494096","51.4152","-0.648304","Cheapside Field","NA
"
2334,"Quercus robur","169330","494100","51.4152","-0.648259","Cheapside Field","NA
"
2335,"Quercus robur","169331","494092","51.4152","-0.648374","Cheapside Field","NA
"
2336,"Quercus robur","169331","494091","51.4152","-0.648385","Cheapside Field","NA
"
2337,"Quercus robur","169332","494090","51.4152","-0.648392","Cheapside Field","NA
"
2338,"Quercus robur","169329","494088","51.4152","-0.648425","Cheapside Field","NA
"
2339,"Quercus robur","169327","494090","51.4152","-0.648403","Cheapside Field","NA
"
2340,"Quercus robur","169326","494083","51.4152","-0.648498","Cheapside Field","NA
"
2341,"Quercus robur","169326","494082","51.4152","-0.648508","Cheapside Field","NA
"
2342,"Quercus robur","169317","494069","51.4151","-0.648697","Farm Wood","NA
"
2343,"Quercus robur","169313","494056","51.415","-0.648892","Farm Wood","NA
"
2344,"Quercus robur","169333","494039","51.4152","-0.649125","Cheapside Field","NA
"
2345,"Quercus robur","169336","494039","51.4152","-0.649134","Cheapside Field","NA
"
2346,"Quercus robur","169335","494045","51.4152","-0.649036","Cheapside Field","NA
"
2347,"Quercus robur","169337","494042","51.4153","-0.649079","Cheapside Field","NA
"
2348,"Quercus robur","169342","494032","51.4153","-0.649231","Cheapside Field","NA
"
2349,"Quercus robur","169340","494029","51.4153","-0.649269","Cheapside Field","NA
"
2350,"Quercus robur","169338","494033","51.4153","-0.64922","Cheapside Field","NA
"
2351,"Quercus robur","169325","494013","51.4152","-0.649505","Farm Wood","NA
"
2352,"Quercus robur","169331","494006","51.4152","-0.649599","Farm Wood","NA
"
2353,"Quercus robur","169334","494006","51.4152","-0.649605","Farm Wood","NA
"
2354,"Quercus robur","169336","494002","51.4153","-0.649664","Farm Wood","NA
"
2355,"Quercus robur","169335","494005","51.4153","-0.649623","Farm Wood","NA
"
2356,"Quercus robur","169337","494009","51.4153","-0.64956","Farm Wood","NA
"
2357,"Quercus robur","169336","494010","51.4153","-0.649542","Farm Wood","NA
"
2358,"Quercus robur","169334","494012","51.4152","-0.649515","Farm Wood","NA
"
2359,"Quercus robur","169166","494489","51.4137","-0.642703","The Elms","NA
"
2360,"Quercus robur","169168","494487","51.4137","-0.642735","The Elms","NA
"
2361,"Quercus robur","169170","494485","51.4137","-0.642765","The Elms","NA
"
2362,"Quercus robur","169163","494486","51.4136","-0.642748","The Elms","NA
"
2363,"Quercus robur","169056","494464","51.4127","-0.643099","The Elms","NA
"
2364,"Quercus robur","169029","494470","51.4124","-0.64301","The Elms","NA
"
2365,"Quercus robur","169163","494486","51.4136","-0.642748","The Elms","NA
"
2366,"Quercus robur","169024","494462","51.4124","-0.643128","The Elms","NA
"
2367,"Quercus robur","169029","494470","51.4124","-0.64301","The Elms","NA
"
2368,"Quercus robur","169050","494441","51.4126","-0.643421",NA,"NA
"
2369,"Quercus robur","169026","494422","51.4124","-0.643698",NA,"NA
"
2370,"Quercus robur","169045","494444","51.4126","-0.643376",NA,"NA
"
2371,"Quercus robur","169045","494444","51.4126","-0.643376",NA,"NA
"
2372,"Quercus robur","169056","494447","51.4127","-0.643343",NA,"NA
"
2373,"Quercus robur","169056","494447","51.4127","-0.643343",NA,"NA
"
2374,"Quercus robur","169091","494460","51.413","-0.643145",NA,"NA
"
2375,"Quercus robur","169091","494460","51.413","-0.643145",NA,"NA
"
2376,"Quercus robur","169091","494460","51.413","-0.643145",NA,"NA
"
2377,"Quercus robur","169082","494457","51.4129","-0.64318",NA,"NA
"
2378,"Quercus robur","169101","494440","51.4131","-0.643432",NA,"NA
"
2379,"Quercus robur","169151","494385","51.4135","-0.644198",NA,"NA
"
2380,"Quercus robur","169151","494385","51.4135","-0.644198",NA,"NA
"
2381,"Quercus robur","169149","494375","51.4135","-0.644348",NA,"NA
"
2382,"Quercus robur","169149","494375","51.4135","-0.644348",NA,"NA
"
2383,"Quercus robur","169144","494373","51.4135","-0.644379",NA,"NA
"
2384,"Quercus robur","169144","494373","51.4135","-0.644379",NA,"NA
"
2385,"Quercus robur","169137","494373","51.4134","-0.644372",NA,"NA
"
2386,"Quercus robur","169137","494373","51.4134","-0.644372",NA,"NA
"
2387,"Quercus robur","169137","494373","51.4134","-0.644372",NA,"NA
"
2388,"Quercus robur","169137","494373","51.4134","-0.644372",NA,"NA
"
2389,"Quercus robur","169137","494373","51.4134","-0.644372",NA,"NA
"
2390,"Quercus robur","169137","494373","51.4134","-0.644372",NA,"NA
"
2391,"Quercus robur","169137","494373","51.4134","-0.644372",NA,"NA
"
2392,"Quercus robur","169132","494379","51.4134","-0.644299",NA,"NA
"
2393,"Quercus robur","169132","494379","51.4134","-0.644299",NA,"NA
"
2394,"Quercus robur","169132","494379","51.4134","-0.644299",NA,"NA
"
2395,"Quercus robur","169132","494379","51.4134","-0.644299",NA,"NA
"
2396,"Quercus robur","169132","494379","51.4134","-0.644299",NA,"NA
"
2397,"Quercus robur","169132","494379","51.4134","-0.644299",NA,"NA
"
2398,"Quercus robur","169134","494387","51.4134","-0.644178",NA,"NA
"
2399,"Quercus robur","169134","494387","51.4134","-0.644178",NA,"NA
"
2400,"Quercus robur","169134","494387","51.4134","-0.644178",NA,"NA
"
2401,"Quercus robur","169152","494390","51.4135","-0.64413",NA,"NA
"
2402,"Quercus robur","169149","494411","51.4135","-0.643829",NA,"NA
"
2403,"Quercus robur","169152","494419","51.4135","-0.643714",NA,"NA
"
2404,"Quercus robur","169150","494420","51.4135","-0.6437",NA,"NA
"
2405,"Quercus robur","169129","494432","51.4133","-0.643539",NA,"NA
"
2406,"Quercus robur","169132","494426","51.4134","-0.643617",NA,"NA
"
2407,"Quercus robur","169129","494432","51.4133","-0.643539",NA,"NA
"
2408,"Quercus robur","169129","494432","51.4133","-0.643539",NA,"NA
"
2409,"Quercus robur","169135","494436","51.4134","-0.643474",NA,"NA
"
2410,"Quercus robur","169135","494436","51.4134","-0.643474",NA,"NA
"
2411,"Quercus robur","169148","494429","51.4135","-0.643578",NA,"NA
"
2412,"Quercus robur","169151","494424","51.4135","-0.643645",NA,"NA
"
2413,"Quercus robur","169151","494424","51.4135","-0.643645",NA,"NA
"
2414,"Quercus robur","169151","494424","51.4135","-0.643645",NA,"NA
"
2415,"Quercus robur","169151","494424","51.4135","-0.643645",NA,"NA
"
2416,"Quercus robur","169151","494424","51.4135","-0.643645",NA,"NA
"
2417,"Quercus robur","169162","494440","51.4136","-0.643416",NA,"NA
"
2418,"Quercus robur","169162","494440","51.4136","-0.643416",NA,"NA
"
2419,"Quercus robur","169162","494440","51.4136","-0.643416",NA,"NA
"
2420,"Quercus robur","NULL","NULL","NULL","NULL","Fours acres field","NA
"
2421,"Quercus robur","168369","493936","51.4066","-0.650869","Fours acres field","NA
"
2422,"Quercus robur","168370","493949","51.4066","-0.650681","Fours acres field","NA
"
2423,"Quercus robur","168373","493953","51.4066","-0.650613","Fours acres field","NA
"
2424,"Quercus robur","168366","493959","51.4066","-0.650538","Fours acres field","NA
"
2425,"Quercus robur","168363","493957","51.4065","-0.650564","Fours acres field","NA
"
2426,"Quercus robur","169178","494388","51.4138","-0.644146",NA,"NA
"
2427,"Quercus robur","168974","494236","51.412","-0.646392","Weir wood","NA
"
2428,"Quercus robur","169047","494182","51.4126","-0.647147","Weir wood","NA
"
2429,"Quercus robur","169062","494172","51.4128","-0.647288","Weir wood","NA
"
2430,"Quercus robur","169123","494199","51.4133","-0.646889","Weir wood","NA
"
2431,"Quercus robur","169131","494224","51.4134","-0.646526","Weir wood","NA
"
2432,"Quercus robur","169139","494238","51.4134","-0.646314","Weir wood","NA
"
2433,"Quercus robur","169159","494244","51.4136","-0.646233","Weir wood","NA
"
2434,"Quercus robur","169133","494246","51.4134","-0.64621",NA,"NA
"
2435,"Quercus robur","169137","494244","51.4134","-0.646237",NA,"NA
"
2436,"Quercus robur","169130","494255","51.4134","-0.646075",NA,"NA
"
2437,"Quercus robur","169144","494255","51.4135","-0.646076",NA,"NA
"
2438,"Quercus robur","169176","494381","51.4138","-0.64425",NA,"NA
"
2439,"Quercus robur","169179","494385","51.4138","-0.644194",NA,"NA
"
2440,"Quercus robur","169179","494385","51.4138","-0.644194",NA,"NA
"
2441,"Quercus robur","NULL","NULL","NULL","NULL",NA,"NA
"
2442,"Quercus robur","NULL","NULL","NULL","NULL",NA,"NA
"
2443,"Quercus robur","NULL","NULL","NULL","NULL",NA,"NA
"
2444,"Quercus robur","NULL","NULL","NULL","NULL",NA,"NA
"
2445,"Quercus robur","NULL","NULL","NULL","NULL",NA,"NA
"
2446,"Quercus robur","NULL","NULL","NULL","NULL",NA,"NA
"
2447,"Quercus robur","NULL","NULL","NULL","NULL",NA,"NA
"
2448,"Quercus robur","NULL","NULL","NULL","NULL",NA,"NA
"
2449,"Quercus robur","169180","494393","51.4138","-0.644074",NA,"NA
"
2450,"Quercus robur","169180","494393","51.4138","-0.644074",NA,"NA
"
2451,"Quercus robur","169179","494393","51.4138","-0.644087",NA,"NA
"
2452,"Quercus robur","169177","494398","51.4138","-0.644009",NA,"NA
"
2453,"Quercus robur","NULL","NULL","NULL","NULL","The Elms","NA
"
2454,"Quercus robur","NULL","NULL","NULL","NULL","The Elms","NA
"
2455,"Quercus robur","NULL","NULL","NULL","NULL","The Elms","NA
"
2456,"Quercus robur","NULL","NULL","NULL","NULL","The Elms","NA
"
2457,"Quercus robur","NULL","NULL","NULL","NULL","The Elms","NA
"
2458,"Quercus robur","NULL","NULL","NULL","NULL","The Elms","NA
"
2459,"Quercus robur","NULL","NULL","NULL","NULL","The Elms","NA
"
2460,"Quercus robur","NULL","NULL","NULL","NULL","The Elms","NA
"
2461,"Quercus robur","NULL","NULL","NULL","NULL","The Elms","NA
"
2462,"Quercus robur","NULL","NULL","NULL","NULL","The Elms","NA
"
2463,"Quercus robur","NULL","NULL","NULL","NULL","The Elms","NA
"
2464,"Quercus robur","NULL","NULL","NULL","NULL","The Elms","NA
"
2465,"Quercus robur","169169","494481","51.4137","-0.642813","The Elms","NA
"
2466,"Quercus robur","168398","494153","51.4068","-0.647737","Old Orchard","NA
"
2467,"Quercus robur","168394","494151","51.4068","-0.647768","Old Orchard","NA
"
2468,"Quercus robur","168395","494148","51.4068","-0.647813","Old Orchard","NA
"
2469,"Quercus robur","168399","494153","51.4068","-0.647735","Old Orchard","NA
"
2470,"Quercus robur","168418","494170","51.407","-0.647493","Old Orchard","NA
"
2471,"Quercus robur","168415","494177","51.4069","-0.647386","Old Orchard","NA
"
2472,"Quercus robur","168407","494172","51.4069","-0.647459","Old Orchard","NA
"
2473,"Quercus robur","168382","494169","51.4067","-0.647508","Old Orchard","NA
"
2474,"Quercus robur","168399","494181","51.4068","-0.647329","Old Orchard","NA
"
2475,"Quercus robur","168399","494185","51.4068","-0.64728","Old Orchard","NA
"
2476,"Quercus robur","168399","494185","51.4068","-0.64728","Old Orchard","NA
"
2477,"Quercus robur","168403","494182","51.4068","-0.647325","Old Orchard","NA
"
2478,"Quercus robur","168406","494186","51.4069","-0.647255","Old Orchard","NA
"
2479,"Quercus robur","169114","494473","51.4132","-0.642947","The Elms","NA
"
2480,"Quercus robur","169114","494472","51.4132","-0.642963",NA,"NA
"
2481,"Quercus robur","169115","494469","51.4132","-0.643007",NA,"NA
"
2482,"Quercus robur","169110","494470","51.4132","-0.642998",NA,"NA
"
2483,"Quercus robur","169110","494470","51.4132","-0.642996",NA,"NA
"
2484,"Quercus robur","169112","494460","51.4132","-0.643138",NA,"NA
"
2485,"Quercus robur","169120","494463","51.4132","-0.643091",NA,"NA
"
2486,"Quercus robur","169119","494463","51.4132","-0.643094",NA,"NA
"
2487,"Quercus robur","168547","494226","51.4081","-0.646656","Rookery Slope","NA
"
2488,"Quercus robur","168765","494187","51.4101","-0.647146",NA,"veteran
"
2489,"Quercus robur","168769","494187","51.4101","-0.647151",NA,"NA
"
2490,"Quercus robur","168451","494060","51.4073","-0.64906",NA,"oak29
"
2491,"Quercus robur","168431","494053","51.4071","-0.64917","Fours acres field","NA
"
2492,"Quercus robur","168424","493982","51.4071","-0.650194","Fours acres field","NA
"
2493,"Quercus robur","168422","493986","51.407","-0.650136","Fours acres field","NA
"
2494,"Quercus robur","168421","493981","51.407","-0.650201","Fours acres field","NA
"
2495,"Quercus robur","168419","493980","51.407","-0.650216","Fours acres field","NA
"
2496,"Quercus robur","168408","493976","51.4069","-0.650274","Fours acres field","NA
"
2497,"Quercus robur","168401","493979","51.4069","-0.650231","Fours acres field","NA
"
2498,"Quercus robur","168401","493973","51.4069","-0.650329","Fours acres field","NA
"
2499,"Quercus robur","168395","493974","51.4068","-0.650316","Fours acres field","NA
"
2500,"Quercus robur","168390","493970","51.4068","-0.650369","Fours acres field","NA
"
2501,"Quercus robur","168364","493964","51.4065","-0.650461","Fours acres field","NA
"
2502,"Quercus robur","168364","493964","51.4065","-0.650461","Fours acres field","NA
"
2503,"Quercus robur","168368","493969","51.4066","-0.650386","Fours acres field","NA
"
2504,"Quercus robur","168372","493963","51.4066","-0.650478","Fours acres field","NA
"
2505,"Quercus robur","168402","493961","51.4069","-0.650498","Fours acres field","NA
"
2506,"Quercus robur","168421","493960","51.407","-0.650501","Fours acres field","NA
"
2507,"Quercus robur","168429","493963","51.4071","-0.650466","Fours acres field","NA
"
2508,"Quercus robur","168428","493962","51.4071","-0.65047","Fours acres field","NA
"
2509,"Quercus robur","168427","493961","51.4071","-0.650483","Fours acres field","NA
"
2510,"Quercus robur","168385","493896","51.4067","-0.651428","Fours acres field","NA
"
2511,"Quercus robur","168382","493917","51.4067","-0.651128","Fours acres field","NA
"
2512,"Quercus robur","168380","493917","51.4067","-0.651139","Fours acres field","NA
"
2513,"Quercus robur","168382","493912","51.4067","-0.651205","Fours acres field","NA
"
2514,"Quercus robur","168376","493910","51.4066","-0.651241","Fours acres field","NA
"
2515,"Quercus robur","168374","493907","51.4066","-0.651281","Fours acres field","NA
"
2516,"Quercus robur","168372","493907","51.4066","-0.651284","Fours acres field","NA
"
2517,"Quercus robur","168368","493908","51.4066","-0.651261","Fours acres field","NA
"
2518,"Quercus robur","168364","493900","51.4065","-0.651377","Fours acres field","NA
"
2519,"Quercus robur","168365","493899","51.4066","-0.651394","Fours acres field","NA
"
2520,"Quercus robur","168363","493902","51.4065","-0.651351","Fours acres field","NA
"
2521,"Quercus robur","168359","493909","51.4065","-0.651261","Fours acres field","NA
"
2522,"Quercus robur","168359","493912","51.4065","-0.651206","Fours acres field","NA
"
2523,"Quercus robur","168359","493913","51.4065","-0.651203","Fours acres field","NA
"
2524,"Quercus robur","168359","493913","51.4065","-0.651191","Fours acres field","NA
"
2525,"Quercus robur","168362","493912","51.4065","-0.651206","Fours acres field","NA
"
2526,"Quercus robur","168363","493915","51.4065","-0.651168","Fours acres field","NA
"
2527,"Quercus robur","168362","493916","51.4065","-0.65116","Fours acres field","NA
"
2528,"Quercus robur","168365","493917","51.4065","-0.651141","Fours acres field","NA
"
2529,"Quercus robur","168363","493912","51.4065","-0.651215","Fours acres field","NA
"
2530,"Quercus robur","168369","493914","51.4066","-0.651177","Fours acres field","NA
"
2531,"Quercus robur","168374","493921","51.4066","-0.651081","Fours acres field","NA
"
2532,"Quercus robur","168369","493917","51.4066","-0.651143","Fours acres field","NA
"
2533,"Quercus robur","168362","493923","51.4065","-0.651052","Fours acres field","NA
"
2534,"Quercus robur","168361","493923","51.4065","-0.651057","Fours acres field","NA
"
2535,"Quercus robur","168364","493924","51.4065","-0.651044","Fours acres field","NA
"
2536,"Quercus robur","168365","493926","51.4065","-0.651003","Fours acres field","NA
"
2537,"Quercus robur","168373","493926","51.4066","-0.651003","Fours acres field","NA
"
2538,"Quercus robur","168378","493929","51.4067","-0.650958","Fours acres field","NA
"
2539,"Quercus robur","168376","493938","51.4066","-0.65083","Fours acres field","NA
"
2540,"Quercus robur","169371","494094","51.4156","-0.648321","Cheapside Field","NA
"
2541,"Quercus robur","169370","494096","51.4156","-0.648302","Cheapside Field","NA
"
2542,"Quercus robur","169355","494098","51.4154","-0.64827","Cheapside Field","NA
"
2543,"Quercus robur","169359","494095","51.4155","-0.648313","Cheapside Field","NA
"
2544,"Quercus robur","169365","494088","51.4155","-0.64841","Cheapside Field","NA
"
2545,"Quercus robur","169368","494093","51.4155","-0.648349","Cheapside Field","NA
"
2546,"Quercus robur","169367","494094","51.4155","-0.648332","Cheapside Field","NA
"
2547,"Quercus robur","169370","494082","51.4156","-0.648507","Cheapside Field","NA
"
2548,"Quercus robur","169369","494087","51.4155","-0.648434","Cheapside Field","NA
"
2549,"Quercus robur","169367","494081","51.4155","-0.648513","Cheapside Field","NA
"
2550,"Quercus robur","169364","494083","51.4155","-0.648482","Cheapside Field","NA
"
2551,"Quercus robur","169361","494088","51.4155","-0.648412","Cheapside Field","NA
"
2552,"Quercus robur","169368","494081","51.4155","-0.648518","Cheapside Field","NA
"
2553,"Quercus robur","169367","494080","51.4155","-0.648524","Cheapside Field","NA
"
2554,"Quercus robur","169359","494079","51.4155","-0.648543","Cheapside Field","NA
"
2555,"Quercus robur","169369","494059","51.4155","-0.648827","Cheapside Field","NA
"
2556,"Quercus robur","169370","494053","51.4156","-0.648919","Cheapside Field","NA
"
2557,"Quercus robur","169372","494048","51.4156","-0.648984","Cheapside Field","NA
"
2558,"Quercus robur","169374","494047","51.4156","-0.649007","Cheapside Field","NA
"
2559,"Quercus robur","169363","494101","51.4155","-0.648232","Cheapside Field","NA
"
2560,"Quercus robur","169367","494100","51.4155","-0.648241","Cheapside Field","NA
"
2561,"Quercus robur","169346","494076","51.4153","-0.648595","Cheapside Field","NA
"
2562,"Quercus robur","169350","494076","51.4154","-0.648595","Cheapside Field","NA
"
2563,"Quercus robur","169353","494075","51.4154","-0.6486","Cheapside Field","NA
"
2564,"Quercus robur","169353","494075","51.4154","-0.648607","Cheapside Field","NA
"
2565,"Quercus robur","169357","494079","51.4154","-0.64855","Cheapside Field","NA
"
2566,"Quercus robur","169358","494074","51.4154","-0.648612","Cheapside Field","NA
"
2567,"Quercus robur","169367","494058","51.4155","-0.648851","Cheapside Field","NA
"
2568,"Quercus robur","169368","494064","51.4155","-0.648752","Cheapside Field","NA
"
2569,"Quercus robur","169355","494066","51.4154","-0.648738","Cheapside Field","NA
"
2570,"Quercus robur","169364","494062","51.4155","-0.648788","Cheapside Field","NA
"
2571,"Quercus robur","169364","494063","51.4155","-0.648772","Cheapside Field","NA
"
2572,"Quercus robur","169357","494064","51.4154","-0.648764","Cheapside Field","NA
"
2573,"Quercus robur","169353","494070","51.4154","-0.64868","Cheapside Field","NA
"
2574,"Quercus robur","169353","494069","51.4154","-0.648695","Cheapside Field","NA
"
2575,"Quercus robur","169351","494066","51.4154","-0.648731","Cheapside Field","NA
"
2576,"Quercus robur","169352","494066","51.4154","-0.648729","Cheapside Field","NA
"
2577,"Quercus robur","169351","494067","51.4154","-0.648717","Cheapside Field","NA
"
2578,"Quercus robur","169334","494042","51.4152","-0.649088","Cheapside Field","NA
"
2579,"Quercus robur","169336","494047","51.4152","-0.649009","Cheapside Field","NA
"
2580,"Quercus robur","169334","494060","51.4152","-0.648819","Cheapside Field","NA
"
2581,"Quercus robur","169341","494066","51.4153","-0.648745","Cheapside Field","NA
"
2582,"Quercus robur","169338","494066","51.4153","-0.648735","Cheapside Field","NA
"
2583,"Quercus robur","169338","494067","51.4153","-0.64872","Cheapside Field","NA
"
2584,"Quercus robur","169339","494071","51.4153","-0.648668","Cheapside Field","NA
"
2585,"Quercus robur","169338","494073","51.4153","-0.648645","Cheapside Field","NA
"
2586,"Quercus robur","169341","494072","51.4153","-0.648652","Cheapside Field","NA
"
2587,"Quercus robur","169341","494077","51.4153","-0.648583","Cheapside Field","NA
"
2588,"Quercus robur","169348","494083","51.4154","-0.648498","Cheapside Field","NA
"
2589,"Quercus robur","169353","494088","51.4154","-0.648423","Cheapside Field","NA
"
2590,"Quercus robur","169351","494098","51.4154","-0.648277","Cheapside Field","NA
"
2591,"Quercus robur","169349","494094","51.4154","-0.648331","Cheapside Field","NA
"
2592,"Quercus robur","169346","494092","51.4153","-0.648356","Cheapside Field","NA
"
2593,"Quercus robur","169351","494089","51.4154","-0.648411","Cheapside Field","NA
"
2594,"Quercus robur","168376","494147","51.4066","-0.647824","Old Orchard","NA
"
2595,"Quercus robur","169371","494325","51.4155","-0.645008","Cheapside Field","NA
"
2596,"Quercus robur","169367","494322","51.4155","-0.64505","Cheapside Field","NA
"
2597,"Quercus robur","169366","494319","51.4155","-0.64509","Cheapside Field","NA
"
2598,"Quercus robur","169362","494307","51.4154","-0.645271","Cheapside Field","NA
"
2599,"Quercus robur","169368","494306","51.4155","-0.645274","Cheapside Field","NA
"
2600,"Quercus robur","169375","494190","51.4156","-0.64695","Cheapside Field","NA
"
2601,"Quercus robur","169374","494161","51.4156","-0.647364","Cheapside Field","NA
"
2602,"Quercus robur","169382","494165","51.4156","-0.647306","Cheapside Field","NA
"
2603,"Quercus robur","169390","494163","51.4157","-0.647325","Cheapside Field","NA
"
2604,"Quercus robur","169380","494154","51.4156","-0.647469","Cheapside Field","NA
"
2605,"Quercus robur","169375","494152","51.4156","-0.647486","Cheapside Field","NA
"
2606,"Quercus robur","169371","494143","51.4155","-0.647623","Cheapside Field","NA
"
2607,"Quercus robur","169368","494180","51.4155","-0.647085","Cheapside Field","NA
"
2608,"Quercus robur","169364","494171","51.4155","-0.647218","Cheapside Field","NA
"
2609,"Quercus robur","169369","494173","51.4155","-0.647193","Cheapside Field","NA
"
2610,"Quercus robur","169363","494159","51.4155","-0.647391","Cheapside Field","NA
"
2611,"Quercus robur","169365","494157","51.4155","-0.64743","Cheapside Field","NA
"
2612,"Quercus robur","169368","494166","51.4155","-0.647293","Cheapside Field","NA
"
2613,"Quercus robur","169367","494172","51.4155","-0.647201","Cheapside Field","NA
"
2614,"Quercus robur","169358","494166","51.4154","-0.647289","Cheapside Field","NA
"
2615,"Quercus robur","169368","494158","51.4155","-0.647405","Cheapside Field","NA
"
2616,"Quercus robur","169364","494150","51.4155","-0.647529","Cheapside Field","NA
"
2617,"Quercus robur","169378","494124","51.4156","-0.647887","Cheapside Field","NA
"
2618,"Quercus robur","169387","494142","51.4157","-0.647635","Cheapside Field","NA
"
2619,"Quercus robur","169388","494143","51.4157","-0.647622","Cheapside Field","NA
"
2620,"Quercus robur","169381","494141","51.4156","-0.647648","Cheapside Field","NA
"
2621,"Quercus robur","169383","494143","51.4157","-0.647624","Cheapside Field","NA
"
2622,"Quercus robur","169381","494130","51.4156","-0.647804","Cheapside Field","NA
"
2623,"Quercus robur","169383","494129","51.4157","-0.647828","Cheapside Field","NA
"
2624,"Quercus robur","169381","494128","51.4156","-0.647838","Cheapside Field","NA
"
2625,"Quercus robur","169387","494132","51.4157","-0.647771","Cheapside Field","NA
"
2626,"Quercus robur","169392","494142","51.4157","-0.647632","Cheapside Field","NA
"
2627,"Quercus robur","169391","494141","51.4157","-0.647645","Cheapside Field","NA
"
2628,"Quercus robur","169393","494143","51.4157","-0.647614","Cheapside Field","NA
"
2629,"Quercus robur","169395","494147","51.4158","-0.647564","Cheapside Field","NA
"
2630,"Quercus robur","169394","494147","51.4158","-0.647562","Cheapside Field","NA
"
2631,"Quercus robur","169392","494149","51.4157","-0.647528","Cheapside Field","NA
"
2632,"Quercus robur","169386","494148","51.4157","-0.647546","Cheapside Field","NA
"
2633,"Quercus robur","169394","494154","51.4158","-0.647456","Cheapside Field","NA
"
2634,"Quercus robur","169395","494152","51.4158","-0.647486","Cheapside Field","NA
"
2635,"Quercus robur","169395","494150","51.4158","-0.647518","Cheapside Field","NA
"
2636,"Quercus robur","169393","494155","51.4157","-0.647449","Cheapside Field","NA
"
2637,"Quercus robur","168410","493939","51.4069","-0.650812","Fours acres field","veteran
"
2638,"other Quercus","NULL","NULL","NULL","NULL",NA,"NA
"
2639,"other Quercus","169308","493931","51.415","-0.650688","Farm Wood","NA
"
2640,"Quercus robur","169393","493773","51.4158","-0.652943","Pound Hill Field","NA
"
2641,"Quercus robur","169324","493699","51.4152","-0.654016","Pound Hill Field","NA
"
2642,"Quercus robur","169151","494163","51.41357","-0.64739","Farm Wood","NA
"
2643,"Quercus robur","168957","494557","51.4118","-0.64178","Observatory Ridge","NA
"
2644,"Quercus robur","168951","494554","51.4117","-0.641831","Observatory Ridge","NA
"
2645,"Quercus robur","168954","494551","51.4117","-0.641868","Observatory Ridge","NA
"
2646,"Quercus robur","168957","494548","51.4118","-0.641917","Observatory Ridge","NA
"
2647,"Quercus robur","169067","494611","51.4127","-0.640971","Merten's Acres","oak20; veteran
"
2648,"Quercus robur","169068","494624","51.4128","-0.640788","Merten's Acres","NA
"
2649,"Quercus robur","168958","494549","51.4118","-0.641911","Merten's Acres","NA
"
2650,"Quercus robur","169067","494624","51.4127","-0.640786","Merten's Acres","NA
"
2651,"Quercus robur","169067","494624","51.4127","-0.640787","Merten's Acres","NA
"
2652,"Quercus robur","169181","494660","51.4138","-0.640235","Merten's Acres","NA
"
2653,"Quercus robur","169174","494661","51.4137","-0.640226","Merten's Acres","NA
"
2654,"Quercus robur","169003","494128","51.4122","-0.647943","Gunnes's thicket","NA
"
2655,"Quercus robur","169335","494079","51.4152","-0.648555","Cheapside Field","NA
"
2656,"Quercus robur","169365","494106","51.4155","-0.648152","Cheapside Field","NA
"
2657,"Quercus robur","169365","494113","51.4155","-0.648055","Cheapside Field","NA
"
2658,"Quercus robur","169352","494122","51.4154","-0.647933","Cheapside Field","NA
"
2659,"Quercus robur","169345","494128","51.4153","-0.64785","Cheapside Field","NA
"
2660,"Quercus robur","169333","494121","51.4152","-0.647956","Cheapside Field","NA
"
2661,"Quercus robur","169390","494304","51.4157","-0.645303","Cheapside Field","NA
"
2662,"Quercus robur","169379","494312","51.4156","-0.645193","Cheapside Field","NA
"
2663,"Quercus robur","169385","494317","51.4156","-0.645123","Cheapside Field","NA
"
2664,"Quercus robur","169385","494320","51.4156","-0.645076","Cheapside Field","NA
"
2665,"Quercus robur","169383","494319","51.4156","-0.645087","Cheapside Field","NA
"
2666,"Quercus robur","169385","494321","51.4156","-0.645059","Cheapside Field","NA
"
2667,"Quercus robur","169266","494080","51.41462","-0.64856","Farm Wood","Sold land
"
2668,"Quercus robur","169280","493852","51.4148","-0.651824","Farm Wood","NA
"
2669,"Quercus robur","168504","494873","51.4076","-0.637357",NA,"sold land
"
2670,"Quercus robur","169277","169277","51.4148","-0.651804","Farm Wood","NA
"
2671,"Quercus robur","168443","494787","51.4071","-0.638613","Japanese Garden","sold land
"
2672,"Quercus robur","168943","494554","51.4116","-0.641827","Observatory Ridge","NA
"
2673,"Quercus robur","168609","494219","51.4087","-0.646737","Rookery Slope","NA
"
2674,"Quercus robur","169183","494439","51.4138","-0.643423",NA,"NA
"
2675,"Quercus robur","168429","494510","51.407","-0.642596","Japanese Garden","sold land
"
2676,"Quercus robur","169195","494315","51.4139","-0.645194",NA,"NA
"
2677,"Quercus robur","NULL","NULL","NULL","NULL","Japanese Garden","NA
"
2678,"Quercus robur","168409","494454","51.4069","-0.643414","Tractor shed","sold land
"
2679,"Quercus robur","168678","494751","51.4091","-0.639034",NA,"oak3; veteran
"
2680,"Quercus robur","169107","494722","51.4131","-0.639377","Observatory Copse","NA
"
2681,"Quercus robur","168501","494870","51.4076","-0.637398",NA,"sold land
"
2682,"Quercus robur","168435","494723","51.407","-0.639541","Japanese Garden","sold land
"
2683,"Quercus robur","NULL","NULL","NULL","NULL","Japanese Garden","NA
"
2684,"Quercus robur","168699","494265","51.4095","-0.646048","Elm Slope","NA
"
2685,"Quercus robur","168435","494723","51.407","-0.639541","Japanese Garden","sold land
"
2686,"Quercus robur","168342","494546","51.4062","-0.642099",NA,"sold land
"
2687,"Quercus robur","168370","494711","51.4065","-0.639729","Japanese Garden","sold land
"
2688,"Quercus robur","169168","494242","51.4137","-0.646258","Weir wood","NA
"
2689,"Quercus robur","168670","494793","51.4091","-0.638462",NA,"sold land; veteran
"
2690,"Quercus robur","168496","494639","51.4076","-0.640726","Japanese Garden","sold land
"
2691,"Quercus robur","168488","494666","51.4075","-0.640345","Japanese Garden","sold land
"
2692,"Quercus robur","168362","494526","51.4064","-0.642392","Tractor shed","sold land
"
2693,"Quercus robur","168489","494636","51.4075","-0.640778","Japanese Garden","sold land
"
2694,"Quercus robur","168488","494687","51.4075","-0.640045","Japanese Garden","sold land
"
2695,"Quercus robur","168495","494869","51.4076","-0.63742",NA,"sold land
"
2696,NA,"NULL","NULL","NULL","NULL",NA,"Originally not recorded in trees table; found in phenology table"
2697,"Quercus robur","168571","494869","51.4082","-0.637407",NA,"sold land
"
2698,"Quercus robur","168568","494262","51.4083","-0.64612","Rookery Slope","NA
"
2699,"Quercus robur","168384","494709","51.4066","-0.639752","Japanese Garden","sold land
"
2700,"Quercus robur","168555","494326","51.4082","-0.645209","Rookery Slope","NA
"
2701,"Quercus robur","168534","494322","51.408","-0.645269","Rookery Slope","NA
"
2702,"Quercus robur","168541","494332","51.4081","-0.645127","Rookery Slope","NA
"
2703,"Quercus robur","168517","494320","51.4078","-0.64531","Rookery Slope","NA
"
2704,"Quercus robur","168520","494318","51.4079","-0.645336","Rookery Slope","NA
"
2705,"Quercus robur","168516","494297","51.4078","-0.645632","Rookery Slope","NA
"
2706,"Quercus robur","168499","494325","51.4077","-0.64524","Rookery Slope","NA
"
2707,"Quercus robur","168502","494318","51.4077","-0.645344","Rookery Slope","NA
"
2708,"Quercus robur","168532","494325","51.408","-0.645227","Rookery Slope","veteran
"
2709,"Quercus robur","168509","494332","51.4078","-0.645131","Rookery Slope","NA
"
2710,"Quercus robur","NULL","NULL","NULL","NULL","Farm Wood","NA
"
2711,"Quercus robur","169403","493804","51.4159","-0.652495","Pound Hill Field","NA
"
2712,"other Quercus","NULL","NULL","NULL","NULL",NA,"NA
"
2713,"other Quercus","NULL","NULL","NULL","NULL",NA,"NA
"
2714,"Quercus robur","NULL","NULL","NULL","NULL","Pound Hill Field","NA
"
2715,"Quercus robur","NULL","NULL","NULL","NULL","Farm Wood","NA
"
2716,"Quercus robur","NULL","NULL","NULL","NULL","Farm Wood","NA
"
2717,"Quercus robur","168968","493958","51.411957","-0.650394","Cascade Marsh","NA
"
2718,"Quercus robur","NULL","NULL","NULL","NULL","Observatory Ridge","NA
"
2719,"Quercus robur","NULL","NULL","NULL","NULL","Gunnes's hill","NA
"
2720,"Quercus robur","NULL","NULL","NULL","NULL","Gunnes's hill","NA
"
2721,"Quercus robur","NULL","NULL","NULL","NULL","Mann's Copse","NA
"
2722,"Quercus robur","NULL","NULL","NULL","NULL","Mann's Copse","NA
"
2723,"Quercus robur","NULL","NULL","NULL","NULL","Merten's Acres","NA
"
2724,"Quercus robur","NULL","NULL","NULL","NULL","Cascade Marsh","NA
"
2725,"Quercus robur","NULL","NULL","NULL","NULL","Cheapside Field","NA
"
2726,"Quercus robur","NULL","NULL","NULL","NULL","Cheapside Field","NA
"
2727,"Quercus robur","NULL","NULL","NULL","NULL","Farm Wood","NA
"
2728,"Quercus robur","NULL","NULL","NULL","NULL","Rookery Slope","NA
"
2730,"Quercus robur","168917","494543","51.4114","-0.641995","Observatory Ridge","NA
"
2731,"Quercus robur","168974","494558","51.4119","-0.641765","Observatory Ridge","NA
"
2732,"Quercus robur","168980","494564","51.4119","-0.641653","Observatory Ridge","NA
"
2733,"Quercus robur","168959","494563","51.4118","-0.641702","Observatory Ridge","NA
"
2734,"Quercus robur","168845","494650","51.4107","-0.640475","Observatory Ridge","NA
"
2735,"Quercus robur","168896","494700","51.4112","-0.63974","Observatory Copse","NA
"
2736,"Quercus robur","168985","494608","51.412","-0.641038","Observatory Ridge","NA
"
2737,"Quercus robur","168980","494593","51.412","-0.641253","Observatory Ridge","NA
"
2738,"Quercus robur","169014","494608","51.4123","-0.641029","Observatory Ridge","NA
"
2739,"Quercus robur","168979","494584","51.412","-0.641382","Observatory Ridge","NA
"
2740,"Quercus robur","168878","494708","51.411","-0.639629","Observatory Copse","NA
"
2741,"Quercus robur","169004","494649","51.4122","-0.640454","Merten's Acres","NA
"
2742,"Quercus robur","169006","494634","51.4122","-0.640667","Merten's Acres","NA
"
2743,"Quercus robur","168988","494624","51.412","-0.640817","Merten's Acres","NA
"
2744,"Quercus robur","168998","494642","51.4121","-0.640553","Merten's Acres","NA
"
2745,"Quercus robur","169046","494610","51.4126","-0.640989","Merten's Acres","NA
"
2746,"Quercus robur","169036","494612","51.4125","-0.640972","Merten's Acres","NA
"
2747,"Quercus robur","169038","494614","51.4125","-0.640942","Merten's Acres","NA
"
2748,"Quercus robur","169044","494614","51.4125","-0.640935","Merten's Acres","NA
"
2749,"Quercus robur","168984","494635","51.412","-0.640653","Observatory Copse","NA
"
2750,"Quercus robur","169068","494589","51.4128","-0.641295","Merten's Acres","NA
"
2751,"Quercus robur","169068","494589","51.4128","-0.641295","Merten's Acres","NA
"
2752,"Quercus robur","169007","494583","51.4122","-0.641397","Merten's Acres","NA
"
2753,"Quercus robur","169026","494651","51.4124","-0.640412","Merten's Acres","NA
"
2754,"Quercus robur","169059","494668","51.4127","-0.640164","Merten's Acres","NA
"
2755,"Quercus robur","169059","494668","51.4127","-0.640164","Merten's Acres","NA
"
2756,"Quercus robur","168936","494682","51.4116","-0.639993","Observatory Copse","NA
"
2757,"Quercus robur","169062","494634","51.4127","-0.640654","Merten's Acres","NA
"
2758,"Quercus robur","169075","494650","51.4128","-0.640414","Merten's Acres","NA
"
2759,"Quercus robur","168715","494791","51.4095","-0.638485","Observatory Copse","NA
"
2760,"Castanea sativa","168869","494744","51.4109","-0.639121","Observatory Ridge","veteran
"
2761,"Quercus robur","168878","494711","51.411","-0.63959","Observatory Copse","NA
"
2762,"Quercus robur","168878","494711","51.411","-0.63959","Observatory Copse","NA
"
2763,"Quercus robur","169014","494664","51.4123","-0.640223","Merten's Acres","NA
"
2764,"Quercus robur","169026","494661","51.4124","-0.640265","Merten's Acres","NA
"
2765,"Quercus robur","169057","494645","51.4126","-0.640484","Merten's Acres","NA
"
2766,"Quercus robur","169054","494627","51.4126","-0.640747","Merten's Acres","NA
"
2767,"Quercus robur","169091","494624","51.413","-0.640786","Merten's Acres","NA
"
2768,"Quercus robur","169119","494679","51.4132","-0.63999","Merten's Acres","NA
"
2769,"Quercus robur","169114","494670","51.4132","-0.64012","Merten's Acres","NA
"
2770,"Quercus robur","169107","494667","51.4131","-0.640154","Merten's Acres","NA
"
2771,"Quercus robur","169126","494683","51.4133","-0.63993","Merten's Acres","NA
"
2772,"Quercus robur","169133","494693","51.4133","-0.639787","Merten's Acres","NA
"
2773,"Quercus robur","169117","494693","51.4132","-0.639791","Merten's Acres","NA
"
2774,"Quercus robur","169132","494659","51.4133","-0.640263","Merten's Acres","NA
"
2775,"Quercus robur","168428","494734","51.407","-0.639383","Japanese Garden","sold land
"
2776,"Quercus robur","168517","494320","51.4078","-0.64531","Rookery Slope","sold land
"
2777,"Quercus robur","168740","494340","51.4099","-0.64496","Elm Slope","NA
"
2778,"Quercus robur","168740","494340","51.4099","-0.64496","Elm Slope","NA
"
2779,"Quercus robur","168658","494343","51.4091","-0.644934","Elm Slope","NA
"
2780,"Quercus robur","168663","494321","51.4092","-0.64525","Elm Slope","NA
"
2781,"Quercus robur","168593","494357","51.4085","-0.644747","Elm Slope","NA
"
2782,"Quercus robur","168674","494364","51.4093","-0.644638","Elm Slope","NA
"
2783,"Quercus robur","168662","494341","51.4091","-0.644963","Elm Slope","NA
"
2784,"Quercus robur","168650","494355","51.409","-0.644766","Elm Slope","NA
"
2785,"Quercus robur","168640","494345","51.409","-0.644911","Elm Slope","NA
"
2786,"Quercus robur","168664","494334","51.4092","-0.645069","Elm Slope","NA
"
2787,"Quercus robur","168655","494301","51.4091","-0.645544","Elm Slope","NA
"
2788,"Quercus robur","168645","494300","51.409","-0.645565","Elm Slope","NA
"
2789,"Quercus robur","168628","494341","51.4088","-0.644979","Elm Slope","NA
"
2790,"Quercus robur","NULL","NULL","NULL","NULL","Elm Slope","NA
"
2791,"Quercus robur","NULL","NULL","NULL","NULL","Elm Slope","NA
"
2792,"Quercus robur","NULL","NULL","NULL","NULL","Elm Slope","NA
"
2793,"Quercus robur","168730","494338","51.4098","-0.64499","Elm Slope","NA
"
2794,"Quercus robur","168643","494339","51.409","-0.644999","Elm Slope","NA
"
2795,"Quercus robur","168653","494344","51.4091","-0.644924","Elm Slope","NA
"
2796,"Quercus robur","168656","494346","51.4091","-0.644895","Elm Slope","NA
"
2797,"Quercus robur","168660","494321","51.4091","-0.645247","Elm Slope","NA
"
2798,"Quercus robur","168642","494303","51.409","-0.64552","Elm Slope","NA
"
2799,"Quercus robur","168650","494355","51.409","-0.644766","Elm Slope","NA
"
2800,"Quercus robur","NULL","NULL","NULL","NULL","Observatory Ridge","NA
"
2801,"Quercus robur","NULL","NULL","NULL","NULL",NA,"NA
"
2802,"Quercus robur","169160","494441","51.4136","-0.643397",NA,"NA
"
2803,"Quercus robur","NULL","NULL","NULL","NULL",NA,"NA
"
2804,"Quercus robur","NULL","NULL","NULL","NULL",NA,"NA
"
2805,"Quercus robur","NULL","NULL","NULL","NULL",NA,"NA
"
2806,"Quercus robur","168362","494804","51.4064","-0.638386","Japanese Garden","sold land
"
2807,"Quercus robur","168920","494413","51.4115","-0.643864","Gunnes's hill","NA
"
2808,"Quercus robur","NULL","NULL","NULL","NULL","Gunnes's thicket","territory and location not coordinate
"
2809,"Quercus robur","NULL","NULL","NULL","NULL","The Elms","NA
"
2810,"Quercus robur","NULL","NULL","NULL","NULL","The Elms","NA
"
2811,"Quercus robur","NULL","NULL","NULL","NULL","Japanese Garden","sold land
"
2812,"Quercus robur","NULL","NULL","NULL","NULL","Japanese Garden","sold land
"
2813,"Quercus robur","NULL","NULL","NULL","NULL","Japanese Garden","sold land
"
2814,"Quercus robur","NULL","NULL","NULL","NULL","Japanese Garden","sold land
"
2815,"Quercus robur","NULL","NULL","NULL","NULL","Observatory Ridge","NA
"
2816,"Quercus robur","NULL","NULL","NULL","NULL",NA,"dead on 2008 but with pheonology data
"
2817,"Quercus robur","168813","494306","51.4105","-0.645425","Gunnes's hill","NA
"
2818,"Quercus robur","168813","494306","51.4105","-0.645425","Gunnes's hill","NA
"
2819,"Quercus robur","168813","494306","51.4105","-0.645425","Gunnes's hill","NA
"
2820,"Quercus robur","168778","494264","51.4102","-0.646036","Gunnes's hill","veteran
"
2821,"Quercus robur","168777","494312","51.4102","-0.645354","Elm Slope","NA
"
2822,"Quercus robur","NULL","NULL","NULL","NULL",NA,"NA
"
2823,"Quercus robur","NULL","NULL","NULL","NULL",NA,"NA
"
2824,"Quercus robur","NULL","NULL","NULL","NULL",NA,"NA
"
2825,"Quercus robur","NULL","NULL","NULL","NULL",NA,"NA
"
2826,"Quercus robur","NULL","NULL","NULL","NULL",NA,"NA
"
2827,"Quercus robur","168353","494144","51.4064","-0.647876","Old Orchard","NA
"
2828,"Quercus robur","168506","494677","51.4077","-0.640182","Japanese Garden","sold land
"
2829,"Quercus robur","168511","494614","51.4077","-0.641076","Japanese Garden","sold land
"
2831,"Quercus robur","169057","494671","51.4126","-0.64011","Merten's Acres","NA
"
2832,"Quercus robur","NULL","NULL","NULL","NULL",NA,"NA
"
2833,"Quercus robur","NULL","NULL","NULL","NULL",NA,"NA
"
2834,"Quercus robur","NULL","NULL","NULL","NULL",NA,"NA
"
2835,"Quercus robur","NULL","NULL","NULL","NULL","Cascade Marsh","NA
"
2836,"Quercus robur","NULL","NULL","NULL","NULL","Cascade Marsh","NA
"
2837,"Quercus robur","NULL","NULL","NULL","NULL",NA,"NA
"
2838,"Quercus robur","NULL","NULL","NULL","NULL",NA,"NA
"
2839,"Quercus robur","NULL","NULL","NULL","NULL",NA,"NA
"
2840,"Quercus robur","NULL","NULL","NULL","NULL",NA,"NA
"
2841,"Quercus robur","NULL","NULL","NULL","NULL",NA,"NA
"
2842,"Quercus robur","NULL","NULL","NULL","NULL","Cascade Marsh","Phenology until 2012
"
2843,"Quercus robur","NULL","NULL","NULL","NULL",NA,"Phenology until 2012
"
2844,"Quercus robur","NULL","NULL","NULL","NULL",NA,"Phenology until 2012
"
2845,"Quercus robur","NULL","NULL","NULL","NULL",NA,"Phenology until 2012
"
2846,"Quercus robur","NULL","NULL","NULL","NULL",NA,"Phenology until 2012
"
2847,"Quercus robur","NULL","NULL","NULL","NULL",NA,"Missing from 2012
"
2848,"Quercus robur","NULL","NULL","NULL","NULL",NA,"Phenology until 2012
"
2849,"Quercus robur","NULL","NULL","NULL","NULL",NA,"Phenology until 2012
"
2850,"Quercus robur","NULL","NULL","NULL","NULL",NA,"Phenology until 2007
"
2851,"Quercus robur","NULL","NULL","NULL","NULL","Merten's Acres","Phenology until 2007
"
2852,"Quercus robur","NULL","NULL","NULL","NULL",NA,"Phenology until 2007
"
2853,"Quercus robur","NULL","NULL","NULL","NULL",NA,"Phenology until 2007
"
2854,"Quercus robur","NULL","NULL","NULL","NULL",NA,"Phenology until 2007
"
2855,"Quercus robur","NULL","NULL","NULL","NULL",NA,"Phenology until 2011
"
2856,"Quercus robur","NULL","NULL","NULL","NULL",NA,"Phenology until 2011
"
2857,"Quercus robur","168990","494667","51.412","-0.640198",NA,"NA
"
2858,"Quercus robur","NULL","NULL","NULL","NULL",NA,"Phenology until 2013
"
2859,"Quercus robur","NULL","NULL","NULL","NULL",NA,"Phenology until 2007
"
2860,"Quercus robur","NULL","NULL","NULL","NULL",NA,"Phenology until 2007
"
2861,"Quercus robur","NULL","NULL","NULL","NULL",NA,"Phenology until 2007
"
2862,"Quercus robur","NULL","NULL","NULL","NULL",NA,"Phenology until 2007
"
2863,"Quercus robur","NULL","NULL","NULL","NULL",NA,"Phenology until 2013
"
2864,"Quercus robur","NULL","NULL","NULL","NULL",NA,"Phenology until 2008
"
2865,"Quercus robur","NULL","NULL","NULL","NULL",NA,"Phenology until 2008
"
2866,"Quercus robur","169027","494637","51.41238","-0.64061","Merten's Acres","Phenology until 2008, Tree core project
"
2867,"Quercus robur","NULL","NULL","NULL","NULL",NA,"Phenology until 2013
"
2868,"Quercus robur","NULL","NULL","NULL","NULL",NA,"Phenology until 2013
"
2869,"Quercus robur","NULL","NULL","NULL","NULL",NA,"Phenology until 2007
"
2870,"Quercus robur","NULL","NULL","NULL","NULL",NA,"Phenology until 2007
"
2871,"Quercus robur","NULL","NULL","NULL","NULL",NA,"NA
"
2872,"Quercus robur","NULL","NULL","NULL","NULL",NA,"NA
"
2873,"Quercus robur","NULL","NULL","NULL","NULL",NA,"NA
"
2874,"Quercus robur","NULL","NULL","NULL","NULL",NA,"NA
"
2875,"Quercus robur","NULL","NULL","NULL","NULL",NA,"NA
"
2876,"Quercus robur","NULL","NULL","NULL","NULL",NA,"NA
"
2877,"Quercus robur","NULL","NULL","NULL","NULL",NA,"NA
"
2878,"Quercus robur","NULL","NULL","NULL","NULL",NA,"NA
"
2879,"Quercus robur","NULL","NULL","NULL","NULL",NA,"NA
"
2880,"Quercus robur","NULL","NULL","NULL","NULL",NA,"NA
"
2881,"Quercus robur","NULL","NULL","NULL","NULL",NA,"NA
"
2882,"Quercus robur","NULL","NULL","NULL","NULL",NA,"NA
"
2883,"Quercus robur","NULL","NULL","NULL","NULL",NA,"NA
"
2884,"Quercus robur","NULL","NULL","NULL","NULL",NA,"NA
"
2885,"Quercus robur","NULL","NULL","NULL","NULL",NA,"NA
"
2886,"Quercus robur","NULL","NULL","NULL","NULL",NA,"NA
"
2887,"Quercus robur","NULL","NULL","NULL","NULL",NA,"NA
"
2888,"Quercus robur","NULL","NULL","NULL","NULL",NA,"NA
"
2890,"Quercus robur","NULL","NULL","NULL","NULL",NA,"NA
"
2891,"Quercus robur","NULL","NULL","NULL","NULL",NA,"NA
"
2892,"Quercus robur","NULL","NULL","NULL","NULL",NA,"NA
"
2893,"Quercus robur","NULL","NULL","NULL","NULL",NA,"NA
"
2894,"Quercus robur","NULL","NULL","NULL","NULL",NA,"NA
"
2895,"Quercus robur","NULL","NULL","NULL","NULL",NA,"NA
"
2896,"Quercus robur","NULL","NULL","NULL","NULL",NA,"NA
"
2897,"Quercus robur","NULL","NULL","NULL","NULL",NA,"NA
"
2898,"Quercus robur","NULL","NULL","NULL","NULL",NA,"NA
"
2899,"Quercus robur","NULL","NULL","NULL","NULL",NA,"NA
"
2900,"Quercus robur","NULL","NULL","NULL","NULL",NA,"NA
"
2901,"Quercus robur","NULL","NULL","NULL","NULL",NA,"NA
"
2902,"Quercus robur","NULL","NULL","NULL","NULL",NA,"NA
"
2903,"Quercus robur","NULL","NULL","NULL","NULL",NA,"NA
"
2904,"Quercus robur","NULL","NULL","NULL","NULL",NA,"NA
"
2905,"Quercus robur","NULL","NULL","NULL","NULL",NA,"NA
"
2906,"Quercus robur","NULL","NULL","NULL","NULL",NA,"NA
"
2907,"Quercus robur","NULL","NULL","NULL","NULL",NA,"NA
"
2908,"Quercus robur","NULL","NULL","NULL","NULL",NA,"NA
"
2909,"Quercus robur","NULL","NULL","NULL","NULL",NA,"NA
"
2910,"Quercus robur","NULL","NULL","NULL","NULL",NA,"NA
"
2911,"Quercus robur","NULL","NULL","NULL","NULL",NA,"NA
"
2912,"Quercus robur","NULL","NULL","NULL","NULL",NA,"NA
"
2913,"Quercus robur","NULL","NULL","NULL","NULL",NA,"NA
"
2914,"Quercus robur","NULL","NULL","NULL","NULL",NA,"NA
"
2915,"Quercus robur","NULL","NULL","NULL","NULL",NA,"NA
"
2916,"Quercus robur","NULL","NULL","NULL","NULL",NA,"NA
"
2917,"Quercus robur","NULL","NULL","NULL","NULL",NA,"NA
"
2918,"Quercus robur","NULL","NULL","NULL","NULL",NA,"NA
"
2919,"Quercus robur","NULL","NULL","NULL","NULL",NA,"NA
"
2920,"Quercus robur","NULL","NULL","NULL","NULL",NA,"NA
"
2921,"Quercus robur","NULL","NULL","NULL","NULL",NA,"NA
"
2922,"Quercus robur","NULL","NULL","NULL","NULL",NA,"NA
"
2923,"Quercus robur","NULL","NULL","NULL","NULL",NA,"NA
"
2924,"Quercus robur","NULL","NULL","NULL","NULL",NA,"NA
"
2925,"Quercus robur","NULL","NULL","NULL","NULL",NA,"NA
"
2926,"Quercus robur","NULL","NULL","NULL","NULL",NA,"NA
"
2927,"Quercus robur","NULL","NULL","NULL","NULL",NA,"NA
"
2928,"Quercus robur","NULL","NULL","NULL","NULL",NA,"NA
"
2929,"Quercus robur","NULL","NULL","NULL","NULL",NA,"NA
"
2930,"Quercus robur","NULL","NULL","NULL","NULL",NA,"NA
"
2931,"Quercus robur","NULL","NULL","NULL","NULL",NA,"NA
"
2932,"Quercus robur","NULL","NULL","NULL","NULL",NA,"NA
"
2933,"Quercus robur","169003","494592","51.4122","-0.641259","Observatory Ridge","NA
"
2934,"Quercus robur","NULL","NULL","NULL","NULL",NA,"NA
"
2935,"Quercus robur","NULL","NULL","NULL","NULL",NA,"NA
"
2936,"Quercus robur","NULL","NULL","NULL","NULL",NA,"NA
"
2937,"Quercus robur","169057","494669","51.4126","-0.640183","Merten's Acres","NA
"
2938,"Quercus robur","169056","494658","51.4126","-0.640311","Merten's Acres","NA
"
2939,"Quercus robur","NULL","NULL","NULL","NULL",NA,"NA
"
2940,"Quercus robur","NULL","NULL","NULL","NULL",NA,"NA
"
2941,"Quercus robur","NULL","NULL","NULL","NULL",NA,"NA
"
2942,"Quercus robur","NULL","NULL","NULL","NULL",NA,"NA
"
2943,"Quercus robur","NULL","NULL","NULL","NULL",NA,"NA
"
2944,"Quercus robur","NULL","NULL","NULL","NULL",NA,"NA
"
2945,"Quercus robur","NULL","NULL","NULL","NULL",NA,"NA
"
2946,"Quercus robur","NULL","NULL","NULL","NULL",NA,"NA
"
2947,"Quercus robur","NULL","NULL","NULL","NULL",NA,"NA
"
2948,"Quercus robur","NULL","NULL","NULL","NULL",NA,"NA
"
2949,"Quercus robur","NULL","NULL","NULL","NULL",NA,"NA
"
2950,"Quercus robur","NULL","NULL","NULL","NULL",NA,"NA
"
2951,"Quercus robur","NULL","NULL","NULL","NULL",NA,"NA
"
2952,"Quercus robur","NULL","NULL","NULL","NULL",NA,"NA
"
2953,"Quercus robur","NULL","NULL","NULL","NULL",NA,"NA
"
2954,"Quercus robur","NULL","NULL","NULL","NULL",NA,"NA
"
2955,"Quercus robur","NULL","NULL","NULL","NULL",NA,"NA
"
2956,"Quercus robur","NULL","NULL","NULL","NULL",NA,"NA
"
2957,"Quercus robur","NULL","NULL","NULL","NULL",NA,"NA
"
2958,"Quercus robur","NULL","NULL","NULL","NULL",NA,"NA
"
2959,"Quercus robur","NULL","NULL","NULL","NULL",NA,"NA
"
2960,"Quercus robur","NULL","NULL","NULL","NULL",NA,"NA
"
2961,"Quercus robur","NULL","NULL","NULL","NULL",NA,"NA
"
2962,"Quercus robur","NULL","NULL","NULL","NULL",NA,"NA
"
2963,"Quercus robur","NULL","NULL","NULL","NULL",NA,"NA
"
2964,"Quercus robur","NULL","NULL","NULL","NULL",NA,"NA
"
2965,"Quercus robur","169061","493855","51.4128","-0.651851","Mann's Copse","NA
"
2966,"Quercus robur","169049","493847","51.4127","-0.651966","Mann's Copse","NA
"
2967,"Quercus robur","169052","493851","51.4127","-0.651906","Mann's Copse","NA
"
2968,"Quercus robur","NULL","NULL","NULL","NULL",NA,"NA
"
2969,"Quercus robur","NULL","NULL","NULL","NULL",NA,"NA
"
2970,"Quercus robur","NULL","NULL","NULL","NULL",NA,"NA
"
2971,"Quercus robur","NULL","NULL","NULL","NULL",NA,"NA
"
2972,"Quercus robur","NULL","NULL","NULL","NULL",NA,"NA
"
2973,"Quercus robur","NULL","NULL","NULL","NULL",NA,"NA
"
2974,"Quercus robur","NULL","NULL","NULL","NULL",NA,"NA
"
2975,"Quercus robur","NULL","NULL","NULL","NULL",NA,"NA
"
2976,"Quercus robur","NULL","NULL","NULL","NULL",NA,"NA
"
2977,"Quercus robur","NULL","NULL","NULL","NULL",NA,"NA
"
2978,"Quercus robur","NULL","NULL","NULL","NULL","Farm Wood","NA
"
2979,"Quercus robur","NULL","NULL","NULL","NULL",NA,"NA
"
2980,"Quercus robur","NULL","NULL","NULL","NULL",NA,"NA
"
2981,"Quercus robur","NULL","NULL","NULL","NULL",NA,"NA
"
2982,"Quercus robur","NULL","NULL","NULL","NULL",NA,"NA
"
2983,"Quercus robur","NULL","NULL","NULL","NULL",NA,"NA
"
2985,"Quercus robur","NULL","NULL","NULL","NULL",NA,"NA
"
2986,"Quercus robur","NULL","NULL","NULL","NULL",NA,"NA
"
2987,"Quercus robur","NULL","NULL","NULL","NULL",NA,"NA
"
2988,"Quercus robur","NULL","NULL","NULL","NULL",NA,"NA
"
2989,"Quercus robur","NULL","NULL","NULL","NULL",NA,"NA
"
2990,"Quercus robur","NULL","NULL","NULL","NULL",NA,"NA
"
2991,"Quercus robur","NULL","NULL","NULL","NULL",NA,"NA
"
2992,"Quercus robur","NULL","NULL","NULL","NULL",NA,"NA
"
2993,"Quercus robur","NULL","NULL","NULL","NULL","Elm Slope","NA
"
2994,"Quercus robur","NULL","NULL","NULL","NULL",NA,"NA
"
2995,"Quercus robur","NULL","NULL","NULL","NULL",NA,"NA
"
2996,"Quercus robur","NULL","NULL","NULL","NULL",NA,"NA
"
2997,"Quercus robur","168961","493773","51.4119","-0.653056","Mann's Copse","NA
"
2998,"Quercus robur","NULL","NULL","NULL","NULL",NA,"NA
"
2999,"Quercus robur","NULL","NULL","NULL","NULL",NA,"NA
"
3000,"Quercus robur","NULL","NULL","NULL","NULL","Gunnes's hill","NA
"
3001,"Quercus robur","NULL","NULL","NULL","NULL",NA,"NA
"
3002,"Quercus robur","NULL","NULL","NULL","NULL",NA,"NA
"
3003,"Quercus robur","168980","493765","51.4121","-0.653155","Mann's Copse","NA
"
3004,"Quercus robur","NULL","NULL","NULL","NULL",NA,"NA
"
3005,"Quercus robur","NULL","NULL","NULL","NULL",NA,"NA
"
3006,"Quercus robur","NULL","NULL","NULL","NULL",NA,"NA
"
3007,"Quercus robur","NULL","NULL","NULL","NULL",NA,"NA
"
3008,"Quercus robur","NULL","NULL","NULL","NULL",NA,"NA
"
3009,"Quercus robur","NULL","NULL","NULL","NULL",NA,"NA
"
3010,"Quercus robur","168979","493806","51.4121","-0.652574","Mann's Copse","NA
"
3011,"Quercus robur","NULL","NULL","NULL","NULL",NA,"NA
"
3012,"Quercus robur","NULL","NULL","NULL","NULL",NA,"NA
"
3013,"Quercus robur","169012","493810","51.4124","-0.652511","Mann's Copse","NA
"
3014,"Quercus robur","NULL","NULL","NULL","NULL",NA,"NA
"
3015,"Quercus robur","NULL","NULL","NULL","NULL","Elm Slope","NA
"
3016,"Quercus robur","NULL","NULL","NULL","NULL",NA,"NA
"
3017,"Quercus robur","NULL","NULL","NULL","NULL",NA,"NA
"
3018,"Quercus robur","NULL","NULL","NULL","NULL",NA,"NA
"
3019,"Quercus robur","NULL","NULL","NULL","NULL",NA,"NA
"
3020,"Quercus robur","168958","493754","51.4119","-0.653331","Mann's Copse","NA
"
3021,"Quercus robur","168958","493754","51.4119","-0.653331","Mann's Copse","NA
"
3022,"Quercus robur","168969","493741","51.412","-0.653505","Mann's Copse","NA
"
3023,"Quercus robur","NULL","NULL","NULL","NULL",NA,"NA
"
3024,"Quercus robur","NULL","NULL","NULL","NULL",NA,"NA
"
3025,"Quercus robur","NULL","NULL","NULL","NULL",NA,"NA
"
3026,"Quercus robur","NULL","NULL","NULL","NULL",NA,"NA
"
3027,"Quercus robur","NULL","NULL","NULL","NULL",NA,"NA
"
3028,"Quercus robur","NULL","NULL","NULL","NULL",NA,"NA
"
3029,"Quercus robur","NULL","NULL","NULL","NULL",NA,"NA
"
3030,"Quercus robur","NULL","NULL","NULL","NULL",NA,"NA
"
3031,"Quercus robur","NULL","NULL","NULL","NULL",NA,"NA
"
3032,"Quercus robur","NULL","NULL","NULL","NULL",NA,"NA
"
3033,"Quercus robur","169376","493966","51.4156","-0.65016","Farm Wood","NA
"
3034,"Quercus robur","NULL","NULL","NULL","NULL",NA,"NA
"
3035,"Quercus robur","NULL","NULL","NULL","NULL",NA,"NA
"
3036,"Quercus robur","NULL","NULL","NULL","NULL",NA,"NA
"
3037,"Quercus robur","169304","493910","51.415","-0.650991","Farm Wood","NA
"
3038,"Quercus robur","NULL","NULL","NULL","NULL",NA,"NA
"
3039,"Quercus robur","NULL","NULL","NULL","NULL",NA,"NA
"
3040,"Quercus robur","NULL","NULL","NULL","NULL",NA,"NA
"
3042,"Quercus robur","NULL","NULL","NULL","NULL",NA,"NA
"
3043,"Quercus robur","NULL","NULL","NULL","NULL",NA,"NA
"
3044,NA,"NULL","NULL","NULL","NULL",NA,"NA
"
3045,"Quercus robur","NULL","NULL","NULL","NULL","Gunnes's hill","NA
"
3046,"Quercus robur","NULL","NULL","NULL","NULL",NA,"NA
"
3047,"Quercus robur","NULL","NULL","NULL","NULL",NA,"NA
"
3048,"Quercus robur","168991","493784","51.412191","-0.652884","Mann's Copse","NA
"
3049,"Quercus robur","168991","493784","51.412191","-0.652884","Mann's Copse","NA
"
3050,"Quercus robur","NULL","NULL","NULL","NULL",NA,""
3051,"Quercus robur","169008","493731","51.4123586","-0.6536371","Mann's Copse","approximated GPS
"
3052,"Quercus robur","NULL","NULL","NULL","NULL",NA,"NA
"
3053,"Quercus robur","NULL","NULL","NULL","NULL",NA,"NA
"
3054,NA,"NULL","NULL","NULL","NULL",NA,"Originally not recorded in trees table; found in visits table"
3055,"Quercus robur","NULL","NULL","NULL","NULL",NA,"NA
"
3056,"Quercus robur","NULL","NULL","NULL","NULL",NA,"NA
"
3057,"Quercus robur","NULL","NULL","NULL","NULL",NA,"NA
"
3058,"Quercus robur","NULL","NULL","NULL","NULL",NA,"NA
"
3059,"Quercus robur","NULL","NULL","NULL","NULL",NA,"NA
"
3060,"Quercus robur","NULL","NULL","NULL","NULL",NA,"NA
"
3061,NA,"NULL","NULL","NULL","NULL",NA,"Originally not recorded in trees table; found in markings table "
3062,"Quercus robur","NULL","NULL","NULL","NULL",NA,"NA
"
3063,"Quercus robur","NULL","NULL","NULL","NULL",NA,"NA
"
3064,"Quercus robur","NULL","NULL","NULL","NULL",NA,"NA
"
3065,"Quercus robur","NULL","NULL","NULL","NULL",NA,"NA
"
3066,"Quercus robur","NULL","NULL","NULL","NULL",NA,"NA
"
3067,"Quercus robur","NULL","NULL","NULL","NULL",NA,"NA
"
3068,"Quercus robur","NULL","NULL","NULL","NULL",NA,"NA
"
3069,"Quercus robur","NULL","NULL","NULL","NULL",NA,"NA
"
3070,"Quercus robur","NULL","NULL","NULL","NULL",NA,"NA
"
3071,"Quercus robur","NULL","NULL","NULL","NULL",NA,"NA
"
3072,"Quercus robur","NULL","NULL","NULL","NULL",NA,"NA
"
3073,"Quercus robur","NULL","NULL","NULL","NULL",NA,"NA
"
3074,"Quercus robur","NULL","NULL","NULL","NULL",NA,"NA
"
3075,"Quercus robur","NULL","NULL","NULL","NULL",NA,"NA
"
3076,"Quercus robur","NULL","NULL","NULL","NULL",NA,"NA
"
3077,"Quercus robur","NULL","NULL","NULL","NULL",NA,"NA
"
3078,"Quercus robur","NULL","NULL","NULL","NULL",NA,"NA
"
3079,"Quercus robur","NULL","NULL","NULL","NULL",NA,"NA
"
3080,"Quercus robur","NULL","NULL","NULL","NULL",NA,"NA
"
3081,"Quercus robur","NULL","NULL","NULL","NULL",NA,"NA
"
3082,"Quercus robur","NULL","NULL","NULL","NULL",NA,"NA
"
3083,"Quercus robur","NULL","NULL","NULL","NULL",NA,"NA
"
3084,"Quercus robur","NULL","NULL","NULL","NULL",NA,"NA
"
3085,"Quercus robur","NULL","NULL","NULL","NULL",NA,"NA
"
3086,"Quercus robur","168892","494715","51.4111","-0.639527",NA,"NA
"
3087,"Quercus robur","NULL","NULL","NULL","NULL",NA,"NA
"
3088,"Quercus robur","NULL","NULL","NULL","NULL",NA,"NA
"
3089,"Quercus robur","NULL","NULL","NULL","NULL",NA,"NA
"
3090,"Quercus robur","168921","494665","51.4114","-0.64024",NA,"NA
"
3091,"Quercus robur","NULL","NULL","NULL","NULL",NA,"NA
"
3092,"Quercus robur","NULL","NULL","NULL","NULL",NA,"NA
"
3093,"Quercus robur","NULL","NULL","NULL","NULL",NA,"NA
"
3094,"Quercus robur","NULL","NULL","NULL","NULL",NA,"NA
"
3095,"Quercus robur","NULL","NULL","NULL","NULL",NA,"NA
"
3096,"Quercus robur","NULL","NULL","NULL","NULL",NA,"NA
"
3097,"Quercus robur","NULL","NULL","NULL","NULL",NA,"NA
"
3098,"Quercus robur","NULL","NULL","NULL","NULL",NA,"NA
"
3099,"Quercus robur","NULL","NULL","NULL","NULL",NA,"NA
"
3100,"Quercus robur","NULL","NULL","NULL","NULL",NA,"NA
"
3101,"Quercus robur","NULL","NULL","NULL","NULL",NA,"NA
"
3102,"Quercus robur","NULL","NULL","NULL","NULL",NA,"NA
"
3103,"Quercus robur","NULL","NULL","NULL","NULL",NA,"NA
"
3104,"Quercus robur","NULL","NULL","NULL","NULL",NA,"NA
"
3105,"Quercus robur","NULL","NULL","NULL","NULL",NA,"NA
"
3106,"Quercus robur","NULL","NULL","NULL","NULL",NA,"NA
"
3107,"Quercus robur","NULL","NULL","NULL","NULL",NA,"NA
"
3108,"Quercus robur","NULL","NULL","NULL","NULL",NA,"NA
"
3109,"Quercus robur","NULL","NULL","NULL","NULL",NA,"NA
"
3110,"Quercus robur","NULL","NULL","NULL","NULL",NA,"NA
"
3111,"Quercus robur","NULL","NULL","NULL","NULL",NA,"NA
"
3112,"Quercus robur","NULL","NULL","NULL","NULL",NA,"NA
"
3113,"Quercus robur","NULL","NULL","NULL","NULL",NA,"NA
"
3114,"Quercus robur","NULL","NULL","NULL","NULL",NA,"NA
"
3115,"Quercus robur","NULL","NULL","NULL","NULL",NA,"NA
"
3116,"Quercus robur","NULL","NULL","NULL","NULL",NA,"NA
"
3117,"Quercus robur","NULL","NULL","NULL","NULL",NA,"NA
"
3118,"Quercus robur","NULL","NULL","NULL","NULL",NA,"NA
"
3119,"Quercus robur","NULL","NULL","NULL","NULL",NA,"NA
"
3120,"Quercus robur","NULL","NULL","NULL","NULL",NA,"NA
"
3121,"Quercus robur","NULL","NULL","NULL","NULL",NA,"NA
"
3122,"Quercus robur","NULL","NULL","NULL","NULL",NA,"NA
"
3123,"Quercus robur","169130","494686","51.4133","-0.639886",NA,"NA
"
3124,"Quercus robur","NULL","NULL","NULL","NULL",NA,"NA
"
3125,"Quercus robur","NULL","NULL","NULL","NULL",NA,"NA
"
3126,"Quercus robur","NULL","NULL","NULL","NULL",NA,"NA
"
3127,"Quercus robur","NULL","NULL","NULL","NULL",NA,"NA
"
3128,"Quercus robur","NULL","NULL","NULL","NULL",NA,"NA
"
3129,"Quercus robur","NULL","NULL","NULL","NULL",NA,"NA
"
3130,"Quercus robur","NULL","NULL","NULL","NULL",NA,"NA
"
3131,"Quercus robur","NULL","NULL","NULL","NULL",NA,"NA
"
3132,"Quercus robur","NULL","NULL","NULL","NULL",NA,"NA
"
3133,"Quercus robur","NULL","NULL","NULL","NULL",NA,"NA
"
3134,"Quercus robur","NULL","NULL","NULL","NULL",NA,"NA
"
3135,"Quercus robur","NULL","NULL","NULL","NULL",NA,"NA
"
3136,"Quercus robur","NULL","NULL","NULL","NULL",NA,"NA
"
3137,"Quercus robur","NULL","NULL","NULL","NULL",NA,"NA
"
3138,"Quercus robur","NULL","NULL","NULL","NULL",NA,"NA
"
3139,"Quercus robur","NULL","NULL","NULL","NULL",NA,"NA
"
3140,"Quercus robur","NULL","NULL","NULL","NULL",NA,"NA
"
3141,"Quercus robur","NULL","NULL","NULL","NULL",NA,"NA
"
3142,"Quercus robur","NULL","NULL","NULL","NULL",NA,"NA
"
3143,"Quercus robur","NULL","NULL","NULL","NULL",NA,"NA
"
3144,"Quercus robur","NULL","NULL","NULL","NULL",NA,"NA
"
3145,"Quercus robur","NULL","NULL","NULL","NULL",NA,"NA
"
3146,"Quercus robur","NULL","NULL","NULL","NULL",NA,"NA
"
3147,"Quercus robur","NULL","NULL","NULL","NULL",NA,"NA
"
3148,"Quercus robur","NULL","NULL","NULL","NULL",NA,"NA
"
3149,"Quercus robur","NULL","NULL","NULL","NULL",NA,"NA
"
3150,"Quercus robur","168940","494529","51.4116","-0.642187","Observatory Ridge","NA
"
3151,"Quercus robur","NULL","NULL","NULL","NULL",NA,"NA
"
3152,"Quercus robur","168929","494522","51.4115","-0.64229",NA,"NA
"
3153,"Quercus robur","NULL","NULL","NULL","NULL",NA,"NA
"
3154,"Quercus robur","NULL","NULL","NULL","NULL",NA,"NA
"
3155,"Quercus robur","NULL","NULL","NULL","NULL",NA,"NA
"
3156,"Quercus robur","NULL","NULL","NULL","NULL",NA,"NA
"
3157,"Quercus robur","NULL","NULL","NULL","NULL",NA,"NA
"
3158,"Quercus robur","NULL","NULL","NULL","NULL",NA,"NA
"
3159,"Quercus robur","NULL","NULL","NULL","NULL",NA,"NA
"
3160,"Quercus robur","NULL","NULL","NULL","NULL",NA,"NA
"
3161,"Quercus robur","NULL","NULL","NULL","NULL",NA,"NA
"
3162,"Quercus robur","NULL","NULL","NULL","NULL",NA,"NA
"
3163,"Quercus robur","169004","494549","51.4122","-0.64189",NA,"NA
"
3164,"Quercus robur","NULL","NULL","NULL","NULL",NA,"NA
"
3165,"Quercus robur","NULL","NULL","NULL","NULL",NA,"NA
"
3166,"Quercus robur","NULL","NULL","NULL","NULL",NA,"NA
"
3167,"Quercus robur","NULL","NULL","NULL","NULL",NA,"NA
"
3169,"Quercus robur","NULL","NULL","NULL","NULL",NA,"NA
"
3171,"Quercus robur","NULL","NULL","NULL","NULL",NA,"NA
"
3172,"Quercus robur","NULL","NULL","NULL","NULL",NA,"NA
"
3173,"Quercus robur","NULL","NULL","NULL","NULL",NA,"NA
"
3174,"Quercus robur","NULL","NULL","NULL","NULL",NA,"NA
"
3175,"Quercus robur","NULL","NULL","NULL","NULL",NA,"NA
"
3176,"Quercus robur","NULL","NULL","NULL","NULL",NA,"NA
"
3177,"Quercus robur","NULL","NULL","NULL","NULL",NA,"NA
"
3178,"Quercus robur","NULL","NULL","NULL","NULL",NA,"NA
"
3179,"Quercus robur","NULL","NULL","NULL","NULL",NA,"NA
"
3180,"Quercus robur","NULL","NULL","NULL","NULL",NA,"NA
"
3181,"Quercus robur","NULL","NULL","NULL","NULL",NA,"NA
"
3182,"Quercus robur","NULL","NULL","NULL","NULL",NA,"NA
"
3183,"Quercus robur","NULL","NULL","NULL","NULL",NA,"NA
"
3184,"Quercus robur","NULL","NULL","NULL","NULL",NA,"NA
"
3185,"Quercus robur","NULL","NULL","NULL","NULL",NA,"NA
"
3186,"Quercus robur","NULL","NULL","NULL","NULL",NA,"NA
"
3187,"Quercus robur","NULL","NULL","NULL","NULL",NA,"NA
"
3188,"Quercus robur","NULL","NULL","NULL","NULL",NA,"NA
"
3189,"Quercus robur","NULL","NULL","NULL","NULL",NA,"NA
"
3190,"Quercus robur","NULL","NULL","NULL","NULL",NA,"NA
"
3191,"Quercus robur","NULL","NULL","NULL","NULL",NA,"NA
"
3192,"Quercus robur","NULL","NULL","NULL","NULL",NA,"NA
"
3193,"Quercus robur","NULL","NULL","NULL","NULL",NA,"NA
"
3194,"Quercus robur","NULL","NULL","NULL","NULL",NA,"NA
"
3195,"Quercus robur","NULL","NULL","NULL","NULL",NA,"NA
"
3196,"Quercus robur","NULL","NULL","NULL","NULL",NA,"NA
"
3197,"Quercus robur","NULL","NULL","NULL","NULL",NA,"NA
"
3198,"Quercus robur","NULL","NULL","NULL","NULL",NA,"NA
"
3199,"Quercus robur","NULL","NULL","NULL","NULL",NA,"NA
"
3200,"Quercus robur","NULL","NULL","NULL","NULL",NA,"NA
"
3201,"Quercus robur","NULL","NULL","NULL","NULL",NA,"NA
"
3202,"Quercus robur","NULL","NULL","NULL","NULL",NA,"NA
"
3203,"Quercus robur","NULL","NULL","NULL","NULL",NA,"NA
"
3204,"Quercus robur","NULL","NULL","NULL","NULL",NA,"NA
"
3205,"Quercus robur","168958","494555","51.4118","-0.64181",NA,"NA
"
3206,"Quercus robur","NULL","NULL","NULL","NULL",NA,"NA
"
3207,"Quercus robur","NULL","NULL","NULL","NULL",NA,"NA
"
3208,"Quercus robur","NULL","NULL","NULL","NULL",NA,"NA
"
3209,"Quercus robur","NULL","NULL","NULL","NULL",NA,"NA
"
3210,"Quercus robur","NULL","NULL","NULL","NULL",NA,"NA
"
3211,"Quercus robur","169004","494549","51.4122","-0.64189",NA,"NA
"
3212,"Quercus robur","NULL","NULL","NULL","NULL",NA,"NA
"
3213,"Quercus robur","NULL","NULL","NULL","NULL",NA,"NA
"
3214,"Quercus robur","NULL","NULL","NULL","NULL",NA,"NA
"
3215,"Quercus robur","NULL","NULL","NULL","NULL",NA,"NA
"
3216,"Quercus robur","NULL","NULL","NULL","NULL",NA,"NA
"
3217,"Quercus robur","NULL","NULL","NULL","NULL",NA,"NA
"
3218,"Quercus robur","NULL","NULL","NULL","NULL",NA,"NA
"
3219,"Quercus robur","NULL","NULL","NULL","NULL","Cascade Marsh","NA
"
3220,"Quercus robur","NULL","NULL","NULL","NULL","Cascade Marsh","NA
"
3221,"Quercus robur","NULL","NULL","NULL","NULL",NA,"NA
"
3222,"Quercus robur","NULL","NULL","NULL","NULL",NA,"NA
"
3223,"Quercus robur","168898","493905","51.4113","-0.651173","Cascade Marsh","NA
"
3224,"Quercus robur","NULL","NULL","NULL","NULL",NA,"NA
"
3225,"Quercus robur","NULL","NULL","NULL","NULL",NA,"NA
"
3226,"Quercus robur","NULL","NULL","NULL","NULL",NA,"NA
"
3227,"Quercus robur","NULL","NULL","NULL","NULL",NA,"NA
"
3228,"Quercus robur","NULL","NULL","NULL","NULL",NA,"NA
"
3229,"Quercus robur","NULL","NULL","NULL","NULL",NA,"NA
"
3230,"Quercus robur","NULL","NULL","NULL","NULL",NA,"NA
"
3231,"Quercus robur","NULL","NULL","NULL","NULL",NA,"NA
"
3232,"Quercus robur","NULL","NULL","NULL","NULL",NA,"NA
"
3233,"Quercus robur","169036","494081","51.4125","-0.648607","Gunnes's thicket","NA
"
3234,"Quercus robur","NULL","NULL","NULL","NULL",NA,"NA
"
3235,"Quercus robur","NULL","NULL","NULL","NULL",NA,"NA
"
3236,"Quercus robur","NULL","NULL","NULL","NULL",NA,"NA
"
3237,"Quercus robur","NULL","NULL","NULL","NULL",NA,"NA
"
3238,"Quercus robur","NULL","NULL","NULL","NULL",NA,"NA
"
3239,"Quercus robur","NULL","NULL","NULL","NULL",NA,"NA
"
3240,"Quercus robur","NULL","NULL","NULL","NULL",NA,"NA
"
3241,"Quercus robur","NULL","NULL","NULL","NULL",NA,"NA
"
3242,"Quercus robur","NULL","NULL","NULL","NULL",NA,"NA
"
3243,"Quercus robur","169176","493857","51.4138","-0.651788","Mann's Copse","NA
"
3244,"Quercus robur","NULL","NULL","NULL","NULL",NA,"NA
"
3245,"Quercus robur","NULL","NULL","NULL","NULL",NA,"NA
"
3246,"Quercus robur","NULL","NULL","NULL","NULL",NA,"NA
"
3247,"Quercus robur","NULL","NULL","NULL","NULL",NA,"NA
"
3248,"Quercus robur","169257","493925","51.4146","-0.650792","Farm Wood","NA
"
3250,"Quercus robur","NULL","NULL","NULL","NULL",NA,"NA
"
3251,"Quercus robur","NULL","NULL","NULL","NULL",NA,"NA
"
3252,"Quercus robur","NULL","NULL","NULL","NULL",NA,"NA
"
3253,"Quercus robur","NULL","NULL","NULL","NULL",NA,"NA
"
3254,"Quercus robur","NULL","NULL","NULL","NULL",NA,"NA
"
3255,"Quercus robur","NULL","NULL","NULL","NULL",NA,"NA
"
3256,"Quercus robur","NULL","NULL","NULL","NULL",NA,"NA
"
3257,"Quercus robur","NULL","NULL","NULL","NULL",NA,"NA
"
3258,"Quercus robur","NULL","NULL","NULL","NULL",NA,"NA
"
3259,"Quercus robur","NULL","NULL","NULL","NULL",NA,"NA
"
3260,"Quercus robur","NULL","NULL","NULL","NULL",NA,"NA
"
3261,"Quercus robur","NULL","NULL","NULL","NULL",NA,"NA
"
3262,"Quercus robur","NULL","NULL","NULL","NULL",NA,"NA
"
3263,"Quercus robur","NULL","NULL","NULL","NULL",NA,"NA
"
3264,"Quercus robur","NULL","NULL","NULL","NULL",NA,"NA
"
3265,"Quercus robur","NULL","NULL","NULL","NULL",NA,"NA
"
3266,"Quercus robur","NULL","NULL","NULL","NULL","Farm Wood","NA
"
3267,"Quercus robur","NULL","NULL","NULL","NULL",NA,"NA
"
3268,"Quercus robur","NULL","NULL","NULL","NULL",NA,"NA
"
3269,"Quercus robur","NULL","NULL","NULL","NULL",NA,"NA
"
3270,"Quercus robur","NULL","NULL","NULL","NULL",NA,"NA
"
3271,"Quercus robur","NULL","NULL","NULL","NULL",NA,"NA
"
3272,"Quercus robur","NULL","NULL","NULL","NULL",NA,"NA
"
3273,"Quercus robur","NULL","NULL","NULL","NULL",NA,"NA
"
3274,"Quercus robur","NULL","NULL","NULL","NULL",NA,"NA
"
3275,"Quercus robur","169185","494007","51.4139","-0.64963","Farm Wood","NA
"
3276,"Quercus robur","NULL","NULL","NULL","NULL",NA,"NA
"
3277,"Quercus robur","NULL","NULL","NULL","NULL",NA,"NA
"
3278,"Quercus robur","168962","493753","51.4119","-0.653332","Mann's Copse","NA
"
3279,"Quercus robur","NULL","NULL","NULL","NULL",NA,"NA
"
3281,"Quercus robur","NULL","NULL","NULL","NULL",NA,"NA
"
3282,"Quercus robur","NULL","NULL","NULL","NULL",NA,"NA
"
3283,"Quercus robur","NULL","NULL","NULL","NULL",NA,"NA
"
3284,"Quercus robur","168976","493765","51.4121","-0.65316","Mann's Copse","NA
"
3286,"Quercus robur","168976","493765","51.4121","-0.65316","Mann's Copse","NA
"
3287,"Quercus robur","NULL","NULL","NULL","NULL",NA,"NA
"
3289,"Quercus robur","NULL","NULL","NULL","NULL",NA,"NA
"
3290,"Quercus robur","NULL","NULL","NULL","NULL",NA,"NA
"
3291,"Quercus robur","NULL","NULL","NULL","NULL",NA,"NA
"
3292,"Quercus robur","NULL","NULL","NULL","NULL",NA,"NA
"
3293,"Quercus robur","168991","493784","51.412191","-0.652884","Mann's Copse","NA
"
3294,"Quercus robur","NULL","NULL","NULL","NULL",NA,"NA
"
3295,"Quercus robur","NULL","NULL","NULL","NULL",NA,"NA
"
3296,"Quercus robur","NULL","NULL","NULL","NULL",NA,"NA
"
3297,"Quercus robur","NULL","NULL","NULL","NULL",NA,"NA
"
3298,"Quercus robur","NULL","NULL","NULL","NULL",NA,"NA
"
3299,"Quercus robur","NULL","NULL","NULL","NULL",NA,"NA
"
3300,"Quercus robur","NULL","NULL","NULL","NULL",NA,"NA
"
3301,"Quercus robur","NULL","NULL","NULL","NULL",NA,"NA
"
3302,"Quercus robur","NULL","NULL","NULL","NULL",NA,"NA
"
3303,"Quercus robur","NULL","NULL","NULL","NULL",NA,"NA
"
3304,"Quercus robur","NULL","NULL","NULL","NULL",NA,"NA
"
3305,"Quercus robur","NULL","NULL","NULL","NULL",NA,"NA
"
3306,"Quercus robur","NULL","NULL","NULL","NULL",NA,"NA
"
3307,"Quercus robur","NULL","NULL","NULL","NULL",NA,"NA
"
3308,"Quercus robur","169049","493789","51.4127","-0.652804","Mann's Copse","NA
"
3309,"Quercus robur","NULL","NULL","NULL","NULL",NA,"NA
"
3310,"Quercus robur","NULL","NULL","NULL","NULL",NA,"NA
"
3311,"Quercus robur","169026","493835","51.412499","-0.652139","Mann's Copse","NA
"
3312,"Quercus robur","NULL","NULL","NULL","NULL",NA,"NA
"
3313,"Quercus robur","NULL","NULL","NULL","NULL",NA,"NA
"
3314,"Quercus robur","168975","493847","51.412038","-0.651989","Cascade Marsh","NA
"
3315,"Quercus robur","NULL","NULL","NULL","NULL",NA,"NA
"
3316,"Quercus robur","NULL","NULL","NULL","NULL",NA,"NA
"
3317,"Quercus robur","NULL","NULL","NULL","NULL",NA,"NA
"
3318,"Quercus robur","NULL","NULL","NULL","NULL",NA,"NA
"
3319,"Quercus robur","NULL","NULL","NULL","NULL",NA,"NA
"
3320,"Quercus robur","NULL","NULL","NULL","NULL",NA,"NA
"
3321,"Quercus robur","NULL","NULL","NULL","NULL",NA,"NA
"
3322,"Quercus robur","NULL","NULL","NULL","NULL",NA,"NA
"
3323,"Quercus robur","NULL","NULL","NULL","NULL",NA,"NA
"
3324,"Quercus robur","NULL","NULL","NULL","NULL",NA,"NA
"
3325,"Quercus robur","NULL","NULL","NULL","NULL",NA,"NA
"
3326,"Quercus robur","NULL","NULL","NULL","NULL",NA,"NA
"
3327,"Quercus robur","NULL","NULL","NULL","NULL",NA,"NA
"
3328,"Quercus robur","NULL","NULL","NULL","NULL",NA,"NA
"
3329,"Quercus robur","NULL","NULL","NULL","NULL",NA,"NA
"
3330,"Quercus robur","NULL","NULL","NULL","NULL",NA,"NA
"
3331,"Quercus robur","NULL","NULL","NULL","NULL",NA,"NA
"
3332,"Quercus robur","NULL","NULL","NULL","NULL",NA,"NA
"
3333,"Quercus robur","NULL","NULL","NULL","NULL",NA,"NA
"
3334,"Quercus robur","NULL","NULL","NULL","NULL",NA,"NA
"
3335,"Quercus robur","NULL","NULL","NULL","NULL",NA,"NA
"
3336,"Quercus robur","NULL","NULL","NULL","NULL",NA,"NA
"
3337,"Quercus robur","NULL","NULL","NULL","NULL",NA,"NA
"
3338,"Quercus robur","NULL","NULL","NULL","NULL",NA,"NA
"
3339,"Quercus robur","NULL","NULL","NULL","NULL",NA,"NA
"
3340,"Quercus robur","NULL","NULL","NULL","NULL",NA,"NA
"
3341,"Quercus robur","NULL","NULL","NULL","NULL",NA,"NA
"
3342,"Quercus robur","NULL","NULL","NULL","NULL",NA,"NA
"
3343,"Quercus robur","NULL","NULL","NULL","NULL",NA,"NA
"
3344,"Quercus robur","NULL","NULL","NULL","NULL",NA,"NA
"
3345,"Quercus robur","NULL","NULL","NULL","NULL",NA,"NA
"
3346,"Quercus robur","NULL","NULL","NULL","NULL",NA,"NA
"
3347,"Quercus robur","169155","493799","51.4137","-0.652622","Mann's Copse","NA
"
3348,"Quercus robur","169168","493797","51.4138","-0.65265","Mann's Copse","NA
"
3349,"Quercus robur","169171","493798","51.4138","-0.652632","Mann's Copse","NA
"
3350,"Quercus robur","169155","493799","51.4137","-0.652622","Mann's Copse","NA
"
3351,"Quercus robur","169155","493799","51.4137","-0.652622","Mann's Copse","NA
"
3352,"Quercus robur","169155","493799","51.4137","-0.652622","Mann's Copse","NA
"
3353,"Quercus robur","169172","493807","51.4138","-0.652508","Mann's Copse","NA
"
3354,"Quercus robur","NULL","NULL","NULL","NULL",NA,"NA
"
3355,"Quercus robur","NULL","NULL","NULL","NULL",NA,"NA
"
3356,"Quercus robur","NULL","NULL","NULL","NULL",NA,"NA
"
3357,"Quercus robur","NULL","NULL","NULL","NULL",NA,"NA
"
3358,"Quercus robur","NULL","NULL","NULL","NULL",NA,"NA
"
3359,"Quercus robur","169176","493816","51.4139","-0.652375","Mann's Copse","NA
"
3360,"Quercus robur","NULL","NULL","NULL","NULL",NA,"NA
"
3361,"Quercus robur","NULL","NULL","NULL","NULL",NA,"NA
"
3362,"Quercus robur","169178","493812","51.4139","-0.652428","Mann's Copse","NA
"
3363,"Quercus robur","169192","493827","51.414","-0.652209","Mann's Copse","NA
"
3364,"Quercus robur","169180","493858","51.4139","-0.651776","Mann's Copse","NA
"
3365,"Quercus robur","NULL","NULL","NULL","NULL",NA,"NA
"
3366,"Quercus robur","NULL","NULL","NULL","NULL",NA,"NA
"
3367,"Quercus robur","NULL","NULL","NULL","NULL",NA,"NA
"
3368,"Quercus robur","NULL","NULL","NULL","NULL",NA,"NA
"
3369,"Quercus robur","NULL","NULL","NULL","NULL",NA,"NA
"
3370,"Quercus robur","NULL","NULL","NULL","NULL",NA,"NA
"
3371,"Quercus robur","NULL","NULL","NULL","NULL",NA,"NA
"
3372,"Quercus robur","NULL","NULL","NULL","NULL",NA,"NA
"
3373,"Quercus robur","NULL","NULL","NULL","NULL",NA,"NA
"
3374,"Quercus robur","NULL","NULL","NULL","NULL",NA,"NA
"
3375,"Quercus robur","NULL","NULL","NULL","NULL",NA,"NA
"
3376,"Quercus robur","NULL","NULL","NULL","NULL",NA,"NA
"
3377,"Quercus robur","NULL","NULL","NULL","NULL",NA,"NA
"
3378,"Quercus robur","NULL","NULL","NULL","NULL",NA,"NA
"
3379,"Quercus robur","NULL","NULL","NULL","NULL",NA,"NA
"
3380,"Quercus robur","169187","493898","51.413935","-0.651188","Mann's Copse","NA
"
3381,"Quercus robur","169187","493898","51.413935","-0.651188","Mann's Copse","NA
"
3382,"Quercus robur","NULL","NULL","NULL","NULL",NA,"NA
"
3383,"Quercus robur","NULL","NULL","NULL","NULL",NA,"NA
"
3384,"Quercus robur","NULL","NULL","NULL","NULL",NA,"NA
"
3385,"Quercus robur","NULL","NULL","NULL","NULL",NA,"NA
"
3386,"Quercus robur","NULL","NULL","NULL","NULL",NA,"NA
"
3387,"Quercus robur","NULL","NULL","NULL","NULL",NA,"NA
"
3388,"Quercus robur","NULL","NULL","NULL","NULL",NA,"NA
"
3389,"Quercus robur","NULL","NULL","NULL","NULL",NA,"NA
"
3390,"Quercus robur","NULL","NULL","NULL","NULL",NA,"NA
"
3391,"Quercus robur","NULL","NULL","NULL","NULL",NA,"NA
"
3392,"Quercus robur","NULL","NULL","NULL","NULL",NA,"NA
"
3393,"Quercus robur","NULL","NULL","NULL","NULL",NA,"NA
"
3394,"Quercus robur","NULL","NULL","NULL","NULL",NA,"NA
"
3395,"Quercus robur","NULL","NULL","NULL","NULL",NA,"NA
"
3396,"Quercus robur","NULL","NULL","NULL","NULL",NA,"NA
"
3397,"Quercus robur","NULL","NULL","NULL","NULL",NA,"NA
"
3398,"Quercus robur","NULL","NULL","NULL","NULL",NA,"J01?
"
3399,"Quercus robur","NULL","NULL","NULL","NULL",NA,"J01?
"
3400,"Quercus robur","NULL","NULL","NULL","NULL",NA,"NA
"
3401,"Quercus robur","NULL","NULL","NULL","NULL",NA,"NA
"
3402,"Quercus robur","NULL","NULL","NULL","NULL",NA,"NA
"
3403,"Quercus robur","NULL","NULL","NULL","NULL",NA,"NA
"
3404,"Quercus robur","NULL","NULL","NULL","NULL",NA,"NA
"
3405,"Quercus robur","NULL","NULL","NULL","NULL",NA,"NA
"
3406,"Quercus robur","NULL","NULL","NULL","NULL",NA,"NA
"
3407,"Quercus robur","NULL","NULL","NULL","NULL",NA,"NA
"
3408,"Quercus robur","NULL","NULL","NULL","NULL",NA,"NA
"
3409,"Acer pseudoplatanus","169170","494154","51.4137","-0.647515","Weir wood","NA
"
3410,"Quercus robur","NULL","NULL","NULL","NULL",NA,"NA
"
3411,"Quercus robur","NULL","NULL","NULL","NULL",NA,"NA
"
3412,"Quercus robur","NULL","NULL","NULL","NULL",NA,"NA
"
3413,"Quercus robur","NULL","NULL","NULL","NULL",NA,"NA
"
3414,"Quercus robur","NULL","NULL","NULL","NULL",NA,"NA
"
3415,"Quercus robur","NULL","NULL","NULL","NULL",NA,"NA
"
3416,"Quercus robur","NULL","NULL","NULL","NULL",NA,"NA
"
3417,"Quercus robur","NULL","NULL","NULL","NULL",NA,"NA
"
3418,"Quercus robur","NULL","NULL","NULL","NULL",NA,"NA
"
3419,"Quercus robur","NULL","NULL","NULL","NULL",NA,"NA
"
3420,"Quercus robur","NULL","NULL","NULL","NULL",NA,"NA
"
3421,"Quercus robur","NULL","NULL","NULL","NULL",NA,"NA
"
3422,"Quercus robur","NULL","NULL","NULL","NULL",NA,"NA
"
3423,"Quercus robur","NULL","NULL","NULL","NULL",NA,"NA
"
3424,"Quercus robur","NULL","NULL","NULL","NULL",NA,"NA
"
3425,"Quercus robur","NULL","NULL","NULL","NULL",NA,"NA
"
3426,"Quercus robur","NULL","NULL","NULL","NULL",NA,"NA
"
3427,"Quercus robur","NULL","NULL","NULL","NULL",NA,"NA
"
3428,"Quercus robur","NULL","NULL","NULL","NULL",NA,"NA
"
3429,"Quercus robur","NULL","NULL","NULL","NULL",NA,"NA
"
3430,"Quercus robur","NULL","NULL","NULL","NULL",NA,"NA
"
3431,"Quercus robur","NULL","NULL","NULL","NULL",NA,"NA
"
3432,"Quercus robur","NULL","NULL","NULL","NULL",NA,"NA
"
3433,"Quercus robur","NULL","NULL","NULL","NULL",NA,"NA
"
3435,"Quercus robur","NULL","NULL","NULL","NULL",NA,"NA
"
3436,"Quercus robur","NULL","NULL","NULL","NULL",NA,"NA
"
3437,"Quercus robur","NULL","NULL","NULL","NULL",NA,"NA
"
3438,"Quercus robur","NULL","NULL","NULL","NULL",NA,"NA
"
3439,"Quercus robur","NULL","NULL","NULL","NULL",NA,"NA
"
3440,"Quercus robur","NULL","NULL","NULL","NULL",NA,"NA
"
3441,"Quercus robur","NULL","NULL","NULL","NULL",NA,"NA
"
3442,"Quercus robur","NULL","NULL","NULL","NULL",NA,"NA
"
3443,"Quercus robur","NULL","NULL","NULL","NULL",NA,"NA
"
3444,"Quercus robur","NULL","NULL","NULL","NULL",NA,"NA
"
3445,"Quercus robur","NULL","NULL","NULL","NULL",NA,"NA
"
3446,"Quercus robur","NULL","NULL","NULL","NULL",NA,"NA
"
3447,"Quercus robur","NULL","NULL","NULL","NULL",NA,"NA
"
3448,"Quercus robur","NULL","NULL","NULL","NULL",NA,"NA
"
3449,"Quercus robur","NULL","NULL","NULL","NULL",NA,"NA
"
3450,"Quercus robur","NULL","NULL","NULL","NULL",NA,"NA
"
3451,"Quercus robur","NULL","NULL","NULL","NULL",NA,"NA
"
3452,"Quercus robur","NULL","NULL","NULL","NULL",NA,"NA
"
3453,"Quercus robur","NULL","NULL","NULL","NULL",NA,"NA
"
3454,"Quercus robur","NULL","NULL","NULL","NULL",NA,"NA
"
3455,"Quercus robur","NULL","NULL","NULL","NULL",NA,"NA
"
3456,"Quercus robur","NULL","NULL","NULL","NULL",NA,"NA
"
3457,"Quercus robur","NULL","NULL","NULL","NULL",NA,"NA
"
3458,"Quercus robur","NULL","NULL","NULL","NULL",NA,"NA
"
3459,"Quercus robur","NULL","NULL","NULL","NULL",NA,"NA
"
3460,"Quercus robur","NULL","NULL","NULL","NULL",NA,"NA
"
3461,"Quercus robur","NULL","NULL","NULL","NULL",NA,"NA
"
3462,"Quercus robur","NULL","NULL","NULL","NULL",NA,"NA
"
3463,"Quercus robur","NULL","NULL","NULL","NULL",NA,"NA
"
3464,"Quercus robur","NULL","NULL","NULL","NULL",NA,"NA
"
3465,"Quercus robur","NULL","NULL","NULL","NULL",NA,"NA
"
3466,"Quercus robur","NULL","NULL","NULL","NULL",NA,"NA
"
3467,"Quercus robur","NULL","NULL","NULL","NULL",NA,"NA
"
3468,"Quercus robur","NULL","NULL","NULL","NULL",NA,"NA
"
3469,"Quercus robur","NULL","NULL","NULL","NULL",NA,"NA
"
3470,"Quercus robur","NULL","NULL","NULL","NULL",NA,"NA
"
3471,"Quercus robur","NULL","NULL","NULL","NULL",NA,"NA
"
3472,"Quercus robur","NULL","NULL","NULL","NULL",NA,"NA
"
3473,"Quercus robur","NULL","NULL","NULL","NULL",NA,"NA
"
3474,"Quercus robur","NULL","NULL","NULL","NULL",NA,"NA
"
3475,"Quercus robur","NULL","NULL","NULL","NULL",NA,"NA
"
3476,"Quercus robur","NULL","NULL","NULL","NULL",NA,"NA
"
3477,"Quercus robur","NULL","NULL","NULL","NULL",NA,"NA
"
3478,"Quercus robur","NULL","NULL","NULL","NULL",NA,"NA
"
3479,"Quercus robur","NULL","NULL","NULL","NULL",NA,"NA
"
3480,"Quercus robur","NULL","NULL","NULL","NULL",NA,"NA
"
3481,"Quercus robur","NULL","NULL","NULL","NULL",NA,"NA
"
3482,"Quercus robur","NULL","NULL","NULL","NULL",NA,"NA
"
3483,"Quercus robur","NULL","NULL","NULL","NULL",NA,"NA
"
3484,"Quercus robur","NULL","NULL","NULL","NULL",NA,"NA
"
3485,"Quercus robur","NULL","NULL","NULL","NULL",NA,"NA
"
3486,"Quercus robur","NULL","NULL","NULL","NULL",NA,"NA
"
3487,"Quercus robur","NULL","NULL","NULL","NULL",NA,"NA
"
3488,"Quercus robur","NULL","NULL","NULL","NULL",NA,"NA
"
3489,"Quercus robur","NULL","NULL","NULL","NULL",NA,"NA
"
3490,"Quercus robur","NULL","NULL","NULL","NULL",NA,"NA
"
3491,"Quercus robur","NULL","NULL","NULL","NULL",NA,"NA
"
3492,"Quercus robur","NULL","NULL","NULL","NULL",NA,"NA
"
3493,"Quercus robur","NULL","NULL","NULL","NULL",NA,"NA
"
3494,"Quercus robur","NULL","NULL","NULL","NULL",NA,"NA
"
3495,"Quercus robur","NULL","NULL","NULL","NULL",NA,"NA
"
3496,"Quercus robur","NULL","NULL","NULL","NULL",NA,"NA
"
3497,"Quercus robur","NULL","NULL","NULL","NULL",NA,"NA
"
3498,"Quercus robur","NULL","NULL","NULL","NULL",NA,"NA
"
3499,"Quercus robur","NULL","NULL","NULL","NULL",NA,"NA
"
3500,"Quercus robur","NULL","NULL","NULL","NULL",NA,"NA
"
3501,"Quercus robur","NULL","NULL","NULL","NULL",NA,"NA
"
3502,"Quercus robur","NULL","NULL","NULL","NULL",NA,"NA
"
3503,"Quercus robur","NULL","NULL","NULL","NULL",NA,"NA
"
3504,"Quercus robur","NULL","NULL","NULL","NULL",NA,"NA
"
3505,"Quercus robur","NULL","NULL","NULL","NULL",NA,"NA
"
3506,"Quercus robur","NULL","NULL","NULL","NULL",NA,"NA
"
3507,"Quercus robur","NULL","NULL","NULL","NULL",NA,"NA
"
3508,"Quercus robur","NULL","NULL","NULL","NULL",NA,"NA
"
3510,"Quercus robur","NULL","NULL","NULL","NULL",NA,"NA
"
3511,"Quercus robur","NULL","NULL","NULL","NULL",NA,"NA
"
3512,"Quercus robur","NULL","NULL","NULL","NULL",NA,"NA
"
3513,"Quercus robur","NULL","NULL","NULL","NULL",NA,"NA
"
3514,"Quercus robur","NULL","NULL","NULL","NULL",NA,"NA
"
3515,"Quercus robur","NULL","NULL","NULL","NULL",NA,"NA
"
3516,"Quercus robur","NULL","NULL","NULL","NULL",NA,"NA
"
3517,"Quercus robur","NULL","NULL","NULL","NULL",NA,"NA
"
3518,"Quercus robur","NULL","NULL","NULL","NULL",NA,"NA
"
3519,"Quercus robur","NULL","NULL","NULL","NULL",NA,"NA
"
3520,"Quercus robur","NULL","NULL","NULL","NULL",NA,"NA
"
3521,"Quercus robur","NULL","NULL","NULL","NULL",NA,"NA
"
3522,"Quercus robur","NULL","NULL","NULL","NULL",NA,"NA
"
3523,"Quercus robur","NULL","NULL","NULL","NULL",NA,"NA
"
3524,"Quercus robur","NULL","NULL","NULL","NULL",NA,"NA
"
3525,"Quercus robur","NULL","NULL","NULL","NULL",NA,"NA
"
3526,"Quercus robur","NULL","NULL","NULL","NULL",NA,"NA
"
3527,"Quercus robur","NULL","NULL","NULL","NULL",NA,"NA
"
3528,"Quercus robur","NULL","NULL","NULL","NULL",NA,"NA
"
3529,"Quercus robur","NULL","NULL","NULL","NULL",NA,"NA
"
3530,"Quercus robur","NULL","NULL","NULL","NULL",NA,"NA
"
3531,"Quercus robur","NULL","NULL","NULL","NULL",NA,"NA
"
3532,"Quercus robur","NULL","NULL","NULL","NULL",NA,"NA
"
3533,"Quercus robur","NULL","NULL","NULL","NULL",NA,"NA
"
3534,"Quercus robur","NULL","NULL","NULL","NULL",NA,"NA
"
3535,"Quercus robur","NULL","NULL","NULL","NULL",NA,"NA
"
3536,"Quercus robur","NULL","NULL","NULL","NULL",NA,"NA
"
3537,"Quercus robur","NULL","NULL","NULL","NULL",NA,"NA
"
3538,"Quercus robur","NULL","NULL","NULL","NULL",NA,"NA
"
3539,"Quercus robur","NULL","NULL","NULL","NULL",NA,"NA
"
3540,"Quercus robur","NULL","NULL","NULL","NULL",NA,"NA
"
3541,"Quercus robur","NULL","NULL","NULL","NULL",NA,"NA
"
3542,"Quercus robur","NULL","NULL","NULL","NULL",NA,"NA
"
3543,"Quercus robur","NULL","NULL","NULL","NULL",NA,"NA
"
3544,"Quercus robur","NULL","NULL","NULL","NULL",NA,"NA
"
3545,"Quercus robur","NULL","NULL","NULL","NULL",NA,"NA
"
3546,"Quercus robur","NULL","NULL","NULL","NULL",NA,"NA
"
3547,"Quercus robur","NULL","NULL","NULL","NULL",NA,"NA
"
3548,"Quercus robur","NULL","NULL","NULL","NULL",NA,"NA
"
3549,"Quercus robur","NULL","NULL","NULL","NULL",NA,"NA
"
3550,"Quercus robur","NULL","NULL","NULL","NULL",NA,"NA
"
3551,"Quercus robur","NULL","NULL","NULL","NULL",NA,"NA
"
3552,"Quercus robur","NULL","NULL","NULL","NULL",NA,"NA
"
3554,"Quercus robur","NULL","NULL","NULL","NULL",NA,"NA
"
3555,"Quercus robur","NULL","NULL","NULL","NULL",NA,"NA
"
3556,"Quercus robur","NULL","NULL","NULL","NULL",NA,"NA
"
3557,"Quercus robur","NULL","NULL","NULL","NULL",NA,"NA
"
3558,"Quercus robur","NULL","NULL","NULL","NULL",NA,"NA
"
3559,"Quercus robur","NULL","NULL","NULL","NULL",NA,"NA
"
3560,"Quercus robur","NULL","NULL","NULL","NULL",NA,"NA
"
3561,"Quercus robur","NULL","NULL","NULL","NULL",NA,"NA
"
3562,"Quercus robur","NULL","NULL","NULL","NULL",NA,"NA
"
3563,"Quercus robur","NULL","NULL","NULL","NULL",NA,"NA
"
3564,"Quercus robur","NULL","NULL","NULL","NULL",NA,"NA
"
3565,"Quercus robur","NULL","NULL","NULL","NULL",NA,"NA
"
3566,"Quercus robur","NULL","NULL","NULL","NULL",NA,"NA
"
3567,"Quercus robur","NULL","NULL","NULL","NULL",NA,"NA
"
3568,"Quercus robur","NULL","NULL","NULL","NULL",NA,"NA
"
3569,"Quercus robur","NULL","NULL","NULL","NULL",NA,"NA
"
3570,"Quercus robur","NULL","NULL","NULL","NULL",NA,"NA
"
3571,"Quercus robur","NULL","NULL","NULL","NULL",NA,"NA
"
3572,"Quercus robur","NULL","NULL","NULL","NULL",NA,"NA
"
3573,"Quercus robur","NULL","NULL","NULL","NULL",NA,"NA
"
3574,"Quercus robur","NULL","NULL","NULL","NULL",NA,"NA
"
3575,"Quercus robur","NULL","NULL","NULL","NULL",NA,"NA
"
3576,"Quercus robur","NULL","NULL","NULL","NULL",NA,"NA
"
3577,"Quercus robur","NULL","NULL","NULL","NULL",NA,"NA
"
3578,"Quercus robur","NULL","NULL","NULL","NULL",NA,"NA
"
3579,"Quercus robur","NULL","NULL","NULL","NULL",NA,"NA
"
3580,"Quercus robur","NULL","NULL","NULL","NULL",NA,"NA
"
3581,"Quercus robur","NULL","NULL","NULL","NULL",NA,"NA
"
3582,"Quercus robur","NULL","NULL","NULL","NULL",NA,"NA
"
3583,"Quercus robur","NULL","NULL","NULL","NULL",NA,"NA
"
3584,"Quercus robur","NULL","NULL","NULL","NULL",NA,"NA
"
3585,"Quercus robur","NULL","NULL","NULL","NULL",NA,"NA
"
3586,"Quercus robur","NULL","NULL","NULL","NULL",NA,"NA
"
3587,"Quercus robur","NULL","NULL","NULL","NULL",NA,"NA
"
3588,"Quercus robur","NULL","NULL","NULL","NULL",NA,"NA
"
3589,"Quercus robur","NULL","NULL","NULL","NULL",NA,"NA
"
3590,"Quercus robur","NULL","NULL","NULL","NULL",NA,"NA
"
3591,"Quercus robur","NULL","NULL","NULL","NULL",NA,"NA
"
3592,"Quercus robur","NULL","NULL","NULL","NULL",NA,"NA
"
3593,"Quercus robur","NULL","NULL","NULL","NULL",NA,"NA
"
3594,"Quercus robur","NULL","NULL","NULL","NULL",NA,"NA
"
3595,"Quercus robur","NULL","NULL","NULL","NULL",NA,"NA
"
3596,"Quercus robur","NULL","NULL","NULL","NULL",NA,"NA
"
3597,"Quercus robur","NULL","NULL","NULL","NULL",NA,"NA
"
3598,"Quercus robur","NULL","NULL","NULL","NULL",NA,"NA
"
3599,"Quercus robur","NULL","NULL","NULL","NULL",NA,"NA
"
3600,"Quercus robur","NULL","NULL","NULL","NULL",NA,"NA
"
3601,"Quercus robur","NULL","NULL","NULL","NULL",NA,"NA
"
3602,"Quercus robur","NULL","NULL","NULL","NULL",NA,"NA
"
3603,"Quercus robur","NULL","NULL","NULL","NULL",NA,"NA
"
3604,"Quercus robur","NULL","NULL","NULL","NULL",NA,"NA
"
3605,"Quercus robur","NULL","NULL","NULL","NULL",NA,"NA
"
3606,"Quercus robur","NULL","NULL","NULL","NULL",NA,"NA
"
3607,"Quercus robur","NULL","NULL","NULL","NULL",NA,"NA
"
3608,"Quercus robur","NULL","NULL","NULL","NULL",NA,"NA
"
3609,"Quercus robur","NULL","NULL","NULL","NULL",NA,"NA
"
3610,"Quercus robur","NULL","NULL","NULL","NULL",NA,"NA
"
3611,"Quercus robur","NULL","NULL","NULL","NULL",NA,"NA
"
3612,"Quercus robur","NULL","NULL","NULL","NULL",NA,"NA
"
3613,"Quercus robur","NULL","NULL","NULL","NULL",NA,"NA
"
3614,"Quercus robur","NULL","NULL","NULL","NULL",NA,"NA
"
3615,"Quercus robur","NULL","NULL","NULL","NULL",NA,"NA
"
3616,"Quercus robur","NULL","NULL","NULL","NULL",NA,"NA
"
3617,"Quercus robur","NULL","NULL","NULL","NULL",NA,"NA
"
3618,"Quercus robur","NULL","NULL","NULL","NULL",NA,"NA
"
3619,"Quercus robur","NULL","NULL","NULL","NULL",NA,"NA
"
3620,"Quercus robur","NULL","NULL","NULL","NULL",NA,"NA
"
3621,"Quercus robur","NULL","NULL","NULL","NULL",NA,"NA
"
3622,"Quercus robur","NULL","NULL","NULL","NULL",NA,"NA
"
3623,"Quercus robur","NULL","NULL","NULL","NULL",NA,"NA
"
3624,"Quercus robur","NULL","NULL","NULL","NULL",NA,"NA
"
3625,"Quercus robur","NULL","NULL","NULL","NULL",NA,"NA
"
3626,"Quercus robur","168993","494229","51.4121","-0.646487","Weir wood","NA
"
3627,"Quercus robur","NULL","NULL","NULL","NULL",NA,"NA
"
3628,"Quercus robur","NULL","NULL","NULL","NULL",NA,"NA
"
3629,NA,"NULL","NULL","NULL","NULL",NA,"Originally not recorded in trees table; found in markings table"
3630,"Quercus robur","NULL","NULL","NULL","NULL",NA,"NA
"
3631,"Quercus robur","NULL","NULL","NULL","NULL",NA,"NA
"
3632,"Quercus robur","NULL","NULL","NULL","NULL",NA,"NA
"
3633,"Quercus robur","NULL","NULL","NULL","NULL",NA,"NA
"
3634,"Quercus robur","NULL","NULL","NULL","NULL",NA,"NA
"
3635,"Quercus robur","NULL","NULL","NULL","NULL",NA,"NA
"
3636,"Quercus robur","NULL","NULL","NULL","NULL",NA,"NA
"
3637,"Quercus robur","NULL","NULL","NULL","NULL",NA,"NA
"
3638,"Quercus robur","NULL","NULL","NULL","NULL",NA,"NA
"
3639,"Quercus robur","169175","494382","51.4137","-0.644234",NA,"NA
"
3640,"Quercus robur","NULL","NULL","NULL","NULL",NA,"NA
"
3641,"Quercus robur","NULL","NULL","NULL","NULL",NA,"NA
"
3642,"Quercus robur","NULL","NULL","NULL","NULL",NA,"NA
"
3643,"Quercus robur","NULL","NULL","NULL","NULL",NA,"NA
"
3644,"Quercus robur","NULL","NULL","NULL","NULL",NA,"NA
"
3645,"Quercus robur","NULL","NULL","NULL","NULL",NA,"NA
"
3646,"Quercus robur","NULL","NULL","NULL","NULL",NA,"NA
"
3647,"Quercus robur","NULL","NULL","NULL","NULL",NA,"NA
"
3648,"Quercus robur","NULL","NULL","NULL","NULL",NA,"NA
"
3649,"Quercus robur","NULL","NULL","NULL","NULL",NA,"NA
"
3650,"Quercus robur","NULL","NULL","NULL","NULL",NA,"NA
"
3651,"Quercus robur","NULL","NULL","NULL","NULL",NA,"NA
"
3652,"Quercus robur","NULL","NULL","NULL","NULL",NA,"NA
"
3653,"Quercus robur","NULL","NULL","NULL","NULL",NA,"NA
"
3654,"Quercus robur","NULL","NULL","NULL","NULL",NA,"NA
"
3655,"Quercus robur","NULL","NULL","NULL","NULL",NA,"NA
"
3656,"Quercus robur","NULL","NULL","NULL","NULL",NA,"NA
"
3657,"Quercus robur","NULL","NULL","NULL","NULL",NA,"NA
"
3658,"Quercus robur","NULL","NULL","NULL","NULL",NA,"NA
"
3659,"Quercus robur","NULL","NULL","NULL","NULL",NA,"NA
"
3660,"Quercus robur","NULL","NULL","NULL","NULL",NA,"NA
"
3661,"Quercus robur","NULL","NULL","NULL","NULL",NA,"NA
"
3662,"Quercus robur","NULL","NULL","NULL","NULL",NA,"NA
"
3663,"Quercus robur","NULL","NULL","NULL","NULL",NA,"NA
"
3664,"Quercus robur","NULL","NULL","NULL","NULL",NA,"NA
"
3665,"Quercus robur","NULL","NULL","NULL","NULL",NA,"NA
"
3666,"Quercus robur","NULL","NULL","NULL","NULL",NA,"NA
"
3667,"Quercus robur","NULL","NULL","NULL","NULL",NA,"NA
"
3668,"Quercus robur","NULL","NULL","NULL","NULL",NA,"NA
"
3669,"Quercus robur","NULL","NULL","NULL","NULL",NA,"NA
"
3670,"Quercus robur","169196","494475","51.4139","-0.642896",NA,"NA
"
3671,"Quercus robur","NULL","NULL","NULL","NULL",NA,"NA
"
3672,"Quercus robur","169196","494475","51.4139","-0.642896",NA,"NA
"
3673,"Quercus robur","NULL","NULL","NULL","NULL",NA,"NA
"
3674,"Quercus robur","NULL","NULL","NULL","NULL",NA,"NA
"
3675,"Quercus robur","NULL","NULL","NULL","NULL",NA,"NA
"
3676,"Quercus robur","NULL","NULL","NULL","NULL",NA,"NA
"
3677,"Quercus robur","NULL","NULL","NULL","NULL",NA,"NA
"
3678,"Quercus robur","NULL","NULL","NULL","NULL",NA,"NA
"
3679,"Quercus robur","NULL","NULL","NULL","NULL",NA,"NA
"
3680,"Quercus robur","NULL","NULL","NULL","NULL",NA,"veteran
"
3681,"Quercus robur","NULL","NULL","NULL","NULL",NA,"NA
"
3682,"Quercus robur","NULL","NULL","NULL","NULL",NA,"NA
"
3683,"Quercus robur","NULL","NULL","NULL","NULL",NA,"NA
"
3684,"Quercus robur","NULL","NULL","NULL","NULL",NA,"NA
"
3685,"Quercus robur","NULL","NULL","NULL","NULL",NA,"NA
"
3686,"Quercus robur","NULL","NULL","NULL","NULL",NA,"NA
"
3687,"Quercus robur","NULL","NULL","NULL","NULL",NA,"NA
"
3688,"Quercus robur","NULL","NULL","NULL","NULL",NA,"NA
"
3689,"Quercus robur","NULL","NULL","NULL","NULL",NA,"NA
"
3690,"Quercus robur","NULL","NULL","NULL","NULL",NA,"NA
"
3691,"Quercus robur","NULL","NULL","NULL","NULL",NA,"NA
"
3692,"Quercus robur","NULL","NULL","NULL","NULL",NA,"NA
"
3693,"Quercus robur","NULL","NULL","NULL","NULL",NA,"NA
"
3694,"Quercus robur","NULL","NULL","NULL","NULL",NA,"NA
"
3695,"Quercus robur","NULL","NULL","NULL","NULL",NA,"NA
"
3696,"Quercus robur","NULL","NULL","NULL","NULL",NA,"NA
"
3697,"Quercus robur","NULL","NULL","NULL","NULL",NA,"NA
"
3698,"Quercus robur","NULL","NULL","NULL","NULL",NA,"NA
"
3699,"Quercus robur","NULL","NULL","NULL","NULL",NA,"NA
"
3700,"Quercus robur","NULL","NULL","NULL","NULL",NA,"NA
"
3701,"Quercus robur","NULL","NULL","NULL","NULL",NA,"NA
"
3702,"Quercus robur","NULL","NULL","NULL","NULL",NA,"NA
"
3703,"Quercus robur","NULL","NULL","NULL","NULL",NA,"NA
"
3704,"Quercus robur","NULL","NULL","NULL","NULL",NA,"NA
"
3705,"Quercus robur","NULL","NULL","NULL","NULL",NA,"NA
"
3706,"Quercus robur","NULL","NULL","NULL","NULL",NA,"NA
"
3707,"Quercus robur","NULL","NULL","NULL","NULL",NA,"NA
"
3708,"Quercus robur","NULL","NULL","NULL","NULL",NA,"NA
"
3709,"Quercus robur","NULL","NULL","NULL","NULL",NA,"NA
"
3710,"Quercus robur","NULL","NULL","NULL","NULL",NA,"NA
"
3711,"Quercus robur","NULL","NULL","NULL","NULL",NA,"NA
"
3712,"Quercus robur","NULL","NULL","NULL","NULL",NA,"NA
"
3713,"Quercus robur","NULL","NULL","NULL","NULL",NA,"NA
"
3714,"Quercus robur","NULL","NULL","NULL","NULL",NA,"NA
"
3715,"Quercus robur","NULL","NULL","NULL","NULL",NA,"NA
"
3716,"Quercus robur","NULL","NULL","NULL","NULL",NA,"NA
"
3717,"Quercus robur","NULL","NULL","NULL","NULL",NA,"NA
"
3718,"Quercus robur","NULL","NULL","NULL","NULL",NA,"NA
"
3719,"Quercus robur","NULL","NULL","NULL","NULL",NA,"NA
"
3720,"Quercus robur","NULL","NULL","NULL","NULL",NA,"NA
"
3721,"Quercus robur","NULL","NULL","NULL","NULL",NA,"NA
"
3722,"Quercus robur","NULL","NULL","NULL","NULL",NA,"NA
"
3723,"Quercus robur","NULL","NULL","NULL","NULL",NA,"NA
"
3724,"Quercus robur","NULL","NULL","NULL","NULL",NA,"NA
"
3725,"Quercus robur","NULL","NULL","NULL","NULL",NA,"NA
"
3726,"Quercus robur","NULL","NULL","NULL","NULL",NA,"NA
"
3727,"Quercus robur","NULL","NULL","NULL","NULL",NA,"NA
"
3728,"Quercus robur","NULL","NULL","NULL","NULL",NA,"NA
"
3729,"Quercus robur","NULL","NULL","NULL","NULL",NA,"NA
"
3730,"Quercus robur","NULL","NULL","NULL","NULL",NA,"NA
"
3731,"Quercus robur","NULL","NULL","NULL","NULL",NA,"NA
"
3732,"Quercus robur","NULL","NULL","NULL","NULL",NA,"NA
"
3733,"Quercus robur","NULL","NULL","NULL","NULL",NA,"NA
"
3734,"Quercus robur","NULL","NULL","NULL","NULL",NA,"NA
"
3735,"Quercus robur","NULL","NULL","NULL","NULL",NA,"NA
"
3736,"Quercus robur","NULL","NULL","NULL","NULL",NA,"NA
"
3737,"Quercus robur","NULL","NULL","NULL","NULL",NA,"NA
"
3738,"Quercus robur","NULL","NULL","NULL","NULL",NA,"NA
"
3739,"Quercus robur","NULL","NULL","NULL","NULL",NA,"NA
"
3740,"Quercus robur","NULL","NULL","NULL","NULL",NA,"NA
"
3741,"Quercus robur","NULL","NULL","NULL","NULL",NA,"NA
"
3742,"Quercus robur","NULL","NULL","NULL","NULL",NA,"NA
"
3743,"Quercus robur","NULL","NULL","NULL","NULL",NA,"NA
"
3744,"Quercus robur","NULL","NULL","NULL","NULL",NA,"NA
"
3745,"Quercus robur","NULL","NULL","NULL","NULL",NA,"NA
"
3746,"Quercus robur","NULL","NULL","NULL","NULL",NA,"NA
"
3747,"Quercus robur","NULL","NULL","NULL","NULL",NA,"NA
"
3748,"Quercus robur","NULL","NULL","NULL","NULL",NA,"NA
"
3749,"Quercus robur","NULL","NULL","NULL","NULL",NA,"NA
"
3750,"Quercus robur","NULL","NULL","NULL","NULL",NA,"NA
"
3751,"Quercus robur","NULL","NULL","NULL","NULL",NA,"NA
"
3752,"Quercus robur","NULL","NULL","NULL","NULL",NA,"NA
"
3753,"Quercus robur","NULL","NULL","NULL","NULL",NA,"NA
"
3754,"Quercus robur","NULL","NULL","NULL","NULL",NA,"NA
"
3755,"Quercus robur","NULL","NULL","NULL","NULL",NA,"NA
"
3756,"Quercus robur","NULL","NULL","NULL","NULL",NA,"NA
"
3757,"Quercus robur","NULL","NULL","NULL","NULL",NA,"NA
"
3758,"Quercus robur","NULL","NULL","NULL","NULL",NA,"NA
"
3759,"Quercus robur","NULL","NULL","NULL","NULL",NA,"NA
"
3760,"Quercus robur","NULL","NULL","NULL","NULL",NA,"NA
"
3761,"Quercus robur","NULL","NULL","NULL","NULL",NA,"NA
"
3762,"Quercus robur","NULL","NULL","NULL","NULL",NA,"NA
"
3763,"Quercus robur","NULL","NULL","NULL","NULL",NA,"NA
"
3764,"Quercus robur","NULL","NULL","NULL","NULL",NA,"NA
"
3765,"Quercus robur","NULL","NULL","NULL","NULL",NA,"NA
"
3766,"Quercus robur","NULL","NULL","NULL","NULL",NA,"NA
"
3767,"Quercus robur","NULL","NULL","NULL","NULL",NA,"NA
"
3768,"Quercus robur","NULL","NULL","NULL","NULL",NA,"NA
"
3769,"Quercus robur","NULL","NULL","NULL","NULL",NA,"NA
"
3770,"Quercus robur","NULL","NULL","NULL","NULL",NA,"NA
"
3771,"Quercus robur","NULL","NULL","NULL","NULL",NA,"NA
"
3772,"Quercus robur","NULL","NULL","NULL","NULL",NA,"NA
"
3773,"Quercus robur","NULL","NULL","NULL","NULL",NA,"NA
"
3774,"Quercus robur","NULL","NULL","NULL","NULL",NA,"NA
"
3775,"Quercus robur","NULL","NULL","NULL","NULL",NA,"NA
"
3776,"Quercus robur","NULL","NULL","NULL","NULL",NA,"NA
"
3777,"Quercus robur","NULL","NULL","NULL","NULL",NA,"NA
"
3778,"Quercus robur","NULL","NULL","NULL","NULL",NA,"NA
"
3779,"Quercus robur","NULL","NULL","NULL","NULL",NA,"NA
"
3780,"Quercus robur","NULL","NULL","NULL","NULL",NA,"NA
"
3781,"Quercus robur","NULL","NULL","NULL","NULL",NA,"NA
"
3782,"Quercus robur","NULL","NULL","NULL","NULL",NA,"NA
"
3783,"Quercus robur","NULL","NULL","NULL","NULL",NA,"NA
"
3784,"Quercus robur","NULL","NULL","NULL","NULL",NA,"NA
"
3785,"Quercus robur","NULL","NULL","NULL","NULL",NA,"NA
"
3786,"Quercus robur","NULL","NULL","NULL","NULL",NA,"NA
"
3787,"Quercus robur","NULL","NULL","NULL","NULL",NA,"NA
"
3788,"Quercus robur","NULL","NULL","NULL","NULL",NA,"NA
"
3789,"Quercus robur","NULL","NULL","NULL","NULL",NA,"NA
"
3790,"Quercus robur","NULL","NULL","NULL","NULL",NA,"NA
"
3791,"Quercus robur","NULL","NULL","NULL","NULL",NA,"NA
"
3792,"Quercus robur","NULL","NULL","NULL","NULL",NA,"NA
"
3793,"Quercus robur","NULL","NULL","NULL","NULL",NA,"NA
"
3794,"Quercus robur","NULL","NULL","NULL","NULL",NA,"NA
"
3795,"Quercus robur","NULL","NULL","NULL","NULL",NA,"NA
"
3796,"Quercus robur","NULL","NULL","NULL","NULL",NA,"NA
"
3797,"Quercus robur","NULL","NULL","NULL","NULL",NA,"NA
"
3798,"Quercus robur","NULL","NULL","NULL","NULL",NA,"NA
"
3799,"Quercus robur","NULL","NULL","NULL","NULL",NA,"NA
"
3800,"Quercus robur","NULL","NULL","NULL","NULL",NA,"NA
"
3801,"Quercus robur","NULL","NULL","NULL","NULL",NA,"NA
"
3802,"Quercus robur","NULL","NULL","NULL","NULL",NA,"NA
"
3803,"Quercus robur","NULL","NULL","NULL","NULL",NA,"NA
"
3804,"Quercus robur","NULL","NULL","NULL","NULL",NA,"NA
"
3805,"Quercus robur","NULL","NULL","NULL","NULL",NA,"NA
"
3806,"Quercus robur","NULL","NULL","NULL","NULL",NA,"NA
"
3807,"Quercus robur","NULL","NULL","NULL","NULL",NA,"NA
"
3808,"Quercus robur","NULL","NULL","NULL","NULL",NA,"NA
"
3809,"Quercus robur","NULL","NULL","NULL","NULL",NA,"NA
"
3810,"Quercus robur","NULL","NULL","NULL","NULL",NA,"NA
"
3811,"Quercus robur","NULL","NULL","NULL","NULL",NA,"NA
"
3812,"Quercus robur","NULL","NULL","NULL","NULL",NA,"NA
"
3813,"Quercus robur","NULL","NULL","NULL","NULL",NA,"NA
"
3814,"Quercus robur","NULL","NULL","NULL","NULL",NA,"NA
"
3815,"Quercus robur","NULL","NULL","NULL","NULL",NA,"NA
"
3816,"Quercus robur","NULL","NULL","NULL","NULL",NA,"NA
"
3817,"Quercus robur","NULL","NULL","NULL","NULL",NA,"NA
"
3818,"Quercus robur","NULL","NULL","NULL","NULL",NA,"NA
"
3819,"Quercus robur","NULL","NULL","NULL","NULL",NA,"NA
"
3820,"Quercus robur","NULL","NULL","NULL","NULL",NA,"NA
"
3821,"Quercus robur","NULL","NULL","NULL","NULL",NA,"NA
"
3822,"Quercus robur","NULL","NULL","NULL","NULL",NA,"NA
"
3823,"Quercus robur","NULL","NULL","NULL","NULL",NA,"NA
"
3824,"Quercus robur","NULL","NULL","NULL","NULL",NA,"NA
"
3825,"Quercus robur","NULL","NULL","NULL","NULL",NA,"NA
"
3826,"Quercus robur","NULL","NULL","NULL","NULL",NA,"NA
"
3827,"Quercus robur","NULL","NULL","NULL","NULL",NA,"NA
"
3828,"Quercus robur","NULL","NULL","NULL","NULL",NA,"NA
"
3829,"Quercus robur","NULL","NULL","NULL","NULL",NA,"NA
"
3830,"Quercus robur","NULL","NULL","NULL","NULL",NA,"NA
"
3831,"Quercus robur","NULL","NULL","NULL","NULL",NA,"NA
"
3832,"Quercus robur","NULL","NULL","NULL","NULL",NA,"NA
"
3833,"Quercus robur","NULL","NULL","NULL","NULL",NA,"NA
"
3834,"Quercus robur","NULL","NULL","NULL","NULL",NA,"NA
"
3835,"Quercus robur","NULL","NULL","NULL","NULL",NA,"NA
"
3836,"Quercus robur","NULL","NULL","NULL","NULL",NA,"NA
"
3837,"Quercus robur","NULL","NULL","NULL","NULL",NA,"NA
"
3838,NA,"168606","494219","51.4087","-0.646729","Rookery Slope","NA
"
3839,NA,"168493","494624","51.4076","-0.640946","Japanese Garden","sold land
"
3840,NA,"168514","494618","51.4078","-0.64103","Japanese Garden","sold land
"
3841,NA,"168937","494162","51.4116","-0.647467","Gunnes's thicket","NA
"
3842,"Quercus robur","168846","493842","51.4109","-0.652095","Cascade Marsh","NA
"
3843,"Quercus robur","168614","494259","51.4087","-0.646162","Rookery Slope","NA
"
3844,"Quercus robur","168940","494188","51.4117","-0.647095","Gunnes's thicket","NA
"
3845,"Quercus robur","168938","494408","51.4116","-0.643932","Gunnes's hill","NA
"
3846,"Quercus robur","168895","494554","51.4112","-0.641847","Observatory Ridge","NA
"
3847,"Acer pseudoplatanus","168951","494728","51.4117","-0.63932","Observatory Copse","NA
"
3848,"Acer pseudoplatanus","168835","494234","51.4107","-0.64645","Gunnes's hill","NA
"
3849,"Acer pseudoplatanus","168736","494362","51.4098","-0.644649","Elm Slope","NA
"
3850,"Acer pseudoplatanus","168904","494719","51.4113","-0.639472","Observatory Copse","NA
"
3851,"Acer pseudoplatanus","168424","494724","51.4069","-0.639519","Japanese Garden","sold land
"
3852,"Acer pseudoplatanus","168418","494668","51.4069","-0.640325","Japanese Garden","sold land
"
3853,"Acer pseudoplatanus","169333","493679","51.4153","-0.654305","Pound Hill Field","NA
"
3854,"Acer pseudoplatanus","169370","493705","51.4156","-0.653917","Pound Hill Field","NA
"
3855,NA,"169188","494092","51.4139","-0.648407","Farm Wood","NA
"
3856,"Alnus sp.","169195","494283","51.4139","-0.64565",NA,"NA
"
3857,"Alnus sp.","169269","494522","51.4146","-0.642203",NA,"NA
"
3858,"Alnus sp.","168473","494480","51.4074","-0.643024","Japanese Garden","sold land
"
3859,NA,"168980","494657","51.4119","-0.640334","Observatory Copse","NA
"
3860,NA,"169061","494683","51.4127","-0.639943","Merten's Acres","NA
"
3861,NA,"168961","494597","51.4118","-0.641206","Merten's Acres","NA
"
3862,NA,"168960","494590","51.4118","-0.641311","Observatory Ridge","NA
"
3863,NA,"169159","494513","51.4136","-0.642368","The Elms","NA
"
3864,NA,"169223","494266","51.4142","-0.645895",NA,"NA
"
3865,NA,"169305","494307","51.4149","-0.645287",NA,"NA
"
3866,NA,"169325","494341","51.4151","-0.644783",NA,"NA
"
3867,NA,"169309","494372","51.415","-0.644347",NA,"NA
"
3868,NA,"169305","494448","51.4148","-0.643621",NA,"NA
"
3869,NA,"169226","494396","51.4141","-0.643975",NA,"NA
"
3870,NA,"169244","494391","51.4144","-0.644093",NA,"NA
"
3871,NA,"169281","494331","51.4147","-0.644948",NA,"NA
"
3872,NA,"169241","494286","51.4144","-0.645601",NA,"NA
"
3873,NA,"169117","494249","51.4132","-0.646164",NA,"NA
"
3874,NA,"169017","494253","51.4124","-0.646129","Hell hill","NA
"
3875,NA,"168780","494237","51.4102","-0.646425","Gunnes's hill","NA
"
3876,NA,"168732","494263","51.4098","-0.646066","Elm Slope","NA
"
3877,NA,"168691","494233","51.4094","-0.646508","Elm Slope","NA
"
3878,NA,"168941","493919","51.4117","-0.650961","Gunnes's thicket","NA
"
3880,NA,"168994","494038","51.4122","-0.649228","Cascade Marsh","NA
"
3881,NA,"168924","493986","51.4116","-0.649993","Cascade Marsh","NA
"
3882,NA,"168401","493979","51.4069","-0.650231","Fours acres field","NA
"
3883,NA,"169064","494696","51.4127","-0.639752","Observatory Copse","NA
"
3884,NA,"168469","494648","51.4074","-0.6406","Japanese Garden","sold land
"
3885,NA,"168423","494476","51.407","-0.643084","Tractor shed","sold land
"
3886,NA,"168404","494532","51.4068","-0.642293",NA,"sold land
"
3887,NA,"168357","494502","51.4064","-0.642727","Tractor shed","sold land
"
3888,NA,"168543","494439","51.4081","-0.643582","Drive Hill","sold land
"
3889,NA,"168480","494278","51.4075","-0.645925","Rookery Slope","NA
"
3890,NA,"169411","493747","51.416","-0.6533","Pound Hill Field","NA
"
3891,NA,"169081","494240","51.4129","-0.646309","Hell hill","NA
"
3892,NA,"168870","494238","51.411","-0.64639","Hell hill","NA
"
3893,NA,"168785","494233","51.4103","-0.646489","Gunnes's hill","NA
"
3894,NA,"168724","494414","51.4097","-0.643903","Elm Slope","NA
"
3895,NA,"168462","494229","51.4074","-0.646621","Rookery Slope","NA
"
3896,"Castanea sativa","168942","494279","51.4117","-0.645783",NA,"NA
"
3897,"Castanea sativa","168861","494535","51.4109","-0.642122","Observatory Ridge","NA
"
3898,"Castanea sativa","168461","494696","51.4073","-0.639918","Japanese Garden","sold land
"
3899,"Castanea sativa","168383","494644","51.4066","-0.640687","Japanese Garden","sold land
"
3900,"Castanea sativa","168470","494454","51.4074","-0.64339",NA,"sold land
"
3901,"Castanea sativa","168975","494272","51.412","-0.645867","Hell hill","Veteran
"
3902,NA,"168577","494865","51.4083","-0.637454",NA,"sold land
"
3903,NA,"168649","494624","51.409","-0.640897",NA,"NA
"
3904,NA,"168579","494195","51.4084","-0.647084","Rookery Slope","NA
"
3905,NA,"168562","494196","51.4083","-0.647069","Rookery Slope","NA
"
3906,NA,"168984","494721","51.412","-0.639418","Observatory Copse","NA
"
3907,NA,"169016","494718","51.4123","-0.639457","Observatory Copse","NA
"
3908,NA,"169044","494687","51.4125","-0.639894","Observatory Copse","NA
"
3909,NA,"169027","494707","51.4124","-0.639614","Observatory Copse","NA
"
3910,NA,"169105","494722","51.4131","-0.639366","Observatory Copse","NA
"
3911,NA,"168427","494820","51.407","-0.638141",NA,"sold land
"
3912,NA,"168615","494727","51.4087","-0.63943","Japanese Garden","sold land
"
3913,NA,"168487","494731","51.4075","-0.63941","Japanese Garden","sold land
"
3914,NA,"168448","494666","51.4072","-0.640347","Japanese Garden","sold land
"
3915,NA,"168432","494558","51.407","-0.641901","Japanese Garden","sold land
"
3916,NA,"168388","494435","51.4067","-0.643688","Tractor shed","sold land
"
3917,NA,"168833","494527","51.4107","-0.642246","Reactor","NA
"
3918,NA,"169302","494298","51.4149","-0.64542",NA,"NA
"
3919,NA,"169248","494213","51.4144","-0.646646",NA,"NA
"
3920,NA,"169271","494250","51.4146","-0.646115",NA,"NA
"
3921,NA,"169240","494525","51.4143","-0.642169",NA,"NA
"
3922,NA,"168893","494238","51.4112","-0.646385","Gunnes's hill","NA
"
3923,NA,"168710","494289","51.4096","-0.645705","Elm Slope","NA
"
3924,NA,"168838","493803","51.4108","-0.652658","Cascade Marsh","NA
"
3925,NA,"168634","494200","51.4089","-0.647003","Rookery Slope","NA
"
3926,NA,"168327","494070","51.4062","-0.648952","Fours acres field","NA
"
3927,NA,"168355","493951","51.4065","-0.650658","Fours acres field","NA
"
3928,NA,"168813","494200","51.4105","-0.646957","Hell hill","NA
"
3929,NA,"168505","494856","51.4076","-0.637606",NA,"sold land
"
3930,NA,"168497","494700","51.4076","-0.639846","Japanese Garden","sold land
"
3931,NA,"168524","494540","51.4079","-0.642138",NA,"sold land
"
3932,NA,"168535","494493","51.408","-0.642807",NA,"sold land
"
3933,NA,"168436","494623","51.4071","-0.640972","Japanese Garden","sold land
"
3934,NA,"168378","494592","51.4065","-0.641436",NA,"sold land
"
3935,NA,"168376","494559","51.4065","-0.641914",NA,"sold land
"
3936,NA,"169046","494233","51.4126","-0.646418","Hell hill","NA
"
3937,NA,"168742","494272","51.4099","-0.645929","Gunnes's hill","NA
"
3938,NA,"168758","494778","51.4099","-0.638663","Observatory Copse","NA
"
3939,NA,"169225","494397","51.4142","-0.644007",NA,"NA
"
3941,"Castanea sativa","169097","494229","51.4131","-0.646455","Weir wood","NA
"
3942,NA,"168643","494397","51.409","-0.64416","Elm Slope","NA
"
3943,NA,"168559","494225","51.4082","-0.646655","Rookery Slope","NA
"
3944,NA,"168420","494195","51.407","-0.647121","Old Orchard","NA
"
3945,NA,"168432","493894","51.4072","-0.651448","Fours acres field","NA
"
3946,NA,"169131","494713","51.4133","-0.639493","Merten's Acres","NA
"
3947,"Quercus robur","168990","494534","51.4121","-0.642107","Merten's Acres","NA
"
3948,NA,"168539","494383","51.408","-0.644389","Drive Hill","sold land
"
3949,NA,"168546","494286","51.4081","-0.645793","Rookery Slope","NA
"
3950,"Quercus robur","169017","494222","51.4124","-0.646577","Weir wood","NA
"
3951,NA,"168946","494248","51.4117","-0.646227","Weir wood","NA
"
3952,NA,"NULL","NULL","NULL","NULL",NA,"Originally not recorded in trees table; found in visits table"
3953,NA,"169061","494183","51.4128","-0.647137","Weir wood","NA
"
3954,"Castanea sativa","169206","494204","51.4141","-0.646788","Weir wood","NA
"
3958,"Quercus robur","169056","494658","51.4126","-0.640311","Merten's Acres","NA
"
3960,"Quercus robur","168848","494718","51.4108","-0.639498","Observatory Copse","NA
"
3961,"Quercus robur","168931","494561","51.4115","-0.641725",NA,"NA
"
3962,"Quercus robur","168931","494561","51.4115","-0.641725",NA,"NA
"
3963,"Quercus robur","169120","494661","51.4132","-0.64024","Merten's Acres","NA
"
3964,NA,"169077","494703","51.4128","-0.639656","Merten's Acres","NA
"
3965,"Acer pseudoplatanus","169267","494071","51.4146","-0.648679","Farm Wood","NA
"
3966,NA,"169303","494076","51.415","-0.648599","Farm Wood","NA
"
3967,"Quercus robur","168955","494088","51.4118","-0.648521","Gunnes's thicket","NA
"
3971,NA,"169280","494012","51.4148","-0.649529","Farm Wood","NA
"
3973,NA,"169100","493865","51.4132","-0.651696","Mann's Copse","NA
"
3975,NA,"NULL","NULL","NULL","NULL",NA,"Originally not recorded in trees table; found in visits table"
3977,NA,"168985","493717","51.4122","-0.653855","Mann's Copse","NA
"
3978,NA,"NULL","NULL","NULL","NULL",NA,"Originally not recorded in trees table; found in visits table"
3979,NA,"168921","493798","51.4116","-0.652696","Mann's Copse","Former host of E01
"
3980,NA,"168964","493831","51.4119","-0.652216","Mann's Copse","NA
"
3981,"Quercus robur","169000","493839","51.4123","-0.652089","Mann's Copse","NA
"
3982,NA,"168921","493798","51.4116","-0.652696","Mann's Copse","NA
"
3983,NA,"169087","493934","51.413","-0.650704","Mann's Copse","NA
"
3984,"Quercus robur","169130","493991","51.4134","-0.649875","Mann's Copse","NA
"
3985,NA,"168993","494198","51.4121","-0.646935","Gunnes's thicket","NA
"
3987,NA,"169039","494065","51.4126","-0.648833","Gunnes's thicket","NA
"
3989,NA,"168978","493994","51.412","-0.649871","Gunnes's thicket","NA
"
3990,NA,"168991","493976","51.4122","-0.650121","Gunnes's thicket","NA
"
3994,"Quercus robur","168887","493871","51.4112","-0.651663","Cascade Marsh","NA
"
3995,"Quercus robur","168920","493855","51.4115","-0.651889","Cascade Marsh","NA
"
3996,"Quercus robur","168857","493898","51.411","-0.651284","Cascade Marsh","NA
"
3997,"Quercus robur","168890","493927","51.4113","-0.650851","Cascade Marsh","veteran
"
3998,"Acer pseudoplatanus","169217","494164","51.4142","-0.647363","Weir wood","NA
"
3999,NA,"169290","493941","51.4149","-0.650553",NA,"box removed as neightbour tree fall on this tree
"
4000,"Alnus sp.","169151","494060","51.4136","-0.648873","Farm Wood","NA
"
4001,"Acer pseudoplatanus","169085","493819","51.413","-0.652358","Mann's Copse","NA
"
4002,"Quercus robur","169161","493844","51.4137","-0.651982","Mann's Copse","NA
"
4003,"Quercus robur","169308","493925","51.415","-0.65077","Farm Wood","NA
"
4004,"Quercus robur","168659","494523","51.4091","-0.642357",NA,"oak8; died in the great storm od 1987
"
4005,"Quercus robur","168659","494597","51.409","-0.641222",NA,"oak7; sold land
"
4006,NA,"169229","493993","51.4143","-0.649823","Farm Wood","veteran
"
4007,NA,"168685","494658","51.4093","-0.640399",NA,"sold land; veteran
"
4008,"Castanea sativa","168297","494128","51.4059","-0.648121","Fours acres field","veteran
"
4009,"Castanea sativa","168790","494363","51.4103","-0.644609","Gunnes's hill","wooden nest box; veteran
"
4010,"Castanea sativa","168897","494720","51.4112","-0.639455","Observatory Copse","veteran
"
4011,NA,"168971","494721","51.4119","-0.63942","Observatory Copse","veteran
"
4012,"Castanea sativa","168678","494751","51.4091","-0.639034",NA,"TPO Order N45 of 2000; veteran
"
4013,"Castanea sativa","168384","494568","51.4066","-0.641778",NA,"veteran
"
4014,"Castanea sativa","168378","494592","51.4065","-0.641436",NA,"veteran
"
4015,NA,"168452","494215","51.4073","-0.646837",NA,"veteran
"
4016,"Quercus robur","168904","494033","51.4114","-0.64933",NA,"Barn Owl nest; veteran
"
4017,"Quercus robur","169208","493960","51.4141","-0.6503","Elm Slope","NA
"
4018,"Quercus robur","169120","494640","51.4132","-0.640545","Merten's Acres","Next oak19; veteran
"
4019,NA,"168812","494770","51.4104","-0.638762","Observatory Copse","veteran
"
4020,"Acer pseudoplatanus","168710","494796","51.4095","-0.63841","Observatory Copse","veteran
"
4021,"Acer pseudoplatanus","169044","493682","51.4127","-0.65433","Mann's Copse","NA
"
4022,NA,"169068","493748","51.4129","-0.653379","Mann's Copse","NA
"
4023,"Castanea sativa","168574","494233","51.4084","-0.646534","Rookery Slope","veteran
"
4024,"Quercus robur","169179","493806","51.4139","-0.652522","Mann's Copse"," 
"
4025,"Quercus robur","169185","493831","51.4139","-0.652163","Mann's Copse","NA
"
4026,NA,"168986","493717","51.4122","-0.653846","Mann's Copse","veteran
"
4027,NA,"169016","494268","51.4123","-0.64592","Hell hill","veteran
"
4028,"Acer pseudoplatanus","168804","494233","51.4104","-0.646479",NA,"veteran
"
4029,NA,"168671","494725","51.4092","-0.63944",NA,"veteran
"
4030,NA,"168677","494708","51.4092","-0.63968",NA,"veteran
"
4031,NA,"169087","493828","51.4131","-0.65222","Mann's Copse","veteran; dead for long time
"
4032,NA,"168727","494282","51.4097","-0.645792","Gunnes's hill","NA
"
4033,NA,"169290","493941","51.4149","-0.650553","Farm Wood","NA
"
4034,NA,"168576","494301","51.4084","-0.64557","Rookery Slope","NA
"
4035,NA,"168817","494275","51.4105","-0.645868","Gunnes's hill","NA
"
4036,NA,"169201","494173","51.41402","-0.64723","Weir wood","NA
"
4037,"Acer pseudoplatanus","169255","494053","51.41452","-0.64895","Farm Wood","NA
"
4038,"Quercus robur","169224","493933","51.414261","-0.650674","Farm Wood","NA
"
4039,NA,"NULL","NULL","NULL","NULL","Cascade Marsh","close to F3"
4040,NA,"NULL","NULL","NULL","NULL","Cascade Marsh","close to F3"
4041,NA,"NULL","NULL","NULL","NULL","Cascade Marsh","close to F3"
4042,"Quercus robur","168917","493755","51.4115","-0.653317","Mann's Copse","Old tagged tree but never in DB. Next E00
"
4043,"Quercus robur","168998","493812","51.4123","-0.65248","Mann's Copse","Old tagged tree but never in DB. Next E03"
4044,"Quercus robur","NULL","NULL","NULL","NULL","Cascade Marsh","close F22"
4045,"Quercus robur","169035","494018","51.4126","-0.649505","Cascade Marsh","NA
"
4046,"Quercus robur","169048","494625","51.412569","-0.640781","Merten's Acres","NA
"
4047,NA,"168938","494412","51.411616","-0.643873","Elm Slope","Tree core project
"
4048,"Quercus robur","168931","494419","51.411547","-0.643776","Elm Slope","Tree core project
"
4049,"Quercus robur","168787","494478","51.410248","-0.642968","Elm Slope","Tree core project
"
4050,"Quercus robur","168926","494421","51.411501","-0.64374","Elm Slope","Tree core project
"
4051,"Quercus robur","168920","494422","51.411448","-0.643737","Elm Slope","Tree core project
"
4052,"Quercus robur","168933","494425","51.411564","-0.64368","Elm Slope","Tree core project
"
