"date_time","average_ndsi","date","time","sensor_id","grid"
"2025-10-08 13:00:00",-0.0240115121129134,"2025-10-08","13:00","2MM05921","55"
"2025-10-08 14:00:00",-0.661145286468555,"2025-10-08","14:00","2MM05921","55"
"2025-10-08 15:00:00",-0.817953425943189,"2025-10-08","15:00","2MM05921","55"
"2025-10-08 16:00:00",-0.880033675831299,"2025-10-08","16:00","2MM05921","55"
"2025-10-08 17:00:00",-0.590221353030256,"2025-10-08","17:00","2MM05921","55"
"2025-10-08 18:00:00",-0.756134306389395,"2025-10-08","18:00","2MM05921","55"
"2025-10-08 19:00:00",-0.903834150510133,"2025-10-08","19:00","2MM05921","55"
"2025-10-08 20:00:00",-0.869349068412996,"2025-10-08","20:00","2MM05921","55"
"2025-10-08 21:00:00",-0.897282264222183,"2025-10-08","21:00","2MM05921","55"
"2025-10-09 13:00:00",-0.837398323943247,"2025-10-09","13:00","2MM05921","55"
"2025-10-09 14:00:00",-0.827844014092935,"2025-10-09","14:00","2MM05921","55"
"2025-10-09 15:00:00",-0.542629637347511,"2025-10-09","15:00","2MM05921","55"
"2025-10-09 16:00:00",-0.731771036435114,"2025-10-09","16:00","2MM05921","55"
"2025-10-09 17:00:00",-0.876791834203064,"2025-10-09","17:00","2MM05921","55"
"2025-10-09 18:00:00",-0.879702858922124,"2025-10-09","18:00","2MM05921","55"
"2025-10-09 19:00:00",-0.90109202419071,"2025-10-09","19:00","2MM05921","55"
"2025-10-09 20:00:00",-0.901463490088718,"2025-10-09","20:00","2MM05921","55"
"2025-10-09 21:00:00",-0.902202306818749,"2025-10-09","21:00","2MM05921","55"
"2025-10-10 13:00:00",-0.881937218776567,"2025-10-10","13:00","2MM05921","55"
"2025-10-10 14:00:00",-0.448089738644259,"2025-10-10","14:00","2MM05921","55"
"2025-10-10 15:00:00",-0.376496420409569,"2025-10-10","15:00","2MM05921","55"
"2025-10-10 16:00:00",-0.816392307557206,"2025-10-10","16:00","2MM05921","55"
"2025-10-10 17:00:00",-0.734145068944511,"2025-10-10","17:00","2MM05921","55"
"2025-10-10 18:00:00",0.0454519340530813,"2025-10-10","18:00","2MM05921","55"
"2025-10-10 19:00:00",-0.913403882473091,"2025-10-10","19:00","2MM05921","55"
"2025-10-10 20:00:00",-0.85184821452097,"2025-10-10","20:00","2MM05921","55"
"2025-10-10 21:00:00",-0.883593435200526,"2025-10-10","21:00","2MM05921","55"
"2025-10-11 13:00:00",-0.6919419101105,"2025-10-11","13:00","2MM05921","55"
"2025-10-11 14:00:00",-0.390610755499395,"2025-10-11","14:00","2MM05921","55"
"2025-10-11 15:00:00",-0.715723972004539,"2025-10-11","15:00","2MM05921","55"
"2025-10-11 16:00:00",-0.528411428766654,"2025-10-11","16:00","2MM05921","55"
"2025-10-11 17:00:00",-0.777915722499594,"2025-10-11","17:00","2MM05921","55"
"2025-10-11 18:00:00",0.0941890534106828,"2025-10-11","18:00","2MM05921","55"
"2025-10-11 19:00:00",-0.897360786237943,"2025-10-11","19:00","2MM05921","55"
"2025-10-11 20:00:00",-0.905114192869898,"2025-10-11","20:00","2MM05921","55"
"2025-10-11 21:00:00",-0.828978117917227,"2025-10-11","21:00","2MM05921","55"
"2025-10-12 13:00:00",-0.657204405411928,"2025-10-12","13:00","2MM05921","55"
"2025-10-12 14:00:00",-0.506968589935817,"2025-10-12","14:00","2MM05921","55"
"2025-10-12 15:00:00",-0.458675641178961,"2025-10-12","15:00","2MM05921","55"
"2025-10-12 16:00:00",-0.468964136305426,"2025-10-12","16:00","2MM05921","55"
"2025-10-12 17:00:00",-0.809363873251475,"2025-10-12","17:00","2MM05921","55"
"2025-10-12 18:00:00",-0.854089367591429,"2025-10-12","18:00","2MM05921","55"
"2025-10-12 19:00:00",-0.8933947539782,"2025-10-12","19:00","2MM05921","55"
"2025-10-12 20:00:00",-0.901183554832046,"2025-10-12","20:00","2MM05921","55"
"2025-10-12 21:00:00",-0.807760321271608,"2025-10-12","21:00","2MM05921","55"
"2025-10-13 13:00:00",-0.859163837528684,"2025-10-13","13:00","2MM05921","55"
"2025-10-13 14:00:00",-0.807909467638524,"2025-10-13","14:00","2MM05921","55"
"2025-10-13 15:00:00",-0.22612411566963,"2025-10-13","15:00","2MM05921","55"
"2025-10-13 16:00:00",-0.355658929696678,"2025-10-13","16:00","2MM05921","55"
"2025-10-13 17:00:00",-0.660458284610642,"2025-10-13","17:00","2MM05921","55"
"2025-10-13 18:00:00",-0.545549318398065,"2025-10-13","18:00","2MM05921","55"
"2025-10-13 19:00:00",-0.909269021241348,"2025-10-13","19:00","2MM05921","55"
"2025-10-13 20:00:00",-0.867419168863179,"2025-10-13","20:00","2MM05921","55"
"2025-10-13 21:00:00",-0.700393032547352,"2025-10-13","21:00","2MM05921","55"
"2025-10-14 13:00:00",-0.669046291044743,"2025-10-14","13:00","2MM05921","55"
"2025-10-14 14:00:00",-0.727595882041693,"2025-10-14","14:00","2MM05921","55"
"2025-10-14 15:00:00",-0.476826164451417,"2025-10-14","15:00","2MM05921","55"
"2025-10-14 16:00:00",-0.759782379791694,"2025-10-14","16:00","2MM05921","55"
"2025-10-14 17:00:00",-0.499678362534395,"2025-10-14","17:00","2MM05921","55"
"2025-10-14 18:00:00",-0.704207772456507,"2025-10-14","18:00","2MM05921","55"
"2025-10-14 19:00:00",-0.865160043607918,"2025-10-14","19:00","2MM05921","55"
"2025-10-14 20:00:00",-0.843573989338176,"2025-10-14","20:00","2MM05921","55"
"2025-10-14 21:00:00",-0.723648052173441,"2025-10-14","21:00","2MM05921","55"
"2025-10-15 13:00:00",-0.642216096310777,"2025-10-15","13:00","2MM05921","55"
"2025-10-15 14:00:00",-0.745873112820233,"2025-10-15","14:00","2MM05921","55"
"2025-10-15 15:00:00",-0.605914149977207,"2025-10-15","15:00","2MM05921","55"
"2025-10-15 16:00:00",-0.763179193393266,"2025-10-15","16:00","2MM05921","55"
"2025-10-15 17:00:00",0.0457533295250728,"2025-10-15","17:00","2MM05921","55"
"2025-10-15 18:00:00",-0.895962596479297,"2025-10-15","18:00","2MM05921","55"
"2025-10-15 19:00:00",-0.897601974896024,"2025-10-15","19:00","2MM05921","55"
"2025-10-15 20:00:00",-0.907829338158543,"2025-10-15","20:00","2MM05921","55"
"2025-10-15 21:00:00",-0.861056926867075,"2025-10-15","21:00","2MM05921","55"
"2025-10-16 13:00:00",-0.751756814031163,"2025-10-16","13:00","2MM05921","55"
"2025-10-16 14:00:00",-0.743602692227536,"2025-10-16","14:00","2MM05921","55"
"2025-10-16 15:00:00",-0.862169063817783,"2025-10-16","15:00","2MM05921","55"
"2025-10-16 16:00:00",-0.675444691473378,"2025-10-16","16:00","2MM05921","55"
"2025-10-16 17:00:00",-0.568852069718264,"2025-10-16","17:00","2MM05921","55"
"2025-10-16 18:00:00",-0.789221016950277,"2025-10-16","18:00","2MM05921","55"
"2025-10-16 19:00:00",-0.880812721244388,"2025-10-16","19:00","2MM05921","55"
"2025-10-16 20:00:00",-0.87341928291449,"2025-10-16","20:00","2MM05921","55"
"2025-10-16 21:00:00",-0.897765534697152,"2025-10-16","21:00","2MM05921","55"
"2025-10-17 13:00:00",-0.454533139405925,"2025-10-17","13:00","2MM05921","55"
"2025-10-17 14:00:00",-0.796283485428188,"2025-10-17","14:00","2MM05921","55"
"2025-10-17 15:00:00",-0.75896414836897,"2025-10-17","15:00","2MM05921","55"
"2025-10-17 16:00:00",-0.764002637640208,"2025-10-17","16:00","2MM05921","55"
"2025-10-17 17:00:00",-0.826674677795763,"2025-10-17","17:00","2MM05921","55"
"2025-10-17 18:00:00",-0.229492072288203,"2025-10-17","18:00","2MM05921","55"
"2025-10-17 19:00:00",-0.91182850188189,"2025-10-17","19:00","2MM05921","55"
"2025-10-17 20:00:00",-0.874470383264941,"2025-10-17","20:00","2MM05921","55"
"2025-10-17 21:00:00",-0.889586617931702,"2025-10-17","21:00","2MM05921","55"
"2025-10-18 13:00:00",-0.869005786702665,"2025-10-18","13:00","2MM05921","55"
"2025-10-18 14:00:00",-0.853055326175738,"2025-10-18","14:00","2MM05921","55"
"2025-10-18 15:00:00",-0.809644734621728,"2025-10-18","15:00","2MM05921","55"
"2025-10-18 16:00:00",-0.852234668339324,"2025-10-18","16:00","2MM05921","55"
"2025-10-18 17:00:00",-0.730530846865628,"2025-10-18","17:00","2MM05921","55"
"2025-10-18 18:00:00",-0.162190129421464,"2025-10-18","18:00","2MM05921","55"
"2025-10-18 19:00:00",-0.915714690496801,"2025-10-18","19:00","2MM05921","55"
"2025-10-18 20:00:00",-0.915745723866011,"2025-10-18","20:00","2MM05921","55"
"2025-10-18 21:00:00",-0.867104973181071,"2025-10-18","21:00","2MM05921","55"
"2025-10-19 13:00:00",-0.316301774608295,"2025-10-19","13:00","2MM05921","55"
"2025-10-19 14:00:00",-0.52433582544168,"2025-10-19","14:00","2MM05921","55"
"2025-10-19 15:00:00",-0.701632721672825,"2025-10-19","15:00","2MM05921","55"
"2025-10-19 16:00:00",-0.20857022693998,"2025-10-19","16:00","2MM05921","55"
"2025-10-19 17:00:00",-0.632744356356322,"2025-10-19","17:00","2MM05921","55"
"2025-10-19 18:00:00",-0.543837533927979,"2025-10-19","18:00","2MM05921","55"
"2025-10-19 19:00:00",0.112251580965973,"2025-10-19","19:00","2MM05921","55"
"2025-10-19 20:00:00",-0.618753073456736,"2025-10-19","20:00","2MM05921","55"
"2025-10-19 21:00:00",-0.511479062589791,"2025-10-19","21:00","2MM05921","55"
"2025-10-20 13:00:00",-0.580900539928588,"2025-10-20","13:00","2MM05921","55"
"2025-10-20 14:00:00",-0.403623425360228,"2025-10-20","14:00","2MM05921","55"
"2025-10-20 15:00:00",-0.718332206037501,"2025-10-20","15:00","2MM05921","55"
"2025-10-20 16:00:00",-0.528391803676173,"2025-10-20","16:00","2MM05921","55"
"2025-10-20 17:00:00",-0.725186664864849,"2025-10-20","17:00","2MM05921","55"
"2025-10-20 18:00:00",-0.514655761358976,"2025-10-20","18:00","2MM05921","55"
"2025-10-20 19:00:00",-0.453518225961845,"2025-10-20","19:00","2MM05921","55"
"2025-10-20 20:00:00",-0.629475220820883,"2025-10-20","20:00","2MM05921","55"
"2025-10-20 21:00:00",-0.669306503237289,"2025-10-20","21:00","2MM05921","55"
"2025-10-21 13:00:00",-0.698998493840902,"2025-10-21","13:00","2MM05921","55"
"2025-10-21 14:00:00",-0.629271502681596,"2025-10-21","14:00","2MM05921","55"
"2025-10-21 15:00:00",-0.78109532889224,"2025-10-21","15:00","2MM05921","55"
"2025-10-21 16:00:00",-0.860188825406282,"2025-10-21","16:00","2MM05921","55"
"2025-10-21 17:00:00",-0.825612944797235,"2025-10-21","17:00","2MM05921","55"
"2025-10-21 18:00:00",-0.155845032681925,"2025-10-21","18:00","2MM05921","55"
"2025-10-21 19:00:00",-0.858167635174806,"2025-10-21","19:00","2MM05921","55"
"2025-10-21 20:00:00",-0.898516268303618,"2025-10-21","20:00","2MM05921","55"
"2025-10-21 21:00:00",-0.817315989730399,"2025-10-21","21:00","2MM05921","55"
"2025-10-22 13:00:00",-0.560697374909629,"2025-10-22","13:00","2MM05921","55"
"2025-10-22 14:00:00",-0.576368347581905,"2025-10-22","14:00","2MM05921","55"
"2025-10-22 15:00:00",-0.830617275247114,"2025-10-22","15:00","2MM05921","55"
"2025-10-22 16:00:00",-0.691060316399294,"2025-10-22","16:00","2MM05921","55"
"2025-10-22 17:00:00",-0.741524463798761,"2025-10-22","17:00","2MM05921","55"
"2025-10-22 18:00:00",-0.71225387429186,"2025-10-22","18:00","2MM05921","55"
"2025-10-22 19:00:00",-0.913954394163066,"2025-10-22","19:00","2MM05921","55"
"2025-10-22 20:00:00",0.0366933297786692,"2025-10-22","20:00","2MM05921","55"
"2025-10-22 21:00:00",0.317211259557641,"2025-10-22","21:00","2MM05921","55"
"2025-10-23 13:00:00",-0.567183002554879,"2025-10-23","13:00","2MM05921","55"
"2025-10-23 14:00:00",-0.424054170698548,"2025-10-23","14:00","2MM05921","55"
"2025-10-23 15:00:00",-0.490470704250075,"2025-10-23","15:00","2MM05921","55"
"2025-10-23 16:00:00",-0.194283548272629,"2025-10-23","16:00","2MM05921","55"
"2025-10-23 17:00:00",-0.644493723282453,"2025-10-23","17:00","2MM05921","55"
"2025-10-23 18:00:00",-0.549889932700484,"2025-10-23","18:00","2MM05921","55"
"2025-10-23 19:00:00",-0.715584312541123,"2025-10-23","19:00","2MM05921","55"
"2025-10-23 20:00:00",-0.272930856896443,"2025-10-23","20:00","2MM05921","55"
"2025-10-23 21:00:00",-0.814203986876183,"2025-10-23","21:00","2MM05921","55"
"2025-10-24 13:00:00",-0.57094274543386,"2025-10-24","13:00","2MM05921","55"
"2025-10-24 14:00:00",-0.228219776982802,"2025-10-24","14:00","2MM05921","55"
"2025-10-24 15:00:00",-0.412329064800618,"2025-10-24","15:00","2MM05921","55"
"2025-10-24 16:00:00",-0.529530228376586,"2025-10-24","16:00","2MM05921","55"
"2025-10-24 17:00:00",-0.895586400920836,"2025-10-24","17:00","2MM05921","55"
"2025-10-24 18:00:00",-0.836258231409751,"2025-10-24","18:00","2MM05921","55"
"2025-10-24 19:00:00",-0.897843497981548,"2025-10-24","19:00","2MM05921","55"
"2025-10-24 20:00:00",-0.815717388767179,"2025-10-24","20:00","2MM05921","55"
"2025-10-24 21:00:00",-0.653584975657123,"2025-10-24","21:00","2MM05921","55"
"2025-10-25 13:00:00",-0.648815246415056,"2025-10-25","13:00","2MM05921","55"
"2025-10-25 14:00:00",-0.611017989553944,"2025-10-25","14:00","2MM05921","55"
"2025-10-25 15:00:00",-0.672524027991044,"2025-10-25","15:00","2MM05921","55"
"2025-10-25 16:00:00",-0.863279781579655,"2025-10-25","16:00","2MM05921","55"
"2025-10-25 17:00:00",-0.787232061427599,"2025-10-25","17:00","2MM05921","55"
"2025-10-25 18:00:00",-0.72064044234837,"2025-10-25","18:00","2MM05921","55"
"2025-10-25 19:00:00",-0.889744255055151,"2025-10-25","19:00","2MM05921","55"
"2025-10-25 20:00:00",-0.851160386998381,"2025-10-25","20:00","2MM05921","55"
"2025-10-25 21:00:00",-0.896243277938152,"2025-10-25","21:00","2MM05921","55"
"2025-10-26 13:00:00",-0.854180698583857,"2025-10-26","13:00","2MM05921","55"
"2025-10-26 14:00:00",-0.680838661120832,"2025-10-26","14:00","2MM05921","55"
"2025-10-26 15:00:00",-0.586190927099651,"2025-10-26","15:00","2MM05921","55"
"2025-10-26 16:00:00",-0.569477875840534,"2025-10-26","16:00","2MM05921","55"
"2025-10-26 17:00:00",-0.570318048948114,"2025-10-26","17:00","2MM05921","55"
"2025-10-26 18:00:00",-0.679351401509298,"2025-10-26","18:00","2MM05921","55"
"2025-10-26 19:00:00",-0.633167529956836,"2025-10-26","19:00","2MM05921","55"
"2025-10-26 20:00:00",-0.764542840965687,"2025-10-26","20:00","2MM05921","55"
"2025-10-26 21:00:00",-0.791583912316592,"2025-10-26","21:00","2MM05921","55"
"2025-10-27 13:00:00",-0.379568663703019,"2025-10-27","13:00","2MM05921","55"
"2025-10-27 14:00:00",-0.66578059889375,"2025-10-27","14:00","2MM05921","55"
"2025-10-27 15:00:00",-0.829055781642148,"2025-10-27","15:00","2MM05921","55"
"2025-10-27 16:00:00",-0.58210349209351,"2025-10-27","16:00","2MM05921","55"
"2025-10-27 17:00:00",-0.810682250580466,"2025-10-27","17:00","2MM05921","55"
"2025-10-27 18:00:00",-0.678520480145624,"2025-10-27","18:00","2MM05921","55"
"2025-10-27 19:00:00",-0.850375829059651,"2025-10-27","19:00","2MM05921","55"
"2025-10-27 20:00:00",-0.890713384064135,"2025-10-27","20:00","2MM05921","55"
"2025-10-27 21:00:00",-0.866550526837511,"2025-10-27","21:00","2MM05921","55"
"2025-10-28 13:00:00",-0.741066905743405,"2025-10-28","13:00","2MM05921","55"
"2025-10-28 14:00:00",-0.597613838146146,"2025-10-28","14:00","2MM05921","55"
"2025-10-28 15:00:00",-0.399214932637801,"2025-10-28","15:00","2MM05921","55"
"2025-10-28 16:00:00",-0.676443465487327,"2025-10-28","16:00","2MM05921","55"
"2025-10-28 17:00:00",-0.902790976766234,"2025-10-28","17:00","2MM05921","55"
"2025-10-28 18:00:00",-0.785855050273677,"2025-10-28","18:00","2MM05921","55"
"2025-10-28 19:00:00",-0.926068532704507,"2025-10-28","19:00","2MM05921","55"
"2025-10-28 20:00:00",-0.929772378074098,"2025-10-28","20:00","2MM05921","55"
"2025-10-28 21:00:00",-0.906281671589612,"2025-10-28","21:00","2MM05921","55"
"2025-10-29 13:00:00",-0.793167004727692,"2025-10-29","13:00","2MM05921","55"
"2025-10-29 14:00:00",-0.710219098126649,"2025-10-29","14:00","2MM05921","55"
"2025-10-29 15:00:00",-0.744268351046894,"2025-10-29","15:00","2MM05921","55"
"2025-10-29 16:00:00",-0.743408393588084,"2025-10-29","16:00","2MM05921","55"
"2025-10-29 17:00:00",-0.363118232356266,"2025-10-29","17:00","2MM05921","55"
"2025-10-29 18:00:00",-0.859344211198717,"2025-10-29","18:00","2MM05921","55"
"2025-10-29 19:00:00",-0.91236286391625,"2025-10-29","19:00","2MM05921","55"
"2025-10-29 20:00:00",-0.927791893936638,"2025-10-29","20:00","2MM05921","55"
"2025-10-29 21:00:00",-0.906131377684513,"2025-10-29","21:00","2MM05921","55"
"2025-10-30 13:00:00",-0.750855474425747,"2025-10-30","13:00","2MM05921","55"
"2025-10-30 14:00:00",-0.894496021173341,"2025-10-30","14:00","2MM05921","55"
"2025-10-30 15:00:00",-0.810148836287254,"2025-10-30","15:00","2MM05921","55"
"2025-10-30 16:00:00",-0.722584095253343,"2025-10-30","16:00","2MM05921","55"
"2025-10-30 17:00:00",-0.681332705643741,"2025-10-30","17:00","2MM05921","55"
"2025-10-30 18:00:00",-0.613427103137381,"2025-10-30","18:00","2MM05921","55"
"2025-10-30 19:00:00",-0.900090091808579,"2025-10-30","19:00","2MM05921","55"
"2025-10-30 20:00:00",-0.850269807972547,"2025-10-30","20:00","2MM05921","55"
"2025-10-30 21:00:00",-0.88695319801584,"2025-10-30","21:00","2MM05921","55"
"2025-10-31 13:00:00",-0.795036280623937,"2025-10-31","13:00","2MM05921","55"
"2025-10-31 14:00:00",-0.412439144857054,"2025-10-31","14:00","2MM05921","55"
"2025-10-31 15:00:00",-0.601614334064156,"2025-10-31","15:00","2MM05921","55"
"2025-10-31 16:00:00",-0.631126297920469,"2025-10-31","16:00","2MM05921","55"
"2025-10-31 17:00:00",-0.469922498909667,"2025-10-31","17:00","2MM05921","55"
"2025-10-31 18:00:00",-0.630232991006275,"2025-10-31","18:00","2MM05921","55"
"2025-10-31 19:00:00",-0.697422143102101,"2025-10-31","19:00","2MM05921","55"
"2025-10-31 20:00:00",-0.826155851187823,"2025-10-31","20:00","2MM05921","55"
"2025-10-31 21:00:00",-0.488337658693451,"2025-10-31","21:00","2MM05921","55"
"2025-11-01 13:00:00",-0.447987106064144,"2025-11-01","13:00","2MM05921","55"
"2025-11-01 14:00:00",-0.70695755364601,"2025-11-01","14:00","2MM05921","55"
"2025-11-01 15:00:00",-0.384610027142091,"2025-11-01","15:00","2MM05921","55"
"2025-11-01 16:00:00",-0.823169227223977,"2025-11-01","16:00","2MM05921","55"
"2025-11-01 17:00:00",-0.238663306948183,"2025-11-01","17:00","2MM05921","55"
"2025-11-01 18:00:00",-0.458230822451769,"2025-11-01","18:00","2MM05921","55"
"2025-11-01 19:00:00",-0.856378275514039,"2025-11-01","19:00","2MM05921","55"
"2025-11-01 20:00:00",-0.685864731580645,"2025-11-01","20:00","2MM05921","55"
"2025-11-01 21:00:00",-0.865403095125734,"2025-11-01","21:00","2MM05921","55"
"2025-11-02 13:00:00",-0.457934989553326,"2025-11-02","13:00","2MM05921","55"
"2025-11-02 14:00:00",-0.0812893155385562,"2025-11-02","14:00","2MM05921","55"
"2025-11-02 15:00:00",-0.614949091188533,"2025-11-02","15:00","2MM05921","55"
"2025-11-02 16:00:00",-0.748380535997571,"2025-11-02","16:00","2MM05921","55"
"2025-11-02 17:00:00",-0.337438903512804,"2025-11-02","17:00","2MM05921","55"
"2025-11-02 18:00:00",-0.908691243865878,"2025-11-02","18:00","2MM05921","55"
"2025-11-02 19:00:00",-0.936167446574745,"2025-11-02","19:00","2MM05921","55"
"2025-11-02 20:00:00",-0.889224352783709,"2025-11-02","20:00","2MM05921","55"
"2025-11-02 21:00:00",-0.892637419000429,"2025-11-02","21:00","2MM05921","55"
"2025-11-03 13:00:00",-0.52466588388515,"2025-11-03","13:00","2MM05921","55"
"2025-11-03 14:00:00",-0.571026634172872,"2025-11-03","14:00","2MM05921","55"
"2025-11-03 15:00:00",-0.340276904763348,"2025-11-03","15:00","2MM05921","55"
"2025-11-03 16:00:00",-0.608091933532809,"2025-11-03","16:00","2MM05921","55"
"2025-11-03 17:00:00",-0.640347578279918,"2025-11-03","17:00","2MM05921","55"
"2025-11-03 18:00:00",-0.730413391704133,"2025-11-03","18:00","2MM05921","55"
"2025-11-03 19:00:00",-0.558577546160858,"2025-11-03","19:00","2MM05921","55"
"2025-11-03 20:00:00",-0.754096047793703,"2025-11-03","20:00","2MM05921","55"
"2025-11-03 21:00:00",-0.74770404047715,"2025-11-03","21:00","2MM05921","55"
"2025-11-04 13:00:00",-0.762511501221514,"2025-11-04","13:00","2MM05921","55"
"2025-11-04 14:00:00",-0.61894619890207,"2025-11-04","14:00","2MM05921","55"
"2025-11-04 15:00:00",-0.845725792316231,"2025-11-04","15:00","2MM05921","55"
"2025-11-04 16:00:00",-0.810187602315302,"2025-11-04","16:00","2MM05921","55"
"2025-11-04 17:00:00",-0.839580844488103,"2025-11-04","17:00","2MM05921","55"
"2025-11-04 18:00:00",-0.747286964954121,"2025-11-04","18:00","2MM05921","55"
"2025-11-04 19:00:00",-0.856647873951641,"2025-11-04","19:00","2MM05921","55"
"2025-11-04 20:00:00",-0.848453619310301,"2025-11-04","20:00","2MM05921","55"
"2025-11-04 21:00:00",-0.905135769744595,"2025-11-04","21:00","2MM05921","55"
"2025-11-05 13:00:00",-0.718282877506823,"2025-11-05","13:00","2MM05921","55"
"2025-11-05 14:00:00",-0.784786653311599,"2025-11-05","14:00","2MM05921","55"
"2025-11-05 15:00:00",-0.816964717820536,"2025-11-05","15:00","2MM05921","55"
"2025-11-05 16:00:00",-0.672480846496482,"2025-11-05","16:00","2MM05921","55"
"2025-11-05 17:00:00",-0.7484617052131,"2025-11-05","17:00","2MM05921","55"
"2025-11-05 18:00:00",-0.893070783640009,"2025-11-05","18:00","2MM05921","55"
"2025-11-05 19:00:00",-0.761109401042556,"2025-11-05","19:00","2MM05921","55"
"2025-11-05 20:00:00",-0.912967244125049,"2025-11-05","20:00","2MM05921","55"
"2025-11-05 21:00:00",-0.874954777432241,"2025-11-05","21:00","2MM05921","55"
"2025-11-06 13:00:00",-0.867550797083075,"2025-11-06","13:00","2MM05921","55"
"2025-11-06 14:00:00",-0.678369962242913,"2025-11-06","14:00","2MM05921","55"
"2025-11-06 15:00:00",-0.759830333875642,"2025-11-06","15:00","2MM05921","55"
"2025-11-06 16:00:00",-0.772364508787117,"2025-11-06","16:00","2MM05921","55"
"2025-11-06 17:00:00",-0.541783659642283,"2025-11-06","17:00","2MM05921","55"
"2025-11-06 18:00:00",-0.92527782264885,"2025-11-06","18:00","2MM05921","55"
"2025-11-06 19:00:00",-0.921061095810887,"2025-11-06","19:00","2MM05921","55"
"2025-11-06 20:00:00",-0.654446552532181,"2025-11-06","20:00","2MM05921","55"
"2025-11-06 21:00:00",-0.879384887827597,"2025-11-06","21:00","2MM05921","55"
"2025-11-07 13:00:00",-0.814329269512671,"2025-11-07","13:00","2MM05921","55"
"2025-11-07 14:00:00",-0.682867192628052,"2025-11-07","14:00","2MM05921","55"
"2025-11-07 15:00:00",-0.753409671937292,"2025-11-07","15:00","2MM05921","55"
"2025-11-07 16:00:00",-0.902216021203608,"2025-11-07","16:00","2MM05921","55"
"2025-11-07 17:00:00",-0.883036480575218,"2025-11-07","17:00","2MM05921","55"
"2025-11-07 18:00:00",-0.808462886995695,"2025-11-07","18:00","2MM05921","55"
"2025-11-07 19:00:00",-0.861246839861955,"2025-11-07","19:00","2MM05921","55"
"2025-11-07 20:00:00",-0.894306579673424,"2025-11-07","20:00","2MM05921","55"
"2025-11-07 21:00:00",-0.851118789797237,"2025-11-07","21:00","2MM05921","55"
"2025-11-08 13:00:00",-0.807015506795437,"2025-11-08","13:00","2MM05921","55"
"2025-11-08 14:00:00",-0.861474333102384,"2025-11-08","14:00","2MM05921","55"
"2025-11-08 15:00:00",-0.779686828535906,"2025-11-08","15:00","2MM05921","55"
"2025-11-08 16:00:00",-0.871039116627555,"2025-11-08","16:00","2MM05921","55"
"2025-11-08 17:00:00",-0.720607689467055,"2025-11-08","17:00","2MM05921","55"
"2025-11-08 18:00:00",-0.910058910146311,"2025-11-08","18:00","2MM05921","55"
"2025-11-08 19:00:00",-0.917299834207169,"2025-11-08","19:00","2MM05921","55"
"2025-11-08 20:00:00",-0.910995877787446,"2025-11-08","20:00","2MM05921","55"
"2025-11-08 21:00:00",-0.921364756289429,"2025-11-08","21:00","2MM05921","55"
"2025-11-09 13:00:00",-0.859852469124103,"2025-11-09","13:00","2MM05921","55"
"2025-11-09 14:00:00",-0.880587014881633,"2025-11-09","14:00","2MM05921","55"
"2025-11-09 15:00:00",-0.681578269246552,"2025-11-09","15:00","2MM05921","55"
"2025-11-09 16:00:00",-0.893030358068675,"2025-11-09","16:00","2MM05921","55"
"2025-11-09 17:00:00",-0.751533201173748,"2025-11-09","17:00","2MM05921","55"
"2025-11-09 18:00:00",-0.918666399393651,"2025-11-09","18:00","2MM05921","55"
"2025-11-09 19:00:00",-0.671994343651937,"2025-11-09","19:00","2MM05921","55"
"2025-11-09 20:00:00",-0.898649272945293,"2025-11-09","20:00","2MM05921","55"
"2025-11-09 21:00:00",-0.710092295753293,"2025-11-09","21:00","2MM05921","55"
"2025-11-10 13:00:00",-0.377867816842335,"2025-11-10","13:00","2MM05921","55"
"2025-11-10 14:00:00",-0.574330299404097,"2025-11-10","14:00","2MM05921","55"
"2025-11-10 15:00:00",-0.741779707105829,"2025-11-10","15:00","2MM05921","55"
"2025-11-10 16:00:00",-0.347961760228938,"2025-11-10","16:00","2MM05921","55"
"2025-11-10 17:00:00",-0.829487776021446,"2025-11-10","17:00","2MM05921","55"
"2025-11-10 18:00:00",-0.900580815890105,"2025-11-10","18:00","2MM05921","55"
"2025-11-10 19:00:00",-0.897266964567657,"2025-11-10","19:00","2MM05921","55"
"2025-11-10 20:00:00",-0.895824239070957,"2025-11-10","20:00","2MM05921","55"
"2025-11-10 21:00:00",-0.875652963000891,"2025-11-10","21:00","2MM05921","55"
"2025-11-11 13:00:00",-0.811202515369764,"2025-11-11","13:00","2MM05921","55"
"2025-11-11 14:00:00",-0.776874160997061,"2025-11-11","14:00","2MM05921","55"
"2025-11-11 15:00:00",-0.674870565627368,"2025-11-11","15:00","2MM05921","55"
"2025-11-11 16:00:00",-0.674068883763027,"2025-11-11","16:00","2MM05921","55"
"2025-11-11 17:00:00",-0.703155450967038,"2025-11-11","17:00","2MM05921","55"
"2025-11-11 18:00:00",-0.666247039239263,"2025-11-11","18:00","2MM05921","55"
"2025-11-11 19:00:00",-0.76618150782446,"2025-11-11","19:00","2MM05921","55"
"2025-11-11 20:00:00",-0.551024499092187,"2025-11-11","20:00","2MM05921","55"
"2025-11-11 21:00:00",-0.492228004598874,"2025-11-11","21:00","2MM05921","55"
"2025-11-12 13:00:00",-0.487555021645588,"2025-11-12","13:00","2MM05921","55"
"2025-11-12 14:00:00",-0.603926591218018,"2025-11-12","14:00","2MM05921","55"
"2025-11-12 15:00:00",-0.608049162215922,"2025-11-12","15:00","2MM05921","55"
"2025-11-12 16:00:00",-0.664719851350622,"2025-11-12","16:00","2MM05921","55"
"2025-11-12 17:00:00",-0.367145503848222,"2025-11-12","17:00","2MM05921","55"
"2025-11-12 18:00:00",-0.906939594658851,"2025-11-12","18:00","2MM05921","55"
"2025-11-12 19:00:00",-0.915384640106301,"2025-11-12","19:00","2MM05921","55"
"2025-11-12 20:00:00",-0.916188008176635,"2025-11-12","20:00","2MM05921","55"
"2025-11-12 21:00:00",-0.89052469906682,"2025-11-12","21:00","2MM05921","55"
"2025-11-13 13:00:00",-0.696386178180578,"2025-11-13","13:00","2MM05921","55"
"2025-11-13 14:00:00",-0.809072086444149,"2025-11-13","14:00","2MM05921","55"
"2025-11-13 15:00:00",-0.211512904990579,"2025-11-13","15:00","2MM05921","55"
"2025-11-13 16:00:00",-0.781697045964339,"2025-11-13","16:00","2MM05921","55"
"2025-11-13 17:00:00",-0.583512549948105,"2025-11-13","17:00","2MM05921","55"
"2025-11-13 18:00:00",-0.900063196601466,"2025-11-13","18:00","2MM05921","55"
"2025-11-13 19:00:00",-0.920338402977862,"2025-11-13","19:00","2MM05921","55"
"2025-11-13 20:00:00",-0.0322804628443416,"2025-11-13","20:00","2MM05921","55"
"2025-11-13 21:00:00",0.160777869733024,"2025-11-13","21:00","2MM05921","55"
"2025-11-14 13:00:00",-0.592729762972165,"2025-11-14","13:00","2MM05921","55"
"2025-11-14 14:00:00",-0.371298220666285,"2025-11-14","14:00","2MM05921","55"
"2025-11-14 15:00:00",-0.47280113585855,"2025-11-14","15:00","2MM05921","55"
"2025-11-14 16:00:00",-0.654306316912379,"2025-11-14","16:00","2MM05921","55"
"2025-11-14 17:00:00",-0.624967250740936,"2025-11-14","17:00","2MM05921","55"
"2025-11-14 18:00:00",-0.868996610786648,"2025-11-14","18:00","2MM05921","55"
"2025-11-14 19:00:00",-0.788161097126142,"2025-11-14","19:00","2MM05921","55"
"2025-11-14 20:00:00",-0.875947791635756,"2025-11-14","20:00","2MM05921","55"
"2025-11-14 21:00:00",-0.848360633827242,"2025-11-14","21:00","2MM05921","55"
"2025-11-15 13:00:00",-0.785431556663465,"2025-11-15","13:00","2MM05921","55"
"2025-11-15 14:00:00",-0.78246761365666,"2025-11-15","14:00","2MM05921","55"
"2025-11-15 15:00:00",-0.596391029125551,"2025-11-15","15:00","2MM05921","55"
"2025-11-15 16:00:00",-0.382406304056828,"2025-11-15","16:00","2MM05921","55"
"2025-11-15 17:00:00",-0.874314618685919,"2025-11-15","17:00","2MM05921","55"
"2025-11-15 18:00:00",-0.900338921997286,"2025-11-15","18:00","2MM05921","55"
"2025-11-15 19:00:00",-0.904061649916141,"2025-11-15","19:00","2MM05921","55"
"2025-11-15 20:00:00",-0.888470846749708,"2025-11-15","20:00","2MM05921","55"
"2025-11-15 21:00:00",-0.783741687586628,"2025-11-15","21:00","2MM05921","55"
"2025-11-16 13:00:00",-0.786922630865199,"2025-11-16","13:00","2MM05921","55"
"2025-11-16 14:00:00",-0.924365136806065,"2025-11-16","14:00","2MM05921","55"
"2025-11-16 15:00:00",-0.729379744197871,"2025-11-16","15:00","2MM05921","55"
"2025-11-16 16:00:00",-0.625630119276554,"2025-11-16","16:00","2MM05921","55"
"2025-11-16 17:00:00",-0.451855084809737,"2025-11-16","17:00","2MM05921","55"
"2025-11-16 18:00:00",-0.864694031767195,"2025-11-16","18:00","2MM05921","55"
"2025-11-16 19:00:00",-0.877566684422361,"2025-11-16","19:00","2MM05921","55"
"2025-11-16 20:00:00",-0.906923338254107,"2025-11-16","20:00","2MM05921","55"
"2025-11-16 21:00:00",-0.890887546082657,"2025-11-16","21:00","2MM05921","55"
"2025-11-17 13:00:00",-0.747552007873762,"2025-11-17","13:00","2MM05921","55"
"2025-11-17 14:00:00",-0.794558431953727,"2025-11-17","14:00","2MM05921","55"
"2025-11-17 15:00:00",-0.677943163960058,"2025-11-17","15:00","2MM05921","55"
"2025-11-17 16:00:00",-0.739742061691637,"2025-11-17","16:00","2MM05921","55"
"2025-11-17 17:00:00",-0.830321011862617,"2025-11-17","17:00","2MM05921","55"
"2025-11-17 18:00:00",-0.900469154368852,"2025-11-17","18:00","2MM05921","55"
"2025-11-17 19:00:00",-0.926459462799289,"2025-11-17","19:00","2MM05921","55"
"2025-11-17 20:00:00",-0.916503838508751,"2025-11-17","20:00","2MM05921","55"
"2025-11-17 21:00:00",-0.921843913113763,"2025-11-17","21:00","2MM05921","55"
"2025-11-18 13:00:00",-0.895066796103272,"2025-11-18","13:00","2MM05921","55"
"2025-11-18 14:00:00",-0.705003393865719,"2025-11-18","14:00","2MM05921","55"
"2025-11-18 15:00:00",-0.526972771898236,"2025-11-18","15:00","2MM05921","55"
"2025-11-18 16:00:00",-0.789254959184114,"2025-11-18","16:00","2MM05921","55"
"2025-11-18 17:00:00",-0.672643924118929,"2025-11-18","17:00","2MM05921","55"
"2025-11-18 18:00:00",-0.916301673468414,"2025-11-18","18:00","2MM05921","55"
"2025-11-18 19:00:00",-0.916157793768625,"2025-11-18","19:00","2MM05921","55"
"2025-11-18 20:00:00",-0.921931567647237,"2025-11-18","20:00","2MM05921","55"
"2025-11-18 21:00:00",-0.873942269347034,"2025-11-18","21:00","2MM05921","55"
"2025-11-19 13:00:00",-0.578701166027907,"2025-11-19","13:00","2MM05921","55"
"2025-11-19 14:00:00",-0.531584811258277,"2025-11-19","14:00","2MM05921","55"
"2025-11-19 15:00:00",-0.439933301334804,"2025-11-19","15:00","2MM05921","55"
"2025-11-19 16:00:00",-0.284349714263674,"2025-11-19","16:00","2MM05921","55"
"2025-11-19 17:00:00",-0.720556102991215,"2025-11-19","17:00","2MM05921","55"
"2025-11-19 18:00:00",-0.689739039460536,"2025-11-19","18:00","2MM05921","55"
"2025-11-19 19:00:00",-0.898535895362568,"2025-11-19","19:00","2MM05921","55"
"2025-11-19 20:00:00",-0.801664765246744,"2025-11-19","20:00","2MM05921","55"
"2025-11-19 21:00:00",-0.864783194916932,"2025-11-19","21:00","2MM05921","55"
"2025-11-20 13:00:00",-0.560373357085238,"2025-11-20","13:00","2MM05921","55"
"2025-11-20 14:00:00",-0.784617968756429,"2025-11-20","14:00","2MM05921","55"
"2025-11-20 15:00:00",-0.846053095879816,"2025-11-20","15:00","2MM05921","55"
"2025-11-20 16:00:00",-0.408336443872153,"2025-11-20","16:00","2MM05921","55"
"2025-11-20 17:00:00",-0.80483352209981,"2025-11-20","17:00","2MM05921","55"
"2025-11-20 18:00:00",-0.921929259856214,"2025-11-20","18:00","2MM05921","55"
"2025-11-20 19:00:00",-0.935635640571975,"2025-11-20","19:00","2MM05921","55"
"2025-11-20 20:00:00",-0.921605029695691,"2025-11-20","20:00","2MM05921","55"
"2025-11-20 21:00:00",-0.904186495326291,"2025-11-20","21:00","2MM05921","55"
"2025-11-21 13:00:00",-0.902295861161131,"2025-11-21","13:00","2MM05921","55"
"2025-11-21 14:00:00",-0.779674941266497,"2025-11-21","14:00","2MM05921","55"
"2025-11-21 15:00:00",-0.896608833672526,"2025-11-21","15:00","2MM05921","55"
"2025-11-21 16:00:00",-0.844519222622128,"2025-11-21","16:00","2MM05921","55"
"2025-11-21 17:00:00",-0.787753655209863,"2025-11-21","17:00","2MM05921","55"
"2025-11-21 18:00:00",-0.925758336729009,"2025-11-21","18:00","2MM05921","55"
"2025-11-21 19:00:00",-0.927415211523099,"2025-11-21","19:00","2MM05921","55"
"2025-11-21 20:00:00",-0.871388381494563,"2025-11-21","20:00","2MM05921","55"
"2025-11-21 21:00:00",-0.918166040899284,"2025-11-21","21:00","2MM05921","55"
"2025-11-22 13:00:00",-0.82683081889035,"2025-11-22","13:00","2MM05921","55"
"2025-11-22 14:00:00",-0.733642341465945,"2025-11-22","14:00","2MM05921","55"
"2025-11-22 15:00:00",-0.853382326164472,"2025-11-22","15:00","2MM05921","55"
"2025-11-22 16:00:00",-0.151008656373995,"2025-11-22","16:00","2MM05921","55"
"2025-11-22 17:00:00",-0.150903989031861,"2025-11-22","17:00","2MM05921","55"
"2025-11-22 18:00:00",-0.740490448977643,"2025-11-22","18:00","2MM05921","55"
"2025-11-22 19:00:00",-0.873093086304418,"2025-11-22","19:00","2MM05921","55"
"2025-11-22 20:00:00",-0.871474845334733,"2025-11-22","20:00","2MM05921","55"
"2025-11-22 21:00:00",-0.864250668749386,"2025-11-22","21:00","2MM05921","55"
"2025-11-23 13:00:00",-0.674844749018176,"2025-11-23","13:00","2MM05921","55"
"2025-11-23 14:00:00",-0.750273962124238,"2025-11-23","14:00","2MM05921","55"
"2025-11-23 15:00:00",-0.492851453636191,"2025-11-23","15:00","2MM05921","55"
"2025-11-23 16:00:00",-0.616803125167366,"2025-11-23","16:00","2MM05921","55"
"2025-11-23 17:00:00",-0.832560806358024,"2025-11-23","17:00","2MM05921","55"
"2025-11-23 18:00:00",-0.866918883653716,"2025-11-23","18:00","2MM05921","55"
"2025-11-23 19:00:00",-0.889749402980625,"2025-11-23","19:00","2MM05921","55"
"2025-11-23 20:00:00",-0.846850739912044,"2025-11-23","20:00","2MM05921","55"
"2025-11-23 21:00:00",NA,"2025-11-23","21:00","2MM05921","55"
"2025-10-07",-0.77421320071921,"2025-10-07","00:00","2MM05938","NHM3"
"2025-10-07 11:00:00",-0.562689018975695,"2025-10-07","11:00","2MM05938","NHM3"
"2025-10-07 22:00:00",-0.734455543988268,"2025-10-07","22:00","2MM05938","NHM3"
"2025-10-08 00:55:00",-0.744734615818057,"2025-10-08","00:55","2MM05938","NHM3"
"2025-10-08 11:55:00",-0.677098616073466,"2025-10-08","11:55","2MM05938","NHM3"
"2025-10-08 22:55:00",-0.742906713667763,"2025-10-08","22:55","2MM05938","NHM3"
"2025-10-09 10:05:00",-0.655601327136315,"2025-10-09","10:05","2MM05938","NHM3"
"2025-10-09 21:05:00",-0.736204315810025,"2025-10-09","21:05","2MM05938","NHM3"
"2025-10-10",-0.728186065790869,"2025-10-10","00:00","2MM05938","NHM3"
"2025-10-10 11:00:00",-0.622449325026784,"2025-10-10","11:00","2MM05938","NHM3"
"2025-10-10 22:00:00",-0.700371717895586,"2025-10-10","22:00","2MM05938","NHM3"
"2025-10-11 00:55:00",-0.711890635101103,"2025-10-11","00:55","2MM05938","NHM3"
"2025-10-11 11:55:00",-0.735106375450842,"2025-10-11","11:55","2MM05938","NHM3"
"2025-10-11 22:55:00",-0.777849952208123,"2025-10-11","22:55","2MM05938","NHM3"
"2025-10-12 10:05:00",-0.573845838393818,"2025-10-12","10:05","2MM05938","NHM3"
"2025-10-12 21:05:00",-0.730694783581211,"2025-10-12","21:05","2MM05938","NHM3"
"2025-10-13",-0.724157674851979,"2025-10-13","00:00","2MM05938","NHM3"
"2025-10-13 11:00:00",-0.698426835926341,"2025-10-13","11:00","2MM05938","NHM3"
"2025-10-13 22:00:00",-0.756543189953621,"2025-10-13","22:00","2MM05938","NHM3"
"2025-10-14 00:55:00",-0.54855515951958,"2025-10-14","00:55","2MM05938","NHM3"
"2025-10-14 11:55:00",-0.631150899042346,"2025-10-14","11:55","2MM05938","NHM3"
"2025-10-14 22:55:00",-0.676841944785679,"2025-10-14","22:55","2MM05938","NHM3"
"2025-10-15 10:05:00",-0.678869327405447,"2025-10-15","10:05","2MM05938","NHM3"
"2025-10-15 21:05:00",-0.673174389623253,"2025-10-15","21:05","2MM05938","NHM3"
"2025-10-16",-0.690041016338711,"2025-10-16","00:00","2MM05938","NHM3"
"2025-10-16 11:00:00",-0.574569699991385,"2025-10-16","11:00","2MM05938","NHM3"
"2025-10-16 22:00:00",-0.732870204330859,"2025-10-16","22:00","2MM05938","NHM3"
"2025-10-17 00:55:00",-0.723636247840856,"2025-10-17","00:55","2MM05938","NHM3"
"2025-10-17 11:55:00",NA,"2025-10-17","11:55","2MM05938","NHM3"
"2025-10-09",-0.695585247082414,"2025-10-09","00:00","2MM06276","68"
"2025-10-09 01:00:00",-0.280946720356979,"2025-10-09","01:00","2MM06276","68"
"2025-10-09 02:00:00",0.11408567210631,"2025-10-09","02:00","2MM06276","68"
"2025-10-09 03:00:00",-0.623535402977273,"2025-10-09","03:00","2MM06276","68"
"2025-10-09 04:00:00",-0.626980239774589,"2025-10-09","04:00","2MM06276","68"
"2025-10-09 05:00:00",-0.592719815917688,"2025-10-09","05:00","2MM06276","68"
"2025-10-09 06:00:00",-0.870720112847134,"2025-10-09","06:00","2MM06276","68"
"2025-10-09 07:00:00",-0.587187251393357,"2025-10-09","07:00","2MM06276","68"
"2025-10-09 08:00:00",-0.918310551314552,"2025-10-09","08:00","2MM06276","68"
"2025-10-09 09:00:00",-0.432376155462205,"2025-10-09","09:00","2MM06276","68"
"2025-10-09 10:00:00",-0.566666440157136,"2025-10-09","10:00","2MM06276","68"
"2025-10-09 11:00:00",-0.426541632055987,"2025-10-09","11:00","2MM06276","68"
"2025-10-09 12:00:00",-0.767396480405911,"2025-10-09","12:00","2MM06276","68"
"2025-10-09 13:00:00",-0.771624712622209,"2025-10-09","13:00","2MM06276","68"
"2025-10-09 14:00:00",-0.747414994080356,"2025-10-09","14:00","2MM06276","68"
"2025-10-09 15:00:00",-0.853556551088715,"2025-10-09","15:00","2MM06276","68"
"2025-10-09 16:00:00",-0.777533992479849,"2025-10-09","16:00","2MM06276","68"
"2025-10-09 17:00:00",-0.82015474473342,"2025-10-09","17:00","2MM06276","68"
"2025-10-09 18:00:00",-0.627193052680448,"2025-10-09","18:00","2MM06276","68"
"2025-10-09 19:00:00",-0.884191623408716,"2025-10-09","19:00","2MM06276","68"
"2025-10-09 20:00:00",-0.895295501162381,"2025-10-09","20:00","2MM06276","68"
"2025-10-09 21:00:00",-0.899436681304029,"2025-10-09","21:00","2MM06276","68"
"2025-10-09 22:00:00",-0.784644377234207,"2025-10-09","22:00","2MM06276","68"
"2025-10-09 23:00:00",-0.730655156617805,"2025-10-09","23:00","2MM06276","68"
"2025-10-10",-0.496221765598364,"2025-10-10","00:00","2MM06276","68"
"2025-10-10 01:00:00",-0.657540109615243,"2025-10-10","01:00","2MM06276","68"
"2025-10-10 02:00:00",-0.0299998712715425,"2025-10-10","02:00","2MM06276","68"
"2025-10-10 03:00:00",0.297846820774689,"2025-10-10","03:00","2MM06276","68"
"2025-10-10 04:00:00",-0.646827368968162,"2025-10-10","04:00","2MM06276","68"
"2025-10-10 05:00:00",-0.453120170330124,"2025-10-10","05:00","2MM06276","68"
"2025-10-10 06:00:00",-0.461258890562211,"2025-10-10","06:00","2MM06276","68"
"2025-10-10 07:00:00",-0.744688200823777,"2025-10-10","07:00","2MM06276","68"
"2025-10-10 08:00:00",-0.641230720484571,"2025-10-10","08:00","2MM06276","68"
"2025-10-10 09:00:00",-0.446788481512555,"2025-10-10","09:00","2MM06276","68"
"2025-10-10 10:00:00",-0.765205202875836,"2025-10-10","10:00","2MM06276","68"
"2025-10-10 11:00:00",0.00145186219244379,"2025-10-10","11:00","2MM06276","68"
"2025-10-10 12:00:00",-0.729237978473468,"2025-10-10","12:00","2MM06276","68"
"2025-10-10 13:00:00",-0.80876696135585,"2025-10-10","13:00","2MM06276","68"
"2025-10-10 14:00:00",-0.628711880381177,"2025-10-10","14:00","2MM06276","68"
"2025-10-10 15:00:00",-0.418519764534696,"2025-10-10","15:00","2MM06276","68"
"2025-10-10 16:00:00",-0.664705503831917,"2025-10-10","16:00","2MM06276","68"
"2025-10-10 17:00:00",-0.291259911154415,"2025-10-10","17:00","2MM06276","68"
"2025-10-10 18:00:00",-0.784867626828994,"2025-10-10","18:00","2MM06276","68"
"2025-10-10 19:00:00",-0.907400879542383,"2025-10-10","19:00","2MM06276","68"
"2025-10-10 20:00:00",-0.814309238201562,"2025-10-10","20:00","2MM06276","68"
"2025-10-10 21:00:00",-0.822466569202831,"2025-10-10","21:00","2MM06276","68"
"2025-10-10 22:00:00",-0.734032933378465,"2025-10-10","22:00","2MM06276","68"
"2025-10-10 23:00:00",-0.714550264636115,"2025-10-10","23:00","2MM06276","68"
"2025-10-11",-0.79912717814092,"2025-10-11","00:00","2MM06276","68"
"2025-10-11 01:00:00",-0.76379863696423,"2025-10-11","01:00","2MM06276","68"
"2025-10-11 02:00:00",-0.0533908563130702,"2025-10-11","02:00","2MM06276","68"
"2025-10-11 03:00:00",-0.629238968113829,"2025-10-11","03:00","2MM06276","68"
"2025-10-11 04:00:00",-0.30611089322034,"2025-10-11","04:00","2MM06276","68"
"2025-10-11 05:00:00",-0.67422385956586,"2025-10-11","05:00","2MM06276","68"
"2025-10-11 06:00:00",-0.821316761796047,"2025-10-11","06:00","2MM06276","68"
"2025-10-11 07:00:00",-0.355459786781546,"2025-10-11","07:00","2MM06276","68"
"2025-10-11 08:00:00",-0.783473506515643,"2025-10-11","08:00","2MM06276","68"
"2025-10-11 09:00:00",-0.756012642755137,"2025-10-11","09:00","2MM06276","68"
"2025-10-11 10:00:00",-0.425579362311674,"2025-10-11","10:00","2MM06276","68"
"2025-10-11 11:00:00",-0.805255019454705,"2025-10-11","11:00","2MM06276","68"
"2025-10-11 12:00:00",-0.584248423365888,"2025-10-11","12:00","2MM06276","68"
"2025-10-11 13:00:00",-0.771694427253665,"2025-10-11","13:00","2MM06276","68"
"2025-10-11 14:00:00",-0.557461254615887,"2025-10-11","14:00","2MM06276","68"
"2025-10-11 15:00:00",-0.638832203443749,"2025-10-11","15:00","2MM06276","68"
"2025-10-11 16:00:00",-0.644742491251419,"2025-10-11","16:00","2MM06276","68"
"2025-10-11 17:00:00",-0.550138462555436,"2025-10-11","17:00","2MM06276","68"
"2025-10-11 18:00:00",-0.780048122539189,"2025-10-11","18:00","2MM06276","68"
"2025-10-11 19:00:00",-0.877122733163246,"2025-10-11","19:00","2MM06276","68"
"2025-10-11 20:00:00",-0.905486774352718,"2025-10-11","20:00","2MM06276","68"
"2025-10-11 21:00:00",-0.872233898714683,"2025-10-11","21:00","2MM06276","68"
"2025-10-11 22:00:00",-0.911851123256671,"2025-10-11","22:00","2MM06276","68"
"2025-10-11 23:00:00",-0.854829638051396,"2025-10-11","23:00","2MM06276","68"
"2025-10-12",-0.853837615228012,"2025-10-12","00:00","2MM06276","68"
"2025-10-12 01:00:00",-0.763286696623203,"2025-10-12","01:00","2MM06276","68"
"2025-10-12 02:00:00",-0.661857835846027,"2025-10-12","02:00","2MM06276","68"
"2025-10-12 03:00:00",-0.352961191967594,"2025-10-12","03:00","2MM06276","68"
"2025-10-12 04:00:00",-0.671697069835237,"2025-10-12","04:00","2MM06276","68"
"2025-10-12 05:00:00",-0.479836701019955,"2025-10-12","05:00","2MM06276","68"
"2025-10-12 06:00:00",-0.561575868672832,"2025-10-12","06:00","2MM06276","68"
"2025-10-12 07:00:00",-0.398841435978627,"2025-10-12","07:00","2MM06276","68"
"2025-10-12 08:00:00",-0.483678133016222,"2025-10-12","08:00","2MM06276","68"
"2025-10-12 09:00:00",-0.690031549147468,"2025-10-12","09:00","2MM06276","68"
"2025-10-12 10:00:00",-0.643431249974981,"2025-10-12","10:00","2MM06276","68"
"2025-10-12 11:00:00",-0.796380701709942,"2025-10-12","11:00","2MM06276","68"
"2025-10-12 12:00:00",-0.0921523078483988,"2025-10-12","12:00","2MM06276","68"
"2025-10-12 13:00:00",-0.289546722013739,"2025-10-12","13:00","2MM06276","68"
"2025-10-12 14:00:00",-0.85918920108963,"2025-10-12","14:00","2MM06276","68"
"2025-10-12 15:00:00",-0.674903909622612,"2025-10-12","15:00","2MM06276","68"
"2025-10-12 16:00:00",-0.718191019088253,"2025-10-12","16:00","2MM06276","68"
"2025-10-12 17:00:00",-0.730556217409035,"2025-10-12","17:00","2MM06276","68"
"2025-10-12 18:00:00",-0.417052932267545,"2025-10-12","18:00","2MM06276","68"
"2025-10-12 19:00:00",-0.876907551099608,"2025-10-12","19:00","2MM06276","68"
"2025-10-12 20:00:00",-0.890118887139676,"2025-10-12","20:00","2MM06276","68"
"2025-10-12 21:00:00",-0.769969956177258,"2025-10-12","21:00","2MM06276","68"
"2025-10-12 22:00:00",-0.894521427167371,"2025-10-12","22:00","2MM06276","68"
"2025-10-12 23:00:00",-0.8447776231774,"2025-10-12","23:00","2MM06276","68"
"2025-10-13",-0.226038069214688,"2025-10-13","00:00","2MM06276","68"
"2025-10-13 01:00:00",0.200761487583949,"2025-10-13","01:00","2MM06276","68"
"2025-10-13 02:00:00",-0.01806972010392,"2025-10-13","02:00","2MM06276","68"
"2025-10-13 03:00:00",-0.637638798550674,"2025-10-13","03:00","2MM06276","68"
"2025-10-13 04:00:00",-0.41578928927382,"2025-10-13","04:00","2MM06276","68"
"2025-10-13 05:00:00",-0.0438877522291547,"2025-10-13","05:00","2MM06276","68"
"2025-10-13 06:00:00",-0.572155677263623,"2025-10-13","06:00","2MM06276","68"
"2025-10-13 07:00:00",-0.747612119121208,"2025-10-13","07:00","2MM06276","68"
"2025-10-13 08:00:00",-0.849597589762888,"2025-10-13","08:00","2MM06276","68"
"2025-10-13 09:00:00",-0.415137952998665,"2025-10-13","09:00","2MM06276","68"
"2025-10-13 10:00:00",-0.783793776343493,"2025-10-13","10:00","2MM06276","68"
"2025-10-13 11:00:00",-0.838433767989415,"2025-10-13","11:00","2MM06276","68"
"2025-10-13 12:00:00",-0.803104958850445,"2025-10-13","12:00","2MM06276","68"
"2025-10-13 13:00:00",-0.874459450519991,"2025-10-13","13:00","2MM06276","68"
"2025-10-13 14:00:00",-0.630048010539832,"2025-10-13","14:00","2MM06276","68"
"2025-10-13 15:00:00",-0.747843049260975,"2025-10-13","15:00","2MM06276","68"
"2025-10-13 16:00:00",-0.870412085038776,"2025-10-13","16:00","2MM06276","68"
"2025-10-13 17:00:00",-0.834273948854194,"2025-10-13","17:00","2MM06276","68"
"2025-10-13 18:00:00",-0.656743451846707,"2025-10-13","18:00","2MM06276","68"
"2025-10-13 19:00:00",-0.869949633900537,"2025-10-13","19:00","2MM06276","68"
"2025-10-13 20:00:00",-0.785016035652944,"2025-10-13","20:00","2MM06276","68"
"2025-10-13 21:00:00",-0.659580309717787,"2025-10-13","21:00","2MM06276","68"
"2025-10-13 22:00:00",-0.819350041313425,"2025-10-13","22:00","2MM06276","68"
"2025-10-13 23:00:00",-0.780707031274224,"2025-10-13","23:00","2MM06276","68"
"2025-10-14",-0.434804801837379,"2025-10-14","00:00","2MM06276","68"
"2025-10-14 01:00:00",0.00880837918525971,"2025-10-14","01:00","2MM06276","68"
"2025-10-14 02:00:00",0.235832073873119,"2025-10-14","02:00","2MM06276","68"
"2025-10-14 03:00:00",0.0214433686652531,"2025-10-14","03:00","2MM06276","68"
"2025-10-14 04:00:00",-0.384735285803675,"2025-10-14","04:00","2MM06276","68"
"2025-10-14 05:00:00",0.0127207462958062,"2025-10-14","05:00","2MM06276","68"
"2025-10-14 06:00:00",-0.851272476674857,"2025-10-14","06:00","2MM06276","68"
"2025-10-14 07:00:00",-0.643510968630217,"2025-10-14","07:00","2MM06276","68"
"2025-10-14 08:00:00",-0.842599735696797,"2025-10-14","08:00","2MM06276","68"
"2025-10-14 09:00:00",-0.776882271312041,"2025-10-14","09:00","2MM06276","68"
"2025-10-14 10:00:00",-0.776892078221555,"2025-10-14","10:00","2MM06276","68"
"2025-10-14 11:00:00",-0.665718008394443,"2025-10-14","11:00","2MM06276","68"
"2025-10-14 12:00:00",-0.748577791192699,"2025-10-14","12:00","2MM06276","68"
"2025-10-14 13:00:00",-0.730789009696757,"2025-10-14","13:00","2MM06276","68"
"2025-10-14 14:00:00",-0.6778727215517,"2025-10-14","14:00","2MM06276","68"
"2025-10-14 15:00:00",-0.781250601232698,"2025-10-14","15:00","2MM06276","68"
"2025-10-14 16:00:00",-0.795727746128301,"2025-10-14","16:00","2MM06276","68"
"2025-10-14 17:00:00",-0.851688777150008,"2025-10-14","17:00","2MM06276","68"
"2025-10-14 18:00:00",-0.650257988348418,"2025-10-14","18:00","2MM06276","68"
"2025-10-14 19:00:00",-0.81236208080695,"2025-10-14","19:00","2MM06276","68"
"2025-10-14 20:00:00",-0.793846894595623,"2025-10-14","20:00","2MM06276","68"
"2025-10-14 21:00:00",-0.641408529558626,"2025-10-14","21:00","2MM06276","68"
"2025-10-14 22:00:00",-0.15025583239453,"2025-10-14","22:00","2MM06276","68"
"2025-10-14 23:00:00",-0.143103330897071,"2025-10-14","23:00","2MM06276","68"
"2025-10-15",-0.549750753348665,"2025-10-15","00:00","2MM06276","68"
"2025-10-15 01:00:00",-0.18362549138851,"2025-10-15","01:00","2MM06276","68"
"2025-10-15 02:00:00",-0.00334273865267167,"2025-10-15","02:00","2MM06276","68"
"2025-10-15 03:00:00",0.0693219767037696,"2025-10-15","03:00","2MM06276","68"
"2025-10-15 04:00:00",-0.399033525360686,"2025-10-15","04:00","2MM06276","68"
"2025-10-15 05:00:00",-0.618480740398861,"2025-10-15","05:00","2MM06276","68"
"2025-10-15 06:00:00",-0.815614200570705,"2025-10-15","06:00","2MM06276","68"
"2025-10-15 07:00:00",-0.752854724480735,"2025-10-15","07:00","2MM06276","68"
"2025-10-15 08:00:00",-0.687858084665323,"2025-10-15","08:00","2MM06276","68"
"2025-10-15 09:00:00",-0.575417671009189,"2025-10-15","09:00","2MM06276","68"
"2025-10-15 10:00:00",-0.68097662985758,"2025-10-15","10:00","2MM06276","68"
"2025-10-15 11:00:00",-0.714938210975972,"2025-10-15","11:00","2MM06276","68"
"2025-10-15 12:00:00",-0.436552442088759,"2025-10-15","12:00","2MM06276","68"
"2025-10-15 13:00:00",-0.77536102438292,"2025-10-15","13:00","2MM06276","68"
"2025-10-15 14:00:00",-0.839120323596084,"2025-10-15","14:00","2MM06276","68"
"2025-10-15 15:00:00",-0.641580543960548,"2025-10-15","15:00","2MM06276","68"
"2025-10-15 16:00:00",-0.679731703912669,"2025-10-15","16:00","2MM06276","68"
"2025-10-15 17:00:00",-0.814421989131451,"2025-10-15","17:00","2MM06276","68"
"2025-10-15 18:00:00",-0.592549564435518,"2025-10-15","18:00","2MM06276","68"
"2025-10-15 19:00:00",-0.88949710595832,"2025-10-15","19:00","2MM06276","68"
"2025-10-15 20:00:00",-0.889905414401922,"2025-10-15","20:00","2MM06276","68"
"2025-10-15 21:00:00",-0.795389563034461,"2025-10-15","21:00","2MM06276","68"
"2025-10-15 22:00:00",-0.849242116919739,"2025-10-15","22:00","2MM06276","68"
"2025-10-15 23:00:00",-0.48206578659078,"2025-10-15","23:00","2MM06276","68"
"2025-10-16",-0.354581631625865,"2025-10-16","00:00","2MM06276","68"
"2025-10-16 01:00:00",-0.377158470180896,"2025-10-16","01:00","2MM06276","68"
"2025-10-16 02:00:00",0.206296359275066,"2025-10-16","02:00","2MM06276","68"
"2025-10-16 03:00:00",-0.129465316810999,"2025-10-16","03:00","2MM06276","68"
"2025-10-16 04:00:00",-0.710575446017933,"2025-10-16","04:00","2MM06276","68"
"2025-10-16 05:00:00",-0.812391756501313,"2025-10-16","05:00","2MM06276","68"
"2025-10-16 06:00:00",-0.627606542497424,"2025-10-16","06:00","2MM06276","68"
"2025-10-16 07:00:00",-0.704219084194708,"2025-10-16","07:00","2MM06276","68"
"2025-10-16 08:00:00",-0.699814541942818,"2025-10-16","08:00","2MM06276","68"
"2025-10-16 09:00:00",-0.583060805159644,"2025-10-16","09:00","2MM06276","68"
"2025-10-16 10:00:00",-0.613013094076398,"2025-10-16","10:00","2MM06276","68"
"2025-10-16 11:00:00",-0.731577587982434,"2025-10-16","11:00","2MM06276","68"
"2025-10-16 12:00:00",-0.770888494364225,"2025-10-16","12:00","2MM06276","68"
"2025-10-16 13:00:00",-0.865202934388091,"2025-10-16","13:00","2MM06276","68"
"2025-10-16 14:00:00",-0.58114043657243,"2025-10-16","14:00","2MM06276","68"
"2025-10-16 15:00:00",-0.828262781418032,"2025-10-16","15:00","2MM06276","68"
"2025-10-16 16:00:00",-0.884678026752054,"2025-10-16","16:00","2MM06276","68"
"2025-10-16 17:00:00",-0.803511380376855,"2025-10-16","17:00","2MM06276","68"
"2025-10-16 18:00:00",-0.743184311539245,"2025-10-16","18:00","2MM06276","68"
"2025-10-16 19:00:00",-0.784950169505328,"2025-10-16","19:00","2MM06276","68"
"2025-10-16 20:00:00",-0.861727010112837,"2025-10-16","20:00","2MM06276","68"
"2025-10-16 21:00:00",-0.877469702603997,"2025-10-16","21:00","2MM06276","68"
"2025-10-16 22:00:00",-0.861656782999334,"2025-10-16","22:00","2MM06276","68"
"2025-10-16 23:00:00",-0.706884296487313,"2025-10-16","23:00","2MM06276","68"
"2025-10-17",-0.222775782144733,"2025-10-17","00:00","2MM06276","68"
"2025-10-17 01:00:00",-0.0400701840726814,"2025-10-17","01:00","2MM06276","68"
"2025-10-17 02:00:00",-0.325305031225961,"2025-10-17","02:00","2MM06276","68"
"2025-10-17 03:00:00",0.331341357141656,"2025-10-17","03:00","2MM06276","68"
"2025-10-17 04:00:00",-0.413894543393036,"2025-10-17","04:00","2MM06276","68"
"2025-10-17 05:00:00",-0.252826342112301,"2025-10-17","05:00","2MM06276","68"
"2025-10-17 06:00:00",-0.892047438985582,"2025-10-17","06:00","2MM06276","68"
"2025-10-17 07:00:00",-0.571302696430926,"2025-10-17","07:00","2MM06276","68"
"2025-10-17 08:00:00",-0.702702586900854,"2025-10-17","08:00","2MM06276","68"
"2025-10-17 09:00:00",-0.906724674535119,"2025-10-17","09:00","2MM06276","68"
"2025-10-17 10:00:00",-0.729247622171819,"2025-10-17","10:00","2MM06276","68"
"2025-10-17 11:00:00",-0.669468736249366,"2025-10-17","11:00","2MM06276","68"
"2025-10-17 12:00:00",-0.837483280767101,"2025-10-17","12:00","2MM06276","68"
"2025-10-17 13:00:00",-0.870582971755795,"2025-10-17","13:00","2MM06276","68"
"2025-10-17 14:00:00",-0.613472963876735,"2025-10-17","14:00","2MM06276","68"
"2025-10-17 15:00:00",-0.820188480836075,"2025-10-17","15:00","2MM06276","68"
"2025-10-17 16:00:00",-0.777332647175329,"2025-10-17","16:00","2MM06276","68"
"2025-10-17 17:00:00",-0.835569077659645,"2025-10-17","17:00","2MM06276","68"
"2025-10-17 18:00:00",-0.754044717983119,"2025-10-17","18:00","2MM06276","68"
"2025-10-17 19:00:00",-0.891076452866846,"2025-10-17","19:00","2MM06276","68"
"2025-10-17 20:00:00",-0.862049950998875,"2025-10-17","20:00","2MM06276","68"
"2025-10-17 21:00:00",-0.840384509869064,"2025-10-17","21:00","2MM06276","68"
"2025-10-17 22:00:00",-0.794307901178903,"2025-10-17","22:00","2MM06276","68"
"2025-10-17 23:00:00",-0.646090149068435,"2025-10-17","23:00","2MM06276","68"
"2025-10-18",-0.734545942445347,"2025-10-18","00:00","2MM06276","68"
"2025-10-18 01:00:00",-0.709530222056913,"2025-10-18","01:00","2MM06276","68"
"2025-10-18 02:00:00",0.136912108683263,"2025-10-18","02:00","2MM06276","68"
"2025-10-18 03:00:00",-0.278038805633707,"2025-10-18","03:00","2MM06276","68"
"2025-10-18 04:00:00",-0.34546046565133,"2025-10-18","04:00","2MM06276","68"
"2025-10-18 05:00:00",-0.439707818309766,"2025-10-18","05:00","2MM06276","68"
"2025-10-18 06:00:00",-0.825118678495309,"2025-10-18","06:00","2MM06276","68"
"2025-10-18 07:00:00",-0.622747638532765,"2025-10-18","07:00","2MM06276","68"
"2025-10-18 08:00:00",-0.807930800066012,"2025-10-18","08:00","2MM06276","68"
"2025-10-18 09:00:00",-0.830448865076649,"2025-10-18","09:00","2MM06276","68"
"2025-10-18 10:00:00",-0.892341026285541,"2025-10-18","10:00","2MM06276","68"
"2025-10-18 11:00:00",-0.701192215207121,"2025-10-18","11:00","2MM06276","68"
"2025-10-18 12:00:00",-0.714565095417826,"2025-10-18","12:00","2MM06276","68"
"2025-10-18 13:00:00",-0.901014326435714,"2025-10-18","13:00","2MM06276","68"
"2025-10-18 14:00:00",-0.817560616288784,"2025-10-18","14:00","2MM06276","68"
"2025-10-18 15:00:00",-0.513149900673763,"2025-10-18","15:00","2MM06276","68"
"2025-10-18 16:00:00",-0.850200658263974,"2025-10-18","16:00","2MM06276","68"
"2025-10-18 17:00:00",-0.805160805296193,"2025-10-18","17:00","2MM06276","68"
"2025-10-18 18:00:00",-0.286998318648137,"2025-10-18","18:00","2MM06276","68"
"2025-10-18 19:00:00",-0.892503033427757,"2025-10-18","19:00","2MM06276","68"
"2025-10-18 20:00:00",-0.901979454427335,"2025-10-18","20:00","2MM06276","68"
"2025-10-18 21:00:00",-0.81340188299851,"2025-10-18","21:00","2MM06276","68"
"2025-10-18 22:00:00",-0.879635057398225,"2025-10-18","22:00","2MM06276","68"
"2025-10-18 23:00:00",-0.847013803321996,"2025-10-18","23:00","2MM06276","68"
"2025-10-19",-0.652837253972798,"2025-10-19","00:00","2MM06276","68"
"2025-10-19 01:00:00",-0.159782272829489,"2025-10-19","01:00","2MM06276","68"
"2025-10-19 02:00:00",-0.607384264439611,"2025-10-19","02:00","2MM06276","68"
"2025-10-19 03:00:00",-0.533373340373573,"2025-10-19","03:00","2MM06276","68"
"2025-10-19 04:00:00",-0.6964515084306,"2025-10-19","04:00","2MM06276","68"
"2025-10-19 05:00:00",-0.585222907635026,"2025-10-19","05:00","2MM06276","68"
"2025-10-19 06:00:00",-0.524263453505021,"2025-10-19","06:00","2MM06276","68"
"2025-10-19 07:00:00",-0.433341369542117,"2025-10-19","07:00","2MM06276","68"
"2025-10-19 08:00:00",-0.636876942027613,"2025-10-19","08:00","2MM06276","68"
"2025-10-19 09:00:00",-0.857135029023671,"2025-10-19","09:00","2MM06276","68"
"2025-10-19 10:00:00",-0.843352215474805,"2025-10-19","10:00","2MM06276","68"
"2025-10-19 11:00:00",-0.838699851133366,"2025-10-19","11:00","2MM06276","68"
"2025-10-19 12:00:00",-0.675630509814545,"2025-10-19","12:00","2MM06276","68"
"2025-10-19 13:00:00",-0.212254266686716,"2025-10-19","13:00","2MM06276","68"
"2025-10-19 14:00:00",-0.012351265644263,"2025-10-19","14:00","2MM06276","68"
"2025-10-19 15:00:00",-0.513639243671305,"2025-10-19","15:00","2MM06276","68"
"2025-10-19 16:00:00",-0.282746385697371,"2025-10-19","16:00","2MM06276","68"
"2025-10-19 17:00:00",-0.384205229240951,"2025-10-19","17:00","2MM06276","68"
"2025-10-19 18:00:00",-0.388390642738202,"2025-10-19","18:00","2MM06276","68"
"2025-10-19 19:00:00",0.236141057411754,"2025-10-19","19:00","2MM06276","68"
"2025-10-19 20:00:00",-0.298159458664206,"2025-10-19","20:00","2MM06276","68"
"2025-10-19 21:00:00",-0.328036550359124,"2025-10-19","21:00","2MM06276","68"
"2025-10-19 22:00:00",0.0666990724964314,"2025-10-19","22:00","2MM06276","68"
"2025-10-19 23:00:00",-0.33521155561353,"2025-10-19","23:00","2MM06276","68"
"2025-10-20",-0.331079069174433,"2025-10-20","00:00","2MM06276","68"
"2025-10-20 01:00:00",-0.381900524257893,"2025-10-20","01:00","2MM06276","68"
"2025-10-20 02:00:00",0.0408099654084706,"2025-10-20","02:00","2MM06276","68"
"2025-10-20 03:00:00",0.206002561604881,"2025-10-20","03:00","2MM06276","68"
"2025-10-20 04:00:00",-0.635999662488553,"2025-10-20","04:00","2MM06276","68"
"2025-10-20 05:00:00",0.0987640847884791,"2025-10-20","05:00","2MM06276","68"
"2025-10-20 06:00:00",-0.570495615482235,"2025-10-20","06:00","2MM06276","68"
"2025-10-20 07:00:00",-0.0755151502332613,"2025-10-20","07:00","2MM06276","68"
"2025-10-20 08:00:00",-0.65549340680887,"2025-10-20","08:00","2MM06276","68"
"2025-10-20 09:00:00",-0.0239172001512925,"2025-10-20","09:00","2MM06276","68"
"2025-10-20 10:00:00",-0.216932827008072,"2025-10-20","10:00","2MM06276","68"
"2025-10-20 11:00:00",-0.447899613494602,"2025-10-20","11:00","2MM06276","68"
"2025-10-20 12:00:00",0.141176114060498,"2025-10-20","12:00","2MM06276","68"
"2025-10-20 13:00:00",-0.575719860015547,"2025-10-20","13:00","2MM06276","68"
"2025-10-20 14:00:00",-0.270961734348927,"2025-10-20","14:00","2MM06276","68"
"2025-10-20 15:00:00",-0.682538745488987,"2025-10-20","15:00","2MM06276","68"
"2025-10-20 16:00:00",-0.613734501525938,"2025-10-20","16:00","2MM06276","68"
"2025-10-20 17:00:00",-0.899783089067038,"2025-10-20","17:00","2MM06276","68"
"2025-10-20 18:00:00",-0.35472332708001,"2025-10-20","18:00","2MM06276","68"
"2025-10-20 19:00:00",-0.133814865077909,"2025-10-20","19:00","2MM06276","68"
"2025-10-20 20:00:00",-0.502287783479092,"2025-10-20","20:00","2MM06276","68"
"2025-10-20 21:00:00",-0.499354399503751,"2025-10-20","21:00","2MM06276","68"
"2025-10-20 22:00:00",-0.47714020858183,"2025-10-20","22:00","2MM06276","68"
"2025-10-20 23:00:00",-0.569778763029082,"2025-10-20","23:00","2MM06276","68"
"2025-10-21",-0.441454385688117,"2025-10-21","00:00","2MM06276","68"
"2025-10-21 01:00:00",-0.1893425194952,"2025-10-21","01:00","2MM06276","68"
"2025-10-21 02:00:00",-0.0965783940564223,"2025-10-21","02:00","2MM06276","68"
"2025-10-21 03:00:00",-0.114471380765527,"2025-10-21","03:00","2MM06276","68"
"2025-10-21 04:00:00",-0.467794409261067,"2025-10-21","04:00","2MM06276","68"
"2025-10-21 05:00:00",-0.698099411494945,"2025-10-21","05:00","2MM06276","68"
"2025-10-21 06:00:00",-0.680742608862595,"2025-10-21","06:00","2MM06276","68"
"2025-10-21 07:00:00",-0.756122352196515,"2025-10-21","07:00","2MM06276","68"
"2025-10-21 08:00:00",-0.737423393892256,"2025-10-21","08:00","2MM06276","68"
"2025-10-21 09:00:00",-0.779813286116577,"2025-10-21","09:00","2MM06276","68"
"2025-10-21 10:00:00",-0.788081294691936,"2025-10-21","10:00","2MM06276","68"
"2025-10-21 11:00:00",-0.82352847627404,"2025-10-21","11:00","2MM06276","68"
"2025-10-21 12:00:00",-0.475441546435271,"2025-10-21","12:00","2MM06276","68"
"2025-10-21 13:00:00",-0.835836195436207,"2025-10-21","13:00","2MM06276","68"
"2025-10-21 14:00:00",-0.62756796271174,"2025-10-21","14:00","2MM06276","68"
"2025-10-21 15:00:00",-0.466186824351147,"2025-10-21","15:00","2MM06276","68"
"2025-10-21 16:00:00",-0.70350582831498,"2025-10-21","16:00","2MM06276","68"
"2025-10-21 17:00:00",-0.705164507402988,"2025-10-21","17:00","2MM06276","68"
"2025-10-21 18:00:00",-0.569989901940045,"2025-10-21","18:00","2MM06276","68"
"2025-10-21 19:00:00",-0.752317563002364,"2025-10-21","19:00","2MM06276","68"
"2025-10-21 20:00:00",-0.849201146227222,"2025-10-21","20:00","2MM06276","68"
"2025-10-21 21:00:00",-0.748376095072352,"2025-10-21","21:00","2MM06276","68"
"2025-10-21 22:00:00",-0.784400831559298,"2025-10-21","22:00","2MM06276","68"
"2025-10-21 23:00:00",-0.802257283055281,"2025-10-21","23:00","2MM06276","68"
"2025-10-22",-0.783858028212623,"2025-10-22","00:00","2MM06276","68"
"2025-10-22 01:00:00",-0.0897016523036699,"2025-10-22","01:00","2MM06276","68"
"2025-10-22 02:00:00",-0.239166059650251,"2025-10-22","02:00","2MM06276","68"
"2025-10-22 03:00:00",0.244914299933963,"2025-10-22","03:00","2MM06276","68"
"2025-10-22 04:00:00",-0.545850437242076,"2025-10-22","04:00","2MM06276","68"
"2025-10-22 05:00:00",-0.841916447243367,"2025-10-22","05:00","2MM06276","68"
"2025-10-22 06:00:00",-0.82766823490798,"2025-10-22","06:00","2MM06276","68"
"2025-10-22 07:00:00",-0.855636747196472,"2025-10-22","07:00","2MM06276","68"
"2025-10-22 08:00:00",-0.740455118662577,"2025-10-22","08:00","2MM06276","68"
"2025-10-22 09:00:00",-0.771263332766943,"2025-10-22","09:00","2MM06276","68"
"2025-10-22 10:00:00",-0.807911101316561,"2025-10-22","10:00","2MM06276","68"
"2025-10-22 11:00:00",-0.663344794345448,"2025-10-22","11:00","2MM06276","68"
"2025-10-22 12:00:00",-0.681273399617472,"2025-10-22","12:00","2MM06276","68"
"2025-10-22 13:00:00",-0.710033380794619,"2025-10-22","13:00","2MM06276","68"
"2025-10-22 14:00:00",-0.637075696006365,"2025-10-22","14:00","2MM06276","68"
"2025-10-22 15:00:00",-0.83132299476522,"2025-10-22","15:00","2MM06276","68"
"2025-10-22 16:00:00",-0.587922677849973,"2025-10-22","16:00","2MM06276","68"
"2025-10-22 17:00:00",-0.865941919601219,"2025-10-22","17:00","2MM06276","68"
"2025-10-22 18:00:00",-0.430901252709544,"2025-10-22","18:00","2MM06276","68"
"2025-10-22 19:00:00",-0.918046454926124,"2025-10-22","19:00","2MM06276","68"
"2025-10-22 20:00:00",0.190542844614031,"2025-10-22","20:00","2MM06276","68"
"2025-10-22 21:00:00",0.331223127081397,"2025-10-22","21:00","2MM06276","68"
"2025-10-22 22:00:00",0.343879830118654,"2025-10-22","22:00","2MM06276","68"
"2025-10-22 23:00:00",0.288069640510334,"2025-10-22","23:00","2MM06276","68"
"2025-10-23",0.377474905733733,"2025-10-23","00:00","2MM06276","68"
"2025-10-23 01:00:00",0.370747606780195,"2025-10-23","01:00","2MM06276","68"
"2025-10-23 02:00:00",0.39959180376535,"2025-10-23","02:00","2MM06276","68"
"2025-10-23 03:00:00",0.567771478564608,"2025-10-23","03:00","2MM06276","68"
"2025-10-23 04:00:00",0.565571912800758,"2025-10-23","04:00","2MM06276","68"
"2025-10-23 05:00:00",0.57898025402443,"2025-10-23","05:00","2MM06276","68"
"2025-10-23 06:00:00",0.580972902625565,"2025-10-23","06:00","2MM06276","68"
"2025-10-23 07:00:00",0.506805025058167,"2025-10-23","07:00","2MM06276","68"
"2025-10-23 08:00:00",0.330967802301307,"2025-10-23","08:00","2MM06276","68"
"2025-10-23 09:00:00",0.154560229178102,"2025-10-23","09:00","2MM06276","68"
"2025-10-23 10:00:00",0.461360469989212,"2025-10-23","10:00","2MM06276","68"
"2025-10-23 11:00:00",-0.0357414797923254,"2025-10-23","11:00","2MM06276","68"
"2025-10-23 12:00:00",0.0162088376944162,"2025-10-23","12:00","2MM06276","68"
"2025-10-23 13:00:00",-0.0698475455768325,"2025-10-23","13:00","2MM06276","68"
"2025-10-23 14:00:00",-0.262897448305015,"2025-10-23","14:00","2MM06276","68"
"2025-10-23 15:00:00",-0.488353046822113,"2025-10-23","15:00","2MM06276","68"
"2025-10-23 16:00:00",-0.221848089761396,"2025-10-23","16:00","2MM06276","68"
"2025-10-23 17:00:00",-0.479346922748236,"2025-10-23","17:00","2MM06276","68"
"2025-10-23 18:00:00",-0.299528908303524,"2025-10-23","18:00","2MM06276","68"
"2025-10-23 19:00:00",-0.353252800016702,"2025-10-23","19:00","2MM06276","68"
"2025-10-23 20:00:00",-0.203195304288511,"2025-10-23","20:00","2MM06276","68"
"2025-10-23 21:00:00",-0.438983456368744,"2025-10-23","21:00","2MM06276","68"
"2025-10-23 22:00:00",-0.222814249593263,"2025-10-23","22:00","2MM06276","68"
"2025-10-23 23:00:00",-0.333192914943365,"2025-10-23","23:00","2MM06276","68"
"2025-10-24",-0.53532669046646,"2025-10-24","00:00","2MM06276","68"
"2025-10-24 01:00:00",-0.172103005885523,"2025-10-24","01:00","2MM06276","68"
"2025-10-24 02:00:00",-0.0214901032859551,"2025-10-24","02:00","2MM06276","68"
"2025-10-24 03:00:00",-0.00346685587183279,"2025-10-24","03:00","2MM06276","68"
"2025-10-24 04:00:00",-0.040333074746835,"2025-10-24","04:00","2MM06276","68"
"2025-10-24 05:00:00",-0.144851943384052,"2025-10-24","05:00","2MM06276","68"
"2025-10-24 06:00:00",-0.449714666148807,"2025-10-24","06:00","2MM06276","68"
"2025-10-24 07:00:00",-0.767115931889213,"2025-10-24","07:00","2MM06276","68"
"2025-10-24 08:00:00",-0.785222222912189,"2025-10-24","08:00","2MM06276","68"
"2025-10-24 09:00:00",-0.831834913698305,"2025-10-24","09:00","2MM06276","68"
"2025-10-24 10:00:00",-0.674868728020734,"2025-10-24","10:00","2MM06276","68"
"2025-10-24 11:00:00",-0.801613486913026,"2025-10-24","11:00","2MM06276","68"
"2025-10-24 12:00:00",-0.145767223319276,"2025-10-24","12:00","2MM06276","68"
"2025-10-24 13:00:00",-0.258880074383489,"2025-10-24","13:00","2MM06276","68"
"2025-10-24 14:00:00",-0.122830949209264,"2025-10-24","14:00","2MM06276","68"
"2025-10-24 15:00:00",-0.426414165924078,"2025-10-24","15:00","2MM06276","68"
"2025-10-24 16:00:00",-0.271074330525142,"2025-10-24","16:00","2MM06276","68"
"2025-10-24 17:00:00",-0.64913973018139,"2025-10-24","17:00","2MM06276","68"
"2025-10-24 18:00:00",-0.871706087366352,"2025-10-24","18:00","2MM06276","68"
"2025-10-24 19:00:00",-0.85630152899341,"2025-10-24","19:00","2MM06276","68"
"2025-10-24 20:00:00",-0.469725640757055,"2025-10-24","20:00","2MM06276","68"
"2025-10-24 21:00:00",-0.761348295742074,"2025-10-24","21:00","2MM06276","68"
"2025-10-24 22:00:00",-0.363587665339998,"2025-10-24","22:00","2MM06276","68"
"2025-10-24 23:00:00",-0.819820689860002,"2025-10-24","23:00","2MM06276","68"
"2025-10-25",-0.526107111582048,"2025-10-25","00:00","2MM06276","68"
"2025-10-25 01:00:00",-0.134681417964235,"2025-10-25","01:00","2MM06276","68"
"2025-10-25 02:00:00",-0.462418912730848,"2025-10-25","02:00","2MM06276","68"
"2025-10-25 03:00:00",-0.0753436835191738,"2025-10-25","03:00","2MM06276","68"
"2025-10-25 04:00:00",-0.1289439073254,"2025-10-25","04:00","2MM06276","68"
"2025-10-25 05:00:00",-0.0648884537726829,"2025-10-25","05:00","2MM06276","68"
"2025-10-25 06:00:00",-0.457194468553765,"2025-10-25","06:00","2MM06276","68"
"2025-10-25 07:00:00",-0.663113593885886,"2025-10-25","07:00","2MM06276","68"
"2025-10-25 08:00:00",-0.808596614529549,"2025-10-25","08:00","2MM06276","68"
"2025-10-25 09:00:00",-0.876331989532583,"2025-10-25","09:00","2MM06276","68"
"2025-10-25 10:00:00",-0.678236164054419,"2025-10-25","10:00","2MM06276","68"
"2025-10-25 11:00:00",-0.608877162723342,"2025-10-25","11:00","2MM06276","68"
"2025-10-25 12:00:00",-0.666385688578485,"2025-10-25","12:00","2MM06276","68"
"2025-10-25 13:00:00",-0.771879142294653,"2025-10-25","13:00","2MM06276","68"
"2025-10-25 14:00:00",-0.0992943821151334,"2025-10-25","14:00","2MM06276","68"
"2025-10-25 15:00:00",-0.667513809550874,"2025-10-25","15:00","2MM06276","68"
"2025-10-25 16:00:00",-0.748484346368136,"2025-10-25","16:00","2MM06276","68"
"2025-10-25 17:00:00",-0.845860880748024,"2025-10-25","17:00","2MM06276","68"
"2025-10-25 18:00:00",-0.695942457760048,"2025-10-25","18:00","2MM06276","68"
"2025-10-25 19:00:00",-0.689003732009588,"2025-10-25","19:00","2MM06276","68"
"2025-10-25 20:00:00",-0.644479391090922,"2025-10-25","20:00","2MM06276","68"
"2025-10-25 21:00:00",-0.872245900109341,"2025-10-25","21:00","2MM06276","68"
"2025-10-25 22:00:00",-0.800032180083333,"2025-10-25","22:00","2MM06276","68"
"2025-10-25 23:00:00",-0.84513287173108,"2025-10-25","23:00","2MM06276","68"
"2025-10-26",-0.546576421200482,"2025-10-26","00:00","2MM06276","68"
"2025-10-26 01:00:00",-0.438081098631712,"2025-10-26","01:00","2MM06276","68"
"2025-10-26 02:00:00",-0.249063718866957,"2025-10-26","02:00","2MM06276","68"
"2025-10-26 03:00:00",-0.258638381313019,"2025-10-26","03:00","2MM06276","68"
"2025-10-26 04:00:00",-0.152733441222556,"2025-10-26","04:00","2MM06276","68"
"2025-10-26 05:00:00",-0.0781905436289514,"2025-10-26","05:00","2MM06276","68"
"2025-10-26 06:00:00",-0.24894662575891,"2025-10-26","06:00","2MM06276","68"
"2025-10-26 07:00:00",-0.752290789583245,"2025-10-26","07:00","2MM06276","68"
"2025-10-26 08:00:00",-0.660143804589512,"2025-10-26","08:00","2MM06276","68"
"2025-10-26 09:00:00",-0.751277684849189,"2025-10-26","09:00","2MM06276","68"
"2025-10-26 10:00:00",-0.724808346961119,"2025-10-26","10:00","2MM06276","68"
"2025-10-26 11:00:00",-0.326872474131271,"2025-10-26","11:00","2MM06276","68"
"2025-10-26 12:00:00",-0.490499460607089,"2025-10-26","12:00","2MM06276","68"
"2025-10-26 13:00:00",-0.626397703876803,"2025-10-26","13:00","2MM06276","68"
"2025-10-26 14:00:00",-0.26637927205126,"2025-10-26","14:00","2MM06276","68"
"2025-10-26 15:00:00",-0.70231810556103,"2025-10-26","15:00","2MM06276","68"
"2025-10-26 16:00:00",-0.563930462233511,"2025-10-26","16:00","2MM06276","68"
"2025-10-26 17:00:00",-0.454242190159133,"2025-10-26","17:00","2MM06276","68"
"2025-10-26 18:00:00",-0.373895055042504,"2025-10-26","18:00","2MM06276","68"
"2025-10-26 19:00:00",-0.383479518840061,"2025-10-26","19:00","2MM06276","68"
"2025-10-26 20:00:00",-0.428727817895421,"2025-10-26","20:00","2MM06276","68"
"2025-10-26 21:00:00",-0.3192898836026,"2025-10-26","21:00","2MM06276","68"
"2025-10-26 22:00:00",-0.298996561134141,"2025-10-26","22:00","2MM06276","68"
"2025-10-26 23:00:00",-0.518958169391156,"2025-10-26","23:00","2MM06276","68"
"2025-10-27",-0.355453813865706,"2025-10-27","00:00","2MM06276","68"
"2025-10-27 01:00:00",-0.407877689983394,"2025-10-27","01:00","2MM06276","68"
"2025-10-27 02:00:00",0.0186960678551739,"2025-10-27","02:00","2MM06276","68"
"2025-10-27 03:00:00",-0.113788299922998,"2025-10-27","03:00","2MM06276","68"
"2025-10-27 04:00:00",0.0903870710220545,"2025-10-27","04:00","2MM06276","68"
"2025-10-27 05:00:00",-0.250034732049354,"2025-10-27","05:00","2MM06276","68"
"2025-10-27 06:00:00",-0.170047160707788,"2025-10-27","06:00","2MM06276","68"
"2025-10-27 07:00:00",-0.553338369152081,"2025-10-27","07:00","2MM06276","68"
"2025-10-27 08:00:00",-0.570002045079225,"2025-10-27","08:00","2MM06276","68"
"2025-10-27 09:00:00",-0.421539441772997,"2025-10-27","09:00","2MM06276","68"
"2025-10-27 10:00:00",-0.35654753997367,"2025-10-27","10:00","2MM06276","68"
"2025-10-27 11:00:00",-0.158884642944001,"2025-10-27","11:00","2MM06276","68"
"2025-10-27 12:00:00",-0.165425397027111,"2025-10-27","12:00","2MM06276","68"
"2025-10-27 13:00:00",-0.568532266205218,"2025-10-27","13:00","2MM06276","68"
"2025-10-27 14:00:00",-0.430290914702682,"2025-10-27","14:00","2MM06276","68"
"2025-10-27 15:00:00",-0.845877977880282,"2025-10-27","15:00","2MM06276","68"
"2025-10-27 16:00:00",-0.59812082965511,"2025-10-27","16:00","2MM06276","68"
"2025-10-27 17:00:00",-0.875626941077351,"2025-10-27","17:00","2MM06276","68"
"2025-10-27 18:00:00",-0.703601283540664,"2025-10-27","18:00","2MM06276","68"
"2025-10-27 19:00:00",-0.919564125809801,"2025-10-27","19:00","2MM06276","68"
"2025-10-27 20:00:00",-0.88943242171874,"2025-10-27","20:00","2MM06276","68"
"2025-10-27 21:00:00",-0.82587707293804,"2025-10-27","21:00","2MM06276","68"
"2025-10-27 22:00:00",-0.789418470842852,"2025-10-27","22:00","2MM06276","68"
"2025-10-27 23:00:00",-0.315557878019944,"2025-10-27","23:00","2MM06276","68"
"2025-10-28",-0.455764209696993,"2025-10-28","00:00","2MM06276","68"
"2025-10-28 01:00:00",-0.140659357283131,"2025-10-28","01:00","2MM06276","68"
"2025-10-28 02:00:00",-0.0798453497339876,"2025-10-28","02:00","2MM06276","68"
"2025-10-28 03:00:00",-0.0375358770771354,"2025-10-28","03:00","2MM06276","68"
"2025-10-28 04:00:00",-0.0949746193468098,"2025-10-28","04:00","2MM06276","68"
"2025-10-28 05:00:00",-0.165970737705657,"2025-10-28","05:00","2MM06276","68"
"2025-10-28 06:00:00",-0.187090746626816,"2025-10-28","06:00","2MM06276","68"
"2025-10-28 07:00:00",-0.266119094174542,"2025-10-28","07:00","2MM06276","68"
"2025-10-28 08:00:00",-0.697401652566765,"2025-10-28","08:00","2MM06276","68"
"2025-10-28 09:00:00",-0.663257873034356,"2025-10-28","09:00","2MM06276","68"
"2025-10-28 10:00:00",-0.391063925348571,"2025-10-28","10:00","2MM06276","68"
"2025-10-28 11:00:00",-0.629380665019899,"2025-10-28","11:00","2MM06276","68"
"2025-10-28 12:00:00",-0.098238060096788,"2025-10-28","12:00","2MM06276","68"
"2025-10-28 13:00:00",-0.36671447255879,"2025-10-28","13:00","2MM06276","68"
"2025-10-28 14:00:00",-0.376388102927122,"2025-10-28","14:00","2MM06276","68"
"2025-10-28 15:00:00",-0.336032484999005,"2025-10-28","15:00","2MM06276","68"
"2025-10-28 16:00:00",-0.481042532986111,"2025-10-28","16:00","2MM06276","68"
"2025-10-28 17:00:00",-0.653028514579054,"2025-10-28","17:00","2MM06276","68"
"2025-10-28 18:00:00",-0.891483954859794,"2025-10-28","18:00","2MM06276","68"
"2025-10-28 19:00:00",-0.935343790099984,"2025-10-28","19:00","2MM06276","68"
"2025-10-28 20:00:00",-0.924577870683341,"2025-10-28","20:00","2MM06276","68"
"2025-10-28 21:00:00",-0.595550504424294,"2025-10-28","21:00","2MM06276","68"
"2025-10-28 22:00:00",-0.767340929531366,"2025-10-28","22:00","2MM06276","68"
"2025-10-28 23:00:00",-0.707903914442615,"2025-10-28","23:00","2MM06276","68"
"2025-10-29",-0.371867928167088,"2025-10-29","00:00","2MM06276","68"
"2025-10-29 01:00:00",-0.349045273000562,"2025-10-29","01:00","2MM06276","68"
"2025-10-29 02:00:00",-0.333489215123384,"2025-10-29","02:00","2MM06276","68"
"2025-10-29 03:00:00",-0.255156799136275,"2025-10-29","03:00","2MM06276","68"
"2025-10-29 04:00:00",-0.0149243139938596,"2025-10-29","04:00","2MM06276","68"
"2025-10-29 05:00:00",-0.484153389605094,"2025-10-29","05:00","2MM06276","68"
"2025-10-29 06:00:00",-0.65187653097911,"2025-10-29","06:00","2MM06276","68"
"2025-10-29 07:00:00",-0.890443034901692,"2025-10-29","07:00","2MM06276","68"
"2025-10-29 08:00:00",-0.811604741293701,"2025-10-29","08:00","2MM06276","68"
"2025-10-29 09:00:00",-0.917800550564486,"2025-10-29","09:00","2MM06276","68"
"2025-10-29 10:00:00",-0.545761287129524,"2025-10-29","10:00","2MM06276","68"
"2025-10-29 11:00:00",-0.452282132517038,"2025-10-29","11:00","2MM06276","68"
"2025-10-29 12:00:00",0.133825132179364,"2025-10-29","12:00","2MM06276","68"
"2025-10-29 13:00:00",-0.306344462578789,"2025-10-29","13:00","2MM06276","68"
"2025-10-29 14:00:00",-0.736430520201307,"2025-10-29","14:00","2MM06276","68"
"2025-10-29 15:00:00",-0.383687863676344,"2025-10-29","15:00","2MM06276","68"
"2025-10-29 16:00:00",-0.838246384209132,"2025-10-29","16:00","2MM06276","68"
"2025-10-29 17:00:00",-0.592596187565429,"2025-10-29","17:00","2MM06276","68"
"2025-10-29 18:00:00",-0.925841025597119,"2025-10-29","18:00","2MM06276","68"
"2025-10-29 19:00:00",-0.939641956198101,"2025-10-29","19:00","2MM06276","68"
"2025-10-29 20:00:00",-0.911540224284878,"2025-10-29","20:00","2MM06276","68"
"2025-10-29 21:00:00",-0.933877286068178,"2025-10-29","21:00","2MM06276","68"
"2025-10-29 22:00:00",-0.909883104818369,"2025-10-29","22:00","2MM06276","68"
"2025-10-29 23:00:00",-0.874917322839235,"2025-10-29","23:00","2MM06276","68"
"2025-10-30",-0.469273847060698,"2025-10-30","00:00","2MM06276","68"
"2025-10-30 01:00:00",-0.444950251573728,"2025-10-30","01:00","2MM06276","68"
"2025-10-30 02:00:00",-0.472197576499427,"2025-10-30","02:00","2MM06276","68"
"2025-10-30 03:00:00",0.0169222639261506,"2025-10-30","03:00","2MM06276","68"
"2025-10-09",-0.328818404510711,"2025-10-09","00:00","2MM06339","49"
"2025-10-09 01:00:00",-0.251735411500887,"2025-10-09","01:00","2MM06339","49"
"2025-10-09 02:00:00",-0.246748201288072,"2025-10-09","02:00","2MM06339","49"
"2025-10-09 03:00:00",-0.283937718579782,"2025-10-09","03:00","2MM06339","49"
"2025-10-09 04:00:00",-0.323720462101415,"2025-10-09","04:00","2MM06339","49"
"2025-10-09 05:00:00",-0.334800690715514,"2025-10-09","05:00","2MM06339","49"
"2025-10-09 06:00:00",-0.48634534868043,"2025-10-09","06:00","2MM06339","49"
"2025-10-09 07:00:00",0.0442938523061098,"2025-10-09","07:00","2MM06339","49"
"2025-10-09 08:00:00",-0.594060757433522,"2025-10-09","08:00","2MM06339","49"
"2025-10-09 09:00:00",-0.285884065391727,"2025-10-09","09:00","2MM06339","49"
"2025-10-09 10:00:00",0.112830092355539,"2025-10-09","10:00","2MM06339","49"
"2025-10-09 11:00:00",-0.0805955554916946,"2025-10-09","11:00","2MM06339","49"
"2025-10-09 12:00:00",-0.355503756659976,"2025-10-09","12:00","2MM06339","49"
"2025-10-09 13:00:00",-0.299500381427443,"2025-10-09","13:00","2MM06339","49"
"2025-10-09 14:00:00",-0.404959120970327,"2025-10-09","14:00","2MM06339","49"
"2025-10-09 15:00:00",-0.435365126786049,"2025-10-09","15:00","2MM06339","49"
"2025-10-09 16:00:00",-0.436518007445545,"2025-10-09","16:00","2MM06339","49"
"2025-10-09 17:00:00",-0.397501510206712,"2025-10-09","17:00","2MM06339","49"
"2025-10-09 18:00:00",-0.36647181979199,"2025-10-09","18:00","2MM06339","49"
"2025-10-10 19:00:00",-0.442993302802049,"2025-10-10","19:00","2MM06339","49"
"2025-10-10 20:00:00",-0.642224703617124,"2025-10-10","20:00","2MM06339","49"
"2025-10-10 21:00:00",-0.433954861240947,"2025-10-10","21:00","2MM06339","49"
"2025-10-10 22:00:00",-0.308082949736041,"2025-10-10","22:00","2MM06339","49"
"2025-10-10 23:00:00",-0.434299389336904,"2025-10-10","23:00","2MM06339","49"
"2025-10-11",-0.29278117955088,"2025-10-11","00:00","2MM06339","49"
"2025-10-11 01:00:00",-0.335440776596481,"2025-10-11","01:00","2MM06339","49"
"2025-10-11 02:00:00",-0.306765558267127,"2025-10-11","02:00","2MM06339","49"
"2025-10-11 03:00:00",-0.321413347986833,"2025-10-11","03:00","2MM06339","49"
"2025-10-11 04:00:00",-0.309205793264753,"2025-10-11","04:00","2MM06339","49"
"2025-10-11 05:00:00",-0.28737688932911,"2025-10-11","05:00","2MM06339","49"
"2025-10-11 06:00:00",-0.252888352534141,"2025-10-11","06:00","2MM06339","49"
"2025-10-11 07:00:00",0.369926640838456,"2025-10-11","07:00","2MM06339","49"
"2025-10-11 08:00:00",-0.494384738100586,"2025-10-11","08:00","2MM06339","49"
"2025-10-11 09:00:00",-0.0873575594454624,"2025-10-11","09:00","2MM06339","49"
"2025-10-11 10:00:00",0.210464564773279,"2025-10-11","10:00","2MM06339","49"
"2025-10-11 11:00:00",0.163188190630244,"2025-10-11","11:00","2MM06339","49"
"2025-10-11 12:00:00",0.029738302553677,"2025-10-11","12:00","2MM06339","49"
"2025-10-11 13:00:00",0.0395934518659741,"2025-10-11","13:00","2MM06339","49"
"2025-10-11 14:00:00",-0.354484221060427,"2025-10-11","14:00","2MM06339","49"
"2025-10-11 15:00:00",0.258419243764062,"2025-10-11","15:00","2MM06339","49"
"2025-10-11 16:00:00",-0.23923503484925,"2025-10-11","16:00","2MM06339","49"
"2025-10-11 17:00:00",-0.241238052643099,"2025-10-11","17:00","2MM06339","49"
"2025-10-11 18:00:00",-0.0705082908263535,"2025-10-11","18:00","2MM06339","49"
"2025-10-17 18:55:00",-0.405129321766884,"2025-10-17","18:55","2MM06339","49"
"2025-10-17 19:55:00",-0.393682876564358,"2025-10-17","19:55","2MM06339","49"
"2025-10-17 20:55:00",-0.358238355381327,"2025-10-17","20:55","2MM06339","49"
"2025-10-17 21:55:00",-0.412263066819554,"2025-10-17","21:55","2MM06339","49"
"2025-10-17 22:55:00",-0.344422035036352,"2025-10-17","22:55","2MM06339","49"
"2025-10-17 23:55:00",-0.368927586005679,"2025-10-17","23:55","2MM06339","49"
"2025-10-18 00:55:00",-0.299333536947766,"2025-10-18","00:55","2MM06339","49"
"2025-10-18 01:55:00",-0.300746064346147,"2025-10-18","01:55","2MM06339","49"
"2025-10-18 02:55:00",-0.318730346516708,"2025-10-18","02:55","2MM06339","49"
"2025-10-18 03:55:00",-0.201246014179811,"2025-10-18","03:55","2MM06339","49"
"2025-10-18 04:55:00",-0.336826940728015,"2025-10-18","04:55","2MM06339","49"
"2025-10-18 05:55:00",-0.338349743522598,"2025-10-18","05:55","2MM06339","49"
"2025-10-18 06:55:00",-0.356982511200572,"2025-10-18","06:55","2MM06339","49"
"2025-10-18 07:55:00",-0.352771679737521,"2025-10-18","07:55","2MM06339","49"
"2025-10-18 08:55:00",-0.540194862720017,"2025-10-18","08:55","2MM06339","49"
"2025-10-18 09:55:00",-0.306452208464394,"2025-10-18","09:55","2MM06339","49"
"2025-10-18 10:55:00",-0.65307305555943,"2025-10-18","10:55","2MM06339","49"
"2025-10-18 11:55:00",-0.522851238761698,"2025-10-18","11:55","2MM06339","49"
"2025-10-18 12:55:00",-0.704656492624615,"2025-10-18","12:55","2MM06339","49"
"2025-10-18 13:55:00",-0.445380330772358,"2025-10-18","13:55","2MM06339","49"
"2025-10-18 14:55:00",-0.126122229655088,"2025-10-18","14:55","2MM06339","49"
"2025-10-18 15:55:00",-0.634638230681538,"2025-10-18","15:55","2MM06339","49"
"2025-10-18 16:55:00",-0.55309216982155,"2025-10-18","16:55","2MM06339","49"
"2025-10-18 17:55:00",-0.708623330136446,"2025-10-18","17:55","2MM06339","49"
"2025-10-22 18:00:00",-0.524891147219442,"2025-10-22","18:00","2MM06339","49"
"2025-10-22 19:00:00",-0.630875033201952,"2025-10-22","19:00","2MM06339","49"
"2025-10-22 20:00:00",0.370148598845214,"2025-10-22","20:00","2MM06339","49"
"2025-10-22 21:00:00",0.682317292570639,"2025-10-22","21:00","2MM06339","49"
"2025-10-22 22:00:00",0.678744546968284,"2025-10-22","22:00","2MM06339","49"
"2025-10-22 23:00:00",0.637365345605929,"2025-10-22","23:00","2MM06339","49"
"2025-10-23",0.0913319936765504,"2025-10-23","00:00","2MM06339","49"
"2025-10-23 01:00:00",-0.348471933596354,"2025-10-23","01:00","2MM06339","49"
"2025-10-23 02:00:00",-0.182992727359736,"2025-10-23","02:00","2MM06339","49"
"2025-10-23 03:00:00",-0.163071523601961,"2025-10-23","03:00","2MM06339","49"
"2025-10-23 04:00:00",-0.632267929418213,"2025-10-23","04:00","2MM06339","49"
"2025-10-23 05:00:00",-0.107653460686047,"2025-10-23","05:00","2MM06339","49"
"2025-10-23 06:00:00",-0.797252488869666,"2025-10-23","06:00","2MM06339","49"
"2025-10-23 07:00:00",-0.467153377778247,"2025-10-23","07:00","2MM06339","49"
"2025-10-23 08:00:00",-0.596154188879646,"2025-10-23","08:00","2MM06339","49"
"2025-10-23 09:00:00",-0.64393329455829,"2025-10-23","09:00","2MM06339","49"
"2025-10-23 10:00:00",-0.744412785493814,"2025-10-23","10:00","2MM06339","49"
"2025-10-23 11:00:00",-0.820516919696302,"2025-10-23","11:00","2MM06339","49"
"2025-10-23 12:00:00",-0.968970861829175,"2025-10-23","12:00","2MM06339","49"
"2025-10-23 13:00:00",-0.766139147294761,"2025-10-23","13:00","2MM06339","49"
"2025-10-23 14:00:00",-0.63421649385988,"2025-10-23","14:00","2MM06339","49"
"2025-10-23 15:00:00",-0.205334552511403,"2025-10-23","15:00","2MM06339","49"
"2025-10-23 16:00:00",-0.00953469702772103,"2025-10-23","16:00","2MM06339","49"
"2025-10-23 17:00:00",-0.14392494334918,"2025-10-23","17:00","2MM06339","49"
"2025-10-27 18:00:00",-0.401597977347511,"2025-10-27","18:00","2MM06339","49"
"2025-10-27 19:00:00",-0.722639454640775,"2025-10-27","19:00","2MM06339","49"
"2025-10-27 20:00:00",-0.735398949328193,"2025-10-27","20:00","2MM06339","49"
"2025-10-27 21:00:00",-0.581424416191479,"2025-10-27","21:00","2MM06339","49"
"2025-10-27 22:00:00",-0.254992776723977,"2025-10-27","22:00","2MM06339","49"
"2025-10-27 23:00:00",-0.277937635893871,"2025-10-27","23:00","2MM06339","49"
"2025-10-28",-0.0830418017580598,"2025-10-28","00:00","2MM06339","49"
"2025-10-28 01:00:00",0.0184342120920109,"2025-10-28","01:00","2MM06339","49"
"2025-10-28 02:00:00",-0.0568886851347576,"2025-10-28","02:00","2MM06339","49"
"2025-10-28 03:00:00",0.0375798657223647,"2025-10-28","03:00","2MM06339","49"
"2025-10-28 04:00:00",0.0916187997316225,"2025-10-28","04:00","2MM06339","49"
"2025-10-28 05:00:00",0.0490027839001151,"2025-10-28","05:00","2MM06339","49"
"2025-10-28 06:00:00",0.0179741260011743,"2025-10-28","06:00","2MM06339","49"
"2025-10-28 07:00:00",-0.109021954181063,"2025-10-28","07:00","2MM06339","49"
"2025-10-28 08:00:00",-0.204484875516455,"2025-10-28","08:00","2MM06339","49"
"2025-10-28 09:00:00",-0.429388204431525,"2025-10-28","09:00","2MM06339","49"
"2025-10-28 10:00:00",-0.368945194404769,"2025-10-28","10:00","2MM06339","49"
"2025-10-28 11:00:00",-0.442168843168349,"2025-10-28","11:00","2MM06339","49"
"2025-10-28 12:00:00",-0.0267879191476357,"2025-10-28","12:00","2MM06339","49"
"2025-10-28 13:00:00",-0.172727279781705,"2025-10-28","13:00","2MM06339","49"
"2025-10-28 14:00:00",-0.229745969006214,"2025-10-28","14:00","2MM06339","49"
"2025-10-28 15:00:00",-0.257753578976754,"2025-10-28","15:00","2MM06339","49"
"2025-10-28 16:00:00",-0.585298130832398,"2025-10-28","16:00","2MM06339","49"
"2025-10-28 17:00:00",-0.50537303547093,"2025-10-28","17:00","2MM06339","49"
"2025-10-09",0.142067833763685,"2025-10-09","00:00","2MM06374","60"
"2025-10-09 01:00:00",-0.0548873530757436,"2025-10-09","01:00","2MM06374","60"
"2025-10-09 02:00:00",0.0237061670754249,"2025-10-09","02:00","2MM06374","60"
"2025-10-09 03:00:00",-0.057634750946267,"2025-10-09","03:00","2MM06374","60"
"2025-10-09 04:00:00",-0.0922262468899424,"2025-10-09","04:00","2MM06374","60"
"2025-10-09 05:00:00",-0.237606835219532,"2025-10-09","05:00","2MM06374","60"
"2025-10-09 06:00:00",-0.481137002547609,"2025-10-09","06:00","2MM06374","60"
"2025-10-09 07:00:00",-0.448784120708611,"2025-10-09","07:00","2MM06374","60"
"2025-10-09 08:00:00",-0.621155313183039,"2025-10-09","08:00","2MM06374","60"
"2025-10-09 09:00:00",-0.328109049879221,"2025-10-09","09:00","2MM06374","60"
"2025-10-09 10:00:00",0.331376609362415,"2025-10-09","10:00","2MM06374","60"
"2025-10-09 11:00:00",-0.223542198808535,"2025-10-09","11:00","2MM06374","60"
"2025-10-09 12:00:00",-0.331396763189346,"2025-10-09","12:00","2MM06374","60"
"2025-10-09 13:00:00",-0.378079039592507,"2025-10-09","13:00","2MM06374","60"
"2025-10-09 14:00:00",-0.19219438790314,"2025-10-09","14:00","2MM06374","60"
"2025-10-09 15:00:00",-0.371546460182848,"2025-10-09","15:00","2MM06374","60"
"2025-10-09 16:00:00",-0.0745744183718974,"2025-10-09","16:00","2MM06374","60"
"2025-10-09 17:00:00",-0.0306495461071659,"2025-10-09","17:00","2MM06374","60"
"2025-10-09 18:00:00",-0.523030648576318,"2025-10-09","18:00","2MM06374","60"
"2025-10-09 19:00:00",-0.473653848353809,"2025-10-09","19:00","2MM06374","60"
"2025-10-09 20:00:00",-0.58542434565349,"2025-10-09","20:00","2MM06374","60"
"2025-10-09 21:00:00",-0.683360211605458,"2025-10-09","21:00","2MM06374","60"
"2025-10-09 22:00:00",-0.329168964072002,"2025-10-09","22:00","2MM06374","60"
"2025-10-09 23:00:00",-0.448274801970756,"2025-10-09","23:00","2MM06374","60"
"2025-10-10",0.0761227432127871,"2025-10-10","00:00","2MM06374","60"
"2025-10-10 01:00:00",0.195956587972912,"2025-10-10","01:00","2MM06374","60"
"2025-10-10 02:00:00",-0.33849892422583,"2025-10-10","02:00","2MM06374","60"
"2025-10-10 03:00:00",0.26168998236968,"2025-10-10","03:00","2MM06374","60"
"2025-10-10 04:00:00",0.332585958336582,"2025-10-10","04:00","2MM06374","60"
"2025-10-10 05:00:00",0.0384228040717912,"2025-10-10","05:00","2MM06374","60"
"2025-10-10 06:00:00",-0.397663969760354,"2025-10-10","06:00","2MM06374","60"
"2025-10-10 07:00:00",0.175746234963016,"2025-10-10","07:00","2MM06374","60"
"2025-10-10 08:00:00",0.155209179492577,"2025-10-10","08:00","2MM06374","60"
"2025-10-10 09:00:00",0.09795990576034,"2025-10-10","09:00","2MM06374","60"
"2025-10-10 10:00:00",-0.050891124150417,"2025-10-10","10:00","2MM06374","60"
"2025-10-10 11:00:00",0.489206904923931,"2025-10-10","11:00","2MM06374","60"
"2025-10-10 12:00:00",0.0823139881436635,"2025-10-10","12:00","2MM06374","60"
"2025-10-10 13:00:00",0.71979852350485,"2025-10-10","13:00","2MM06374","60"
"2025-10-10 14:00:00",-0.145809448386711,"2025-10-10","14:00","2MM06374","60"
"2025-10-10 15:00:00",-0.160524458928332,"2025-10-10","15:00","2MM06374","60"
"2025-10-10 16:00:00",-0.0667341576553446,"2025-10-10","16:00","2MM06374","60"
"2025-10-10 17:00:00",0.573489683560668,"2025-10-10","17:00","2MM06374","60"
"2025-10-10 18:00:00",-0.470007952992855,"2025-10-10","18:00","2MM06374","60"
"2025-10-10 19:00:00",-0.407915001338268,"2025-10-10","19:00","2MM06374","60"
"2025-10-10 20:00:00",-0.337035215606448,"2025-10-10","20:00","2MM06374","60"
"2025-10-10 21:00:00",-0.204304437192156,"2025-10-10","21:00","2MM06374","60"
"2025-10-10 22:00:00",-0.115060212669215,"2025-10-10","22:00","2MM06374","60"
"2025-10-10 23:00:00",-0.294131896729847,"2025-10-10","23:00","2MM06374","60"
"2025-10-11",0.0229402713234998,"2025-10-11","00:00","2MM06374","60"
"2025-10-11 01:00:00",0.120617816486992,"2025-10-11","01:00","2MM06374","60"
"2025-10-11 02:00:00",0.195259664520419,"2025-10-11","02:00","2MM06374","60"
"2025-10-11 03:00:00",0.192940249413391,"2025-10-11","03:00","2MM06374","60"
"2025-10-11 04:00:00",0.17436784453132,"2025-10-11","04:00","2MM06374","60"
"2025-10-11 05:00:00",0.185653312397647,"2025-10-11","05:00","2MM06374","60"
"2025-10-11 06:00:00",0.0656104967824277,"2025-10-11","06:00","2MM06374","60"
"2025-10-11 07:00:00",0.218750303409211,"2025-10-11","07:00","2MM06374","60"
"2025-10-11 08:00:00",-0.459845791124189,"2025-10-11","08:00","2MM06374","60"
"2025-10-11 09:00:00",0.296485333461487,"2025-10-11","09:00","2MM06374","60"
"2025-10-11 10:00:00",0.396003524370283,"2025-10-11","10:00","2MM06374","60"
"2025-10-11 11:00:00",-0.019345460296547,"2025-10-11","11:00","2MM06374","60"
"2025-10-11 12:00:00",0.0310009131588189,"2025-10-11","12:00","2MM06374","60"
"2025-10-11 13:00:00",0.209852238804377,"2025-10-11","13:00","2MM06374","60"
"2025-10-11 14:00:00",-0.401164615969329,"2025-10-11","14:00","2MM06374","60"
"2025-10-11 15:00:00",-0.137144772649399,"2025-10-11","15:00","2MM06374","60"
"2025-10-11 16:00:00",-0.363874343422423,"2025-10-11","16:00","2MM06374","60"
"2025-10-11 17:00:00",-0.149908477568645,"2025-10-11","17:00","2MM06374","60"
"2025-10-11 18:00:00",-0.0169909812451722,"2025-10-11","18:00","2MM06374","60"
"2025-10-11 19:00:00",-0.597720980250889,"2025-10-11","19:00","2MM06374","60"
"2025-10-11 20:00:00",-0.488965713109638,"2025-10-11","20:00","2MM06374","60"
"2025-10-11 21:00:00",-0.665720625083517,"2025-10-11","21:00","2MM06374","60"
"2025-10-11 22:00:00",-0.593997281218601,"2025-10-11","22:00","2MM06374","60"
"2025-10-11 23:00:00",-0.661532287940215,"2025-10-11","23:00","2MM06374","60"
"2025-10-12",-0.431143074861865,"2025-10-12","00:00","2MM06374","60"
"2025-10-12 01:00:00",-0.362449224285551,"2025-10-12","01:00","2MM06374","60"
"2025-10-12 02:00:00",-0.150798781744514,"2025-10-12","02:00","2MM06374","60"
"2025-10-12 03:00:00",-0.299085804726824,"2025-10-12","03:00","2MM06374","60"
"2025-10-12 04:00:00",-0.454494366907329,"2025-10-12","04:00","2MM06374","60"
"2025-10-12 05:00:00",-0.221920757682625,"2025-10-12","05:00","2MM06374","60"
"2025-10-12 06:00:00",-0.109742108002194,"2025-10-12","06:00","2MM06374","60"
"2025-10-12 07:00:00",-0.0305834989243875,"2025-10-12","07:00","2MM06374","60"
"2025-10-12 08:00:00",0.00395792957636112,"2025-10-12","08:00","2MM06374","60"
"2025-10-12 09:00:00",0.141022625735458,"2025-10-12","09:00","2MM06374","60"
"2025-10-12 10:00:00",-0.387090616128476,"2025-10-12","10:00","2MM06374","60"
"2025-10-12 11:00:00",0.109542232149573,"2025-10-12","11:00","2MM06374","60"
"2025-10-12 12:00:00",-0.108247798710424,"2025-10-12","12:00","2MM06374","60"
"2025-10-12 13:00:00",-0.169656384879625,"2025-10-12","13:00","2MM06374","60"
"2025-10-12 14:00:00",-0.20741125758228,"2025-10-12","14:00","2MM06374","60"
"2025-10-12 15:00:00",-0.0617313591924107,"2025-10-12","15:00","2MM06374","60"
"2025-10-12 16:00:00",-0.416446503040412,"2025-10-12","16:00","2MM06374","60"
"2025-10-12 17:00:00",-0.255730797219448,"2025-10-12","17:00","2MM06374","60"
"2025-10-12 18:00:00",0.00222605185781488,"2025-10-12","18:00","2MM06374","60"
"2025-10-12 19:00:00",-0.555316679076651,"2025-10-12","19:00","2MM06374","60"
"2025-10-12 20:00:00",-0.654564405409637,"2025-10-12","20:00","2MM06374","60"
"2025-10-12 21:00:00",-0.422924696736679,"2025-10-12","21:00","2MM06374","60"
"2025-10-12 22:00:00",-0.472492923024208,"2025-10-12","22:00","2MM06374","60"
"2025-10-12 23:00:00",-0.480500705971952,"2025-10-12","23:00","2MM06374","60"
"2025-10-13",0.0395451753183497,"2025-10-13","00:00","2MM06374","60"
"2025-10-13 01:00:00",0.230113317099907,"2025-10-13","01:00","2MM06374","60"
"2025-10-13 02:00:00",0.186888705757053,"2025-10-13","02:00","2MM06374","60"
"2025-10-13 03:00:00",0.152908615026216,"2025-10-13","03:00","2MM06374","60"
"2025-10-13 04:00:00",0.145989383595689,"2025-10-13","04:00","2MM06374","60"
"2025-10-13 05:00:00",0.0842735019758242,"2025-10-13","05:00","2MM06374","60"
"2025-10-13 06:00:00",-0.0447319976758768,"2025-10-13","06:00","2MM06374","60"
"2025-10-13 07:00:00",-0.13489162254982,"2025-10-13","07:00","2MM06374","60"
"2025-10-13 08:00:00",-0.322000631555928,"2025-10-13","08:00","2MM06374","60"
"2025-10-13 09:00:00",-0.39218480125221,"2025-10-13","09:00","2MM06374","60"
"2025-10-13 10:00:00",-0.602696278318637,"2025-10-13","10:00","2MM06374","60"
"2025-10-13 11:00:00",-0.132819030105221,"2025-10-13","11:00","2MM06374","60"
"2025-10-13 12:00:00",-0.269072321255486,"2025-10-13","12:00","2MM06374","60"
"2025-10-13 13:00:00",-0.386223028858004,"2025-10-13","13:00","2MM06374","60"
"2025-10-13 14:00:00",-0.193421036357345,"2025-10-13","14:00","2MM06374","60"
"2025-10-13 15:00:00",-0.322692134552834,"2025-10-13","15:00","2MM06374","60"
"2025-10-13 16:00:00",-0.22060602676522,"2025-10-13","16:00","2MM06374","60"
"2025-10-13 17:00:00",-0.11028293995755,"2025-10-13","17:00","2MM06374","60"
"2025-10-13 18:00:00",-0.102896156506972,"2025-10-13","18:00","2MM06374","60"
"2025-10-13 19:00:00",-0.23800924362236,"2025-10-13","19:00","2MM06374","60"
"2025-10-13 20:00:00",-0.16456130588199,"2025-10-13","20:00","2MM06374","60"
"2025-10-13 21:00:00",-0.0443303081426715,"2025-10-13","21:00","2MM06374","60"
"2025-10-13 22:00:00",-0.118089171194686,"2025-10-13","22:00","2MM06374","60"
"2025-10-13 23:00:00",0.0856399575258759,"2025-10-13","23:00","2MM06374","60"
"2025-10-14",0.0270641647527672,"2025-10-14","00:00","2MM06374","60"
"2025-10-14 01:00:00",-0.181596910136599,"2025-10-14","01:00","2MM06374","60"
"2025-10-14 02:00:00",0.0723018183314196,"2025-10-14","02:00","2MM06374","60"
"2025-10-14 03:00:00",0.136734354421798,"2025-10-14","03:00","2MM06374","60"
"2025-10-14 04:00:00",-0.159427543977246,"2025-10-14","04:00","2MM06374","60"
"2025-10-14 05:00:00",0.0192840371313369,"2025-10-14","05:00","2MM06374","60"
"2025-10-14 06:00:00",-0.268690454087287,"2025-10-14","06:00","2MM06374","60"
"2025-10-14 07:00:00",0.102712190732333,"2025-10-14","07:00","2MM06374","60"
"2025-10-14 08:00:00",-0.0220145486410801,"2025-10-14","08:00","2MM06374","60"
"2025-10-14 09:00:00",-0.424871831150957,"2025-10-14","09:00","2MM06374","60"
"2025-10-14 10:00:00",0.131633943888185,"2025-10-14","10:00","2MM06374","60"
"2025-10-14 11:00:00",-0.134395793402842,"2025-10-14","11:00","2MM06374","60"
"2025-10-14 12:00:00",-0.158036402240795,"2025-10-14","12:00","2MM06374","60"
"2025-10-14 13:00:00",-0.125297509292112,"2025-10-14","13:00","2MM06374","60"
"2025-10-14 14:00:00",-0.0632573343544089,"2025-10-14","14:00","2MM06374","60"
"2025-10-14 15:00:00",-0.338962290156938,"2025-10-14","15:00","2MM06374","60"
"2025-10-14 16:00:00",-0.242558186648028,"2025-10-14","16:00","2MM06374","60"
"2025-10-14 17:00:00",-0.284006055896251,"2025-10-14","17:00","2MM06374","60"
"2025-10-14 18:00:00",-0.0784836247452584,"2025-10-14","18:00","2MM06374","60"
"2025-10-14 19:00:00",0.034963492943389,"2025-10-14","19:00","2MM06374","60"
"2025-10-14 20:00:00",-0.212265063558849,"2025-10-14","20:00","2MM06374","60"
"2025-10-14 21:00:00",0.00137369375825582,"2025-10-14","21:00","2MM06374","60"
"2025-10-14 22:00:00",0.0131419546908229,"2025-10-14","22:00","2MM06374","60"
"2025-10-14 23:00:00",-0.00011195762492859,"2025-10-14","23:00","2MM06374","60"
"2025-10-15",0.100204731827863,"2025-10-15","00:00","2MM06374","60"
"2025-10-15 01:00:00",0.242112042794626,"2025-10-15","01:00","2MM06374","60"
"2025-10-15 02:00:00",0.0987631431007421,"2025-10-15","02:00","2MM06374","60"
"2025-10-15 03:00:00",0.223090329040283,"2025-10-15","03:00","2MM06374","60"
"2025-10-15 04:00:00",0.0688761911315806,"2025-10-15","04:00","2MM06374","60"
"2025-10-15 05:00:00",0.0586372624315351,"2025-10-15","05:00","2MM06374","60"
"2025-10-15 06:00:00",-0.228718366248554,"2025-10-15","06:00","2MM06374","60"
"2025-10-15 07:00:00",0.142772810196164,"2025-10-15","07:00","2MM06374","60"
"2025-10-15 08:00:00",-0.0979950702560777,"2025-10-15","08:00","2MM06374","60"
"2025-10-15 09:00:00",-0.258060326653912,"2025-10-15","09:00","2MM06374","60"
"2025-10-15 10:00:00",-0.560250994858556,"2025-10-15","10:00","2MM06374","60"
"2025-10-15 11:00:00",-0.44288776069499,"2025-10-15","11:00","2MM06374","60"
"2025-10-15 12:00:00",-0.385066573602008,"2025-10-15","12:00","2MM06374","60"
"2025-10-15 13:00:00",-0.415981743424707,"2025-10-15","13:00","2MM06374","60"
"2025-10-15 14:00:00",-0.0716571884003109,"2025-10-15","14:00","2MM06374","60"
"2025-10-15 15:00:00",-0.299384056715385,"2025-10-15","15:00","2MM06374","60"
"2025-10-15 16:00:00",-0.135048331035307,"2025-10-15","16:00","2MM06374","60"
"2025-10-15 17:00:00",-0.168987659405841,"2025-10-15","17:00","2MM06374","60"
"2025-10-15 18:00:00",-0.104428488871212,"2025-10-15","18:00","2MM06374","60"
"2025-10-15 19:00:00",-0.0772784959054108,"2025-10-15","19:00","2MM06374","60"
"2025-10-15 20:00:00",-0.168690116592349,"2025-10-15","20:00","2MM06374","60"
"2025-10-15 21:00:00",-0.189192678283373,"2025-10-15","21:00","2MM06374","60"
"2025-10-15 22:00:00",-0.326831758996871,"2025-10-15","22:00","2MM06374","60"
"2025-10-15 23:00:00",-0.0517454536639956,"2025-10-15","23:00","2MM06374","60"
"2025-10-16",0.106247097169432,"2025-10-16","00:00","2MM06374","60"
"2025-10-16 01:00:00",0.0833107808733452,"2025-10-16","01:00","2MM06374","60"
"2025-10-16 02:00:00",0.263161455353891,"2025-10-16","02:00","2MM06374","60"
"2025-10-16 03:00:00",0.214068865215523,"2025-10-16","03:00","2MM06374","60"
"2025-10-16 04:00:00",0.182279693927421,"2025-10-16","04:00","2MM06374","60"
"2025-10-16 05:00:00",0.134324003497714,"2025-10-16","05:00","2MM06374","60"
"2025-10-16 06:00:00",-0.18453917481613,"2025-10-16","06:00","2MM06374","60"
"2025-10-16 07:00:00",0.122428383089508,"2025-10-16","07:00","2MM06374","60"
"2025-10-16 08:00:00",-0.403853208738316,"2025-10-16","08:00","2MM06374","60"
"2025-10-16 09:00:00",-0.00655046663569053,"2025-10-16","09:00","2MM06374","60"
"2025-10-16 10:00:00",0.115461230212037,"2025-10-16","10:00","2MM06374","60"
"2025-10-16 11:00:00",-0.0606651297780179,"2025-10-16","11:00","2MM06374","60"
"2025-10-16 12:00:00",-0.140770740954124,"2025-10-16","12:00","2MM06374","60"
"2025-10-16 13:00:00",0.210638784990399,"2025-10-16","13:00","2MM06374","60"
"2025-10-16 14:00:00",-0.284710718363044,"2025-10-16","14:00","2MM06374","60"
"2025-10-16 15:00:00",-0.172027267171745,"2025-10-16","15:00","2MM06374","60"
"2025-10-16 16:00:00",0.131419364353174,"2025-10-16","16:00","2MM06374","60"
"2025-10-16 17:00:00",-0.466843796833331,"2025-10-16","17:00","2MM06374","60"
"2025-10-16 18:00:00",-0.226064254631404,"2025-10-16","18:00","2MM06374","60"
"2025-10-16 19:00:00",-0.487405574085783,"2025-10-16","19:00","2MM06374","60"
"2025-10-16 20:00:00",-0.387952629212376,"2025-10-16","20:00","2MM06374","60"
"2025-10-16 21:00:00",-0.379997586457866,"2025-10-16","21:00","2MM06374","60"
"2025-10-16 22:00:00",-0.370147867976134,"2025-10-16","22:00","2MM06374","60"
"2025-10-16 23:00:00",-0.347840433477114,"2025-10-16","23:00","2MM06374","60"
"2025-10-17",-0.0873312214615267,"2025-10-17","00:00","2MM06374","60"
"2025-10-17 01:00:00",0.0965018080449503,"2025-10-17","01:00","2MM06374","60"
"2025-10-17 02:00:00",0.258272125562249,"2025-10-17","02:00","2MM06374","60"
"2025-10-17 03:00:00",0.287046240284187,"2025-10-17","03:00","2MM06374","60"
"2025-10-17 04:00:00",0.155628632248888,"2025-10-17","04:00","2MM06374","60"
"2025-10-17 05:00:00",0.0205401394663081,"2025-10-17","05:00","2MM06374","60"
"2025-10-17 06:00:00",-0.220002945628575,"2025-10-17","06:00","2MM06374","60"
"2025-10-17 07:00:00",0.100895293975045,"2025-10-17","07:00","2MM06374","60"
"2025-10-17 08:00:00",-0.405842928094668,"2025-10-17","08:00","2MM06374","60"
"2025-10-17 09:00:00",-0.424513833443753,"2025-10-17","09:00","2MM06374","60"
"2025-10-17 10:00:00",-0.419625701574744,"2025-10-17","10:00","2MM06374","60"
"2025-10-17 11:00:00",-0.507897535675933,"2025-10-17","11:00","2MM06374","60"
"2025-10-17 12:00:00",-0.408140680203618,"2025-10-17","12:00","2MM06374","60"
"2025-10-17 13:00:00",-0.221476117054337,"2025-10-17","13:00","2MM06374","60"
"2025-10-17 14:00:00",-0.367487715641081,"2025-10-17","14:00","2MM06374","60"
"2025-10-17 15:00:00",-0.393045421570987,"2025-10-17","15:00","2MM06374","60"
"2025-10-17 16:00:00",-0.1037474204042,"2025-10-17","16:00","2MM06374","60"
"2025-10-17 17:00:00",-0.330624710412504,"2025-10-17","17:00","2MM06374","60"
"2025-10-17 18:00:00",-0.485326945331134,"2025-10-17","18:00","2MM06374","60"
"2025-10-17 19:00:00",-0.508286131884008,"2025-10-17","19:00","2MM06374","60"
"2025-10-17 20:00:00",-0.58305596720846,"2025-10-17","20:00","2MM06374","60"
"2025-10-17 21:00:00",-0.424354742397564,"2025-10-17","21:00","2MM06374","60"
"2025-10-17 22:00:00",-0.486020569712503,"2025-10-17","22:00","2MM06374","60"
"2025-10-17 23:00:00",-0.294167878409882,"2025-10-17","23:00","2MM06374","60"
"2025-10-18",-0.169294539160355,"2025-10-18","00:00","2MM06374","60"
"2025-10-18 01:00:00",-0.160764066926417,"2025-10-18","01:00","2MM06374","60"
"2025-10-18 02:00:00",-0.154374267146781,"2025-10-18","02:00","2MM06374","60"
"2025-10-18 03:00:00",0.0318683881851929,"2025-10-18","03:00","2MM06374","60"
"2025-10-18 04:00:00",0.0435188794355974,"2025-10-18","04:00","2MM06374","60"
"2025-10-18 05:00:00",-0.29811111241649,"2025-10-18","05:00","2MM06374","60"
"2025-10-18 06:00:00",-0.264807153528662,"2025-10-18","06:00","2MM06374","60"
"2025-10-18 07:00:00",-0.156376112816222,"2025-10-18","07:00","2MM06374","60"
"2025-10-18 08:00:00",-0.0178598998768921,"2025-10-18","08:00","2MM06374","60"
"2025-10-18 09:00:00",-0.495789938266088,"2025-10-18","09:00","2MM06374","60"
"2025-10-18 10:00:00",-0.389159290370875,"2025-10-18","10:00","2MM06374","60"
"2025-10-18 11:00:00",-0.444564878655275,"2025-10-18","11:00","2MM06374","60"
"2025-10-18 12:00:00",-0.397777400098137,"2025-10-18","12:00","2MM06374","60"
"2025-10-18 13:00:00",-0.60292264460745,"2025-10-18","13:00","2MM06374","60"
"2025-10-18 14:00:00",-0.613739646726673,"2025-10-18","14:00","2MM06374","60"
"2025-10-18 15:00:00",-0.164370056483888,"2025-10-18","15:00","2MM06374","60"
"2025-10-18 16:00:00",-0.257797011285702,"2025-10-18","16:00","2MM06374","60"
"2025-10-18 17:00:00",-0.457247180033083,"2025-10-18","17:00","2MM06374","60"
"2025-10-18 18:00:00",-0.209509743148946,"2025-10-18","18:00","2MM06374","60"
"2025-10-18 19:00:00",-0.61049778859927,"2025-10-18","19:00","2MM06374","60"
"2025-10-18 20:00:00",-0.747937680319607,"2025-10-18","20:00","2MM06374","60"
"2025-10-18 21:00:00",-0.554400655742287,"2025-10-18","21:00","2MM06374","60"
"2025-10-18 22:00:00",-0.550782567869305,"2025-10-18","22:00","2MM06374","60"
"2025-10-18 23:00:00",-0.545238056044085,"2025-10-18","23:00","2MM06374","60"
"2025-10-19",-0.134156350113856,"2025-10-19","00:00","2MM06374","60"
"2025-10-19 01:00:00",0.102067707747825,"2025-10-19","01:00","2MM06374","60"
"2025-10-19 02:00:00",-0.0977030414285329,"2025-10-19","02:00","2MM06374","60"
"2025-10-19 03:00:00",-0.00105285742133198,"2025-10-19","03:00","2MM06374","60"
"2025-10-19 04:00:00",-0.213610964810841,"2025-10-19","04:00","2MM06374","60"
"2025-10-19 05:00:00",-0.241196962821572,"2025-10-19","05:00","2MM06374","60"
"2025-10-19 06:00:00",-0.0993015458676746,"2025-10-19","06:00","2MM06374","60"
"2025-10-19 07:00:00",-0.0950983288793077,"2025-10-19","07:00","2MM06374","60"
"2025-10-19 08:00:00",0.455699169180623,"2025-10-19","08:00","2MM06374","60"
"2025-10-19 09:00:00",-0.539950166245173,"2025-10-19","09:00","2MM06374","60"
"2025-10-19 10:00:00",0.352862990473777,"2025-10-19","10:00","2MM06374","60"
"2025-10-19 11:00:00",-0.303376399572171,"2025-10-19","11:00","2MM06374","60"
"2025-10-19 12:00:00",-0.565566992232108,"2025-10-19","12:00","2MM06374","60"
"2025-10-19 13:00:00",-0.00568855707253215,"2025-10-19","13:00","2MM06374","60"
"2025-10-19 14:00:00",-0.225988086829905,"2025-10-19","14:00","2MM06374","60"
"2025-10-19 15:00:00",-0.0626947076228143,"2025-10-19","15:00","2MM06374","60"
"2025-10-19 16:00:00",-0.22045323965577,"2025-10-19","16:00","2MM06374","60"
"2025-10-19 17:00:00",-0.0230400071095317,"2025-10-19","17:00","2MM06374","60"
"2025-10-19 18:00:00",-0.0825133273329112,"2025-10-19","18:00","2MM06374","60"
"2025-10-19 19:00:00",0.203778713181682,"2025-10-19","19:00","2MM06374","60"
"2025-10-19 20:00:00",-0.110063510706115,"2025-10-19","20:00","2MM06374","60"
"2025-10-19 21:00:00",-0.119356917528356,"2025-10-19","21:00","2MM06374","60"
"2025-10-19 22:00:00",-0.132155534533333,"2025-10-19","22:00","2MM06374","60"
"2025-10-19 23:00:00",-0.238415037356286,"2025-10-19","23:00","2MM06374","60"
"2025-10-20",0.238063511383351,"2025-10-20","00:00","2MM06374","60"
"2025-10-20 01:00:00",0.196661706301721,"2025-10-20","01:00","2MM06374","60"
"2025-10-20 02:00:00",0.162797742092443,"2025-10-20","02:00","2MM06374","60"
"2025-10-20 03:00:00",0.129767777879299,"2025-10-20","03:00","2MM06374","60"
"2025-10-20 04:00:00",0.121882614773896,"2025-10-20","04:00","2MM06374","60"
"2025-10-20 05:00:00",0.0581135364750944,"2025-10-20","05:00","2MM06374","60"
"2025-10-20 06:00:00",-0.351190265390785,"2025-10-20","06:00","2MM06374","60"
"2025-10-20 07:00:00",0.154423933496756,"2025-10-20","07:00","2MM06374","60"
"2025-10-20 08:00:00",-0.218923393425086,"2025-10-20","08:00","2MM06374","60"
"2025-10-20 09:00:00",0.18960016555404,"2025-10-20","09:00","2MM06374","60"
"2025-10-20 10:00:00",0.143124736756411,"2025-10-20","10:00","2MM06374","60"
"2025-10-20 11:00:00",0.0958172218431144,"2025-10-20","11:00","2MM06374","60"
"2025-10-20 12:00:00",0.164276543075401,"2025-10-20","12:00","2MM06374","60"
"2025-10-20 13:00:00",-0.195739941697111,"2025-10-20","13:00","2MM06374","60"
"2025-10-20 14:00:00",-0.0799949812505485,"2025-10-20","14:00","2MM06374","60"
"2025-10-20 15:00:00",-0.360534285543701,"2025-10-20","15:00","2MM06374","60"
"2025-10-20 16:00:00",-0.203887541182994,"2025-10-20","16:00","2MM06374","60"
"2025-10-20 17:00:00",-0.394957734315568,"2025-10-20","17:00","2MM06374","60"
"2025-10-20 18:00:00",0.131595955448765,"2025-10-20","18:00","2MM06374","60"
"2025-10-20 19:00:00",-0.0688615457506376,"2025-10-20","19:00","2MM06374","60"
"2025-10-20 20:00:00",-0.48680028019676,"2025-10-20","20:00","2MM06374","60"
"2025-10-20 21:00:00",-0.157193715188055,"2025-10-20","21:00","2MM06374","60"
"2025-10-20 22:00:00",-0.375486966388613,"2025-10-20","22:00","2MM06374","60"
"2025-10-20 23:00:00",-0.310179645119209,"2025-10-20","23:00","2MM06374","60"
"2025-10-21",0.0282954430850074,"2025-10-21","00:00","2MM06374","60"
"2025-10-21 01:00:00",0.122648450854987,"2025-10-21","01:00","2MM06374","60"
"2025-10-21 02:00:00",0.0589636584976385,"2025-10-21","02:00","2MM06374","60"
"2025-10-21 03:00:00",0.219039817335559,"2025-10-21","03:00","2MM06374","60"
"2025-10-21 04:00:00",-0.0290051005992721,"2025-10-21","04:00","2MM06374","60"
"2025-10-21 05:00:00",0.169375419470876,"2025-10-21","05:00","2MM06374","60"
"2025-10-21 06:00:00",-0.38996400087438,"2025-10-21","06:00","2MM06374","60"
"2025-10-21 07:00:00",0.120788192826347,"2025-10-21","07:00","2MM06374","60"
"2025-10-21 08:00:00",-0.402211379071063,"2025-10-21","08:00","2MM06374","60"
"2025-10-21 09:00:00",-0.187973252610935,"2025-10-21","09:00","2MM06374","60"
"2025-10-21 10:00:00",0.147827099373652,"2025-10-21","10:00","2MM06374","60"
"2025-10-21 11:00:00",0.174095387602611,"2025-10-21","11:00","2MM06374","60"
"2025-10-21 12:00:00",-0.207807084966829,"2025-10-21","12:00","2MM06374","60"
"2025-10-21 13:00:00",-0.229042587196606,"2025-10-21","13:00","2MM06374","60"
"2025-10-21 14:00:00",-0.261554523964339,"2025-10-21","14:00","2MM06374","60"
"2025-10-21 15:00:00",-0.373971089642911,"2025-10-21","15:00","2MM06374","60"
"2025-10-21 16:00:00",-0.17046396898613,"2025-10-21","16:00","2MM06374","60"
"2025-10-21 17:00:00",-0.236018655263978,"2025-10-21","17:00","2MM06374","60"
"2025-10-21 18:00:00",-0.429706835761135,"2025-10-21","18:00","2MM06374","60"
"2025-10-21 19:00:00",-0.55436991600226,"2025-10-21","19:00","2MM06374","60"
"2025-10-21 20:00:00",-0.667865503006406,"2025-10-21","20:00","2MM06374","60"
"2025-10-21 21:00:00",-0.451732301015496,"2025-10-21","21:00","2MM06374","60"
"2025-10-21 22:00:00",-0.75912367934581,"2025-10-21","22:00","2MM06374","60"
"2025-10-21 23:00:00",-0.527791320554237,"2025-10-21","23:00","2MM06374","60"
"2025-10-22",-0.103721647795728,"2025-10-22","00:00","2MM06374","60"
"2025-10-22 01:00:00",-0.150450045198504,"2025-10-22","01:00","2MM06374","60"
"2025-10-22 02:00:00",0.18818486890347,"2025-10-22","02:00","2MM06374","60"
"2025-10-22 03:00:00",0.139971506579989,"2025-10-22","03:00","2MM06374","60"
"2025-10-22 04:00:00",-0.330267218263843,"2025-10-22","04:00","2MM06374","60"
"2025-10-22 05:00:00",-0.218876635977255,"2025-10-22","05:00","2MM06374","60"
"2025-10-22 06:00:00",-0.605388669185638,"2025-10-22","06:00","2MM06374","60"
"2025-10-22 07:00:00",-0.487976290284892,"2025-10-22","07:00","2MM06374","60"
"2025-10-22 08:00:00",-0.493682800133654,"2025-10-22","08:00","2MM06374","60"
"2025-10-22 09:00:00",-0.261047073024461,"2025-10-22","09:00","2MM06374","60"
"2025-10-22 10:00:00",-0.258930702473315,"2025-10-22","10:00","2MM06374","60"
"2025-10-22 11:00:00",0.220755750502002,"2025-10-22","11:00","2MM06374","60"
"2025-10-22 12:00:00",-0.137624931890544,"2025-10-22","12:00","2MM06374","60"
"2025-10-22 13:00:00",0.0961163184330956,"2025-10-22","13:00","2MM06374","60"
"2025-10-22 14:00:00",-0.282851721386054,"2025-10-22","14:00","2MM06374","60"
"2025-10-22 15:00:00",-0.10791340304086,"2025-10-22","15:00","2MM06374","60"
"2025-10-22 16:00:00",-0.477496639149571,"2025-10-22","16:00","2MM06374","60"
"2025-10-22 17:00:00",-0.0371202399342504,"2025-10-22","17:00","2MM06374","60"
"2025-10-22 18:00:00",-0.460490335926784,"2025-10-22","18:00","2MM06374","60"
"2025-10-22 19:00:00",-0.740167363588495,"2025-10-22","19:00","2MM06374","60"
"2025-10-22 20:00:00",0.206210827895493,"2025-10-22","20:00","2MM06374","60"
"2025-10-22 21:00:00",0.233559192402206,"2025-10-22","21:00","2MM06374","60"
"2025-10-22 22:00:00",0.267119178561866,"2025-10-22","22:00","2MM06374","60"
"2025-10-22 23:00:00",0.243128226846275,"2025-10-22","23:00","2MM06374","60"
"2025-10-23",0.0637856682241029,"2025-10-23","00:00","2MM06374","60"
"2025-10-23 01:00:00",0.106732686988456,"2025-10-23","01:00","2MM06374","60"
"2025-10-23 02:00:00",-0.0226131104503585,"2025-10-23","02:00","2MM06374","60"
"2025-10-23 03:00:00",0.192077097015526,"2025-10-23","03:00","2MM06374","60"
"2025-10-23 04:00:00",0.116521258869194,"2025-10-23","04:00","2MM06374","60"
"2025-10-23 05:00:00",0.0285370187520462,"2025-10-23","05:00","2MM06374","60"
"2025-10-23 06:00:00",0.125368347806645,"2025-10-23","06:00","2MM06374","60"
"2025-10-23 07:00:00",-0.0984755200746057,"2025-10-23","07:00","2MM06374","60"
"2025-10-23 08:00:00",-0.0283178977231353,"2025-10-23","08:00","2MM06374","60"
"2025-10-23 09:00:00",0.0631297808349829,"2025-10-23","09:00","2MM06374","60"
"2025-10-23 10:00:00",-0.0273802362261551,"2025-10-23","10:00","2MM06374","60"
"2025-10-23 11:00:00",0.0300074304492306,"2025-10-23","11:00","2MM06374","60"
"2025-10-23 12:00:00",0.0216958778308125,"2025-10-23","12:00","2MM06374","60"
"2025-10-23 13:00:00",-0.133666422263185,"2025-10-23","13:00","2MM06374","60"
"2025-10-23 14:00:00",-0.239317840230209,"2025-10-23","14:00","2MM06374","60"
"2025-10-23 15:00:00",-0.00642785353594682,"2025-10-23","15:00","2MM06374","60"
"2025-10-23 16:00:00",-0.135252965487834,"2025-10-23","16:00","2MM06374","60"
"2025-10-23 17:00:00",-0.18921926084622,"2025-10-23","17:00","2MM06374","60"
"2025-10-23 18:00:00",-0.0836763994476714,"2025-10-23","18:00","2MM06374","60"
"2025-10-23 19:00:00",0.0186870684841547,"2025-10-23","19:00","2MM06374","60"
"2025-10-23 20:00:00",0.0197002513862918,"2025-10-23","20:00","2MM06374","60"
"2025-10-23 21:00:00",-0.193662753640489,"2025-10-23","21:00","2MM06374","60"
"2025-10-23 22:00:00",-0.200025432144547,"2025-10-23","22:00","2MM06374","60"
"2025-10-23 23:00:00",-0.132386808310167,"2025-10-23","23:00","2MM06374","60"
"2025-10-24",-0.131637277072554,"2025-10-24","00:00","2MM06374","60"
"2025-10-24 01:00:00",0.0667877773605801,"2025-10-24","01:00","2MM06374","60"
"2025-10-24 02:00:00",0.0185546854722714,"2025-10-24","02:00","2MM06374","60"
"2025-10-24 03:00:00",0.0857517225310966,"2025-10-24","03:00","2MM06374","60"
"2025-10-24 04:00:00",0.101009895366539,"2025-10-24","04:00","2MM06374","60"
"2025-10-24 05:00:00",-0.0746613079447935,"2025-10-24","05:00","2MM06374","60"
"2025-10-24 06:00:00",-0.110932297961265,"2025-10-24","06:00","2MM06374","60"
"2025-10-24 07:00:00",-0.546305567307819,"2025-10-24","07:00","2MM06374","60"
"2025-10-24 08:00:00",-0.73113417058392,"2025-10-24","08:00","2MM06374","60"
"2025-10-24 09:00:00",-0.0561288754214998,"2025-10-24","09:00","2MM06374","60"
"2025-10-24 10:00:00",-0.513213175911832,"2025-10-24","10:00","2MM06374","60"
"2025-10-24 11:00:00",-0.0807443141317764,"2025-10-24","11:00","2MM06374","60"
"2025-10-24 12:00:00",-0.257826473334237,"2025-10-24","12:00","2MM06374","60"
"2025-10-24 13:00:00",-0.026186073604555,"2025-10-24","13:00","2MM06374","60"
"2025-10-24 14:00:00",-0.424118814803405,"2025-10-24","14:00","2MM06374","60"
"2025-10-24 15:00:00",-0.264329824068325,"2025-10-24","15:00","2MM06374","60"
"2025-10-24 16:00:00",0.0145987302232171,"2025-10-24","16:00","2MM06374","60"
"2025-10-24 17:00:00",-0.243805659785716,"2025-10-24","17:00","2MM06374","60"
"2025-10-24 18:00:00",-0.169662279276469,"2025-10-24","18:00","2MM06374","60"
"2025-10-24 19:00:00",-0.380841829402636,"2025-10-24","19:00","2MM06374","60"
"2025-10-24 20:00:00",-0.176230390207856,"2025-10-24","20:00","2MM06374","60"
"2025-10-24 21:00:00",-0.519472046966379,"2025-10-24","21:00","2MM06374","60"
"2025-10-24 22:00:00",-0.457655515080906,"2025-10-24","22:00","2MM06374","60"
"2025-10-24 23:00:00",-0.368182856958346,"2025-10-24","23:00","2MM06374","60"
"2025-10-25",-0.0719460169028624,"2025-10-25","00:00","2MM06374","60"
"2025-10-25 01:00:00",0.15542363667385,"2025-10-25","01:00","2MM06374","60"
"2025-10-25 02:00:00",0.126947332244445,"2025-10-25","02:00","2MM06374","60"
"2025-10-25 03:00:00",0.349005110341733,"2025-10-25","03:00","2MM06374","60"
"2025-10-25 04:00:00",0.261877154084212,"2025-10-25","04:00","2MM06374","60"
"2025-10-25 05:00:00",0.263311268854663,"2025-10-25","05:00","2MM06374","60"
"2025-10-25 06:00:00",-0.000490077081613076,"2025-10-25","06:00","2MM06374","60"
"2025-10-25 07:00:00",0.0122904200180805,"2025-10-25","07:00","2MM06374","60"
"2025-10-25 08:00:00",0.0585774675600168,"2025-10-25","08:00","2MM06374","60"
"2025-10-25 09:00:00",-0.497561773968757,"2025-10-25","09:00","2MM06374","60"
"2025-10-25 10:00:00",-0.000194601441016067,"2025-10-25","10:00","2MM06374","60"
"2025-10-25 11:00:00",0.209803830359301,"2025-10-25","11:00","2MM06374","60"
"2025-10-25 12:00:00",-0.223659747834937,"2025-10-25","12:00","2MM06374","60"
"2025-10-25 13:00:00",-0.00746748583961566,"2025-10-25","13:00","2MM06374","60"
"2025-10-25 14:00:00",-0.0367669761188102,"2025-10-25","14:00","2MM06374","60"
"2025-10-08 11:00:00",-0.359852465838523,"2025-10-08","11:00","2MM06378","97"
"2025-10-08 12:00:00",-0.111222970278532,"2025-10-08","12:00","2MM06378","97"
"2025-10-08 13:00:00",-0.206262410945878,"2025-10-08","13:00","2MM06378","97"
"2025-10-08 14:00:00",0.702328174104058,"2025-10-08","14:00","2MM06378","97"
"2025-10-08 15:00:00",-0.54435584126746,"2025-10-08","15:00","2MM06378","97"
"2025-10-08 16:00:00",0.534445908136417,"2025-10-08","16:00","2MM06378","97"
"2025-10-08 17:00:00",-0.159118708803564,"2025-10-08","17:00","2MM06378","97"
"2025-10-08 18:00:00",0.125339126292493,"2025-10-08","18:00","2MM06378","97"
"2025-10-08 19:00:00",-0.684400068275991,"2025-10-08","19:00","2MM06378","97"
"2025-10-08 20:00:00",-0.593987554062715,"2025-10-08","20:00","2MM06378","97"
"2025-10-08 21:00:00",-0.587485827880061,"2025-10-08","21:00","2MM06378","97"
"2025-10-08 22:00:00",-0.605226575882817,"2025-10-08","22:00","2MM06378","97"
"2025-10-08 23:00:00",-0.425892551198259,"2025-10-08","23:00","2MM06378","97"
"2025-10-09",-0.306366710690572,"2025-10-09","00:00","2MM06378","97"
"2025-10-09 01:00:00",0.0606181150981204,"2025-10-09","01:00","2MM06378","97"
"2025-10-09 02:00:00",0.0499296725872423,"2025-10-09","02:00","2MM06378","97"
"2025-10-09 03:00:00",-0.236679899195272,"2025-10-09","03:00","2MM06378","97"
"2025-10-09 04:00:00",0.190323965422088,"2025-10-09","04:00","2MM06378","97"
"2025-10-09 05:00:00",0.503205531086701,"2025-10-09","05:00","2MM06378","97"
"2025-10-09 06:00:00",0.656831656972305,"2025-10-09","06:00","2MM06378","97"
"2025-10-09 07:00:00",0.0327047408434281,"2025-10-09","07:00","2MM06378","97"
"2025-10-09 08:00:00",-0.185701902731059,"2025-10-09","08:00","2MM06378","97"
"2025-10-09 09:00:00",-0.428673929435785,"2025-10-09","09:00","2MM06378","97"
"2025-10-09 10:00:00",0.120381066253994,"2025-10-09","10:00","2MM06378","97"
"2025-10-09 11:00:00",-0.261224418457315,"2025-10-09","11:00","2MM06378","97"
"2025-10-09 12:00:00",-0.44668316906106,"2025-10-09","12:00","2MM06378","97"
"2025-10-09 13:00:00",-0.50522358045413,"2025-10-09","13:00","2MM06378","97"
"2025-10-09 14:00:00",-0.344246892587786,"2025-10-09","14:00","2MM06378","97"
"2025-10-09 15:00:00",-0.258866344692683,"2025-10-09","15:00","2MM06378","97"
"2025-10-09 16:00:00",-0.481162401028557,"2025-10-09","16:00","2MM06378","97"
"2025-10-09 17:00:00",0.201775249201073,"2025-10-09","17:00","2MM06378","97"
"2025-10-09 18:00:00",-0.288956636129053,"2025-10-09","18:00","2MM06378","97"
"2025-10-09 19:00:00",-0.745285674621906,"2025-10-09","19:00","2MM06378","97"
"2025-10-09 20:00:00",-0.631463872259374,"2025-10-09","20:00","2MM06378","97"
"2025-10-09 21:00:00",-0.787290855510331,"2025-10-09","21:00","2MM06378","97"
"2025-10-09 22:00:00",-0.596209687912068,"2025-10-09","22:00","2MM06378","97"
"2025-10-09 23:00:00",-0.489291864379695,"2025-10-09","23:00","2MM06378","97"
"2025-10-10",-0.34700397207872,"2025-10-10","00:00","2MM06378","97"
"2025-10-10 01:00:00",0.219019060412933,"2025-10-10","01:00","2MM06378","97"
"2025-10-10 02:00:00",-0.109877457932921,"2025-10-10","02:00","2MM06378","97"
"2025-10-10 03:00:00",-0.0825865893490419,"2025-10-10","03:00","2MM06378","97"
"2025-10-10 04:00:00",0.0994219376075745,"2025-10-10","04:00","2MM06378","97"
"2025-10-10 05:00:00",0.213048415992644,"2025-10-10","05:00","2MM06378","97"
"2025-10-10 06:00:00",0.436489900281084,"2025-10-10","06:00","2MM06378","97"
"2025-10-10 07:00:00",0.469634600172062,"2025-10-10","07:00","2MM06378","97"
"2025-10-10 08:00:00",-0.0677535133305239,"2025-10-10","08:00","2MM06378","97"
"2025-10-10 09:00:00",0.128991742419582,"2025-10-10","09:00","2MM06378","97"
"2025-10-10 10:00:00",0.331147772451794,"2025-10-10","10:00","2MM06378","97"
"2025-10-10 11:00:00",0.338387923982699,"2025-10-10","11:00","2MM06378","97"
"2025-10-10 12:00:00",-0.393873816804725,"2025-10-10","12:00","2MM06378","97"
"2025-10-10 13:00:00",-0.358132076291084,"2025-10-10","13:00","2MM06378","97"
"2025-10-10 14:00:00",-0.061365079472733,"2025-10-10","14:00","2MM06378","97"
"2025-10-10 15:00:00",-0.263902180403949,"2025-10-10","15:00","2MM06378","97"
"2025-10-10 16:00:00",-0.488883746983012,"2025-10-10","16:00","2MM06378","97"
"2025-10-10 17:00:00",-0.68995647637516,"2025-10-10","17:00","2MM06378","97"
"2025-10-10 18:00:00",-0.605125368509261,"2025-10-10","18:00","2MM06378","97"
"2025-10-10 19:00:00",-0.608917623209086,"2025-10-10","19:00","2MM06378","97"
"2025-10-10 20:00:00",-0.530796628686972,"2025-10-10","20:00","2MM06378","97"
"2025-10-10 21:00:00",-0.521201270928022,"2025-10-10","21:00","2MM06378","97"
"2025-10-10 22:00:00",-0.256326385119204,"2025-10-10","22:00","2MM06378","97"
"2025-10-10 23:00:00",-0.67308127124362,"2025-10-10","23:00","2MM06378","97"
"2025-10-11",-0.239585145445653,"2025-10-11","00:00","2MM06378","97"
"2025-10-11 01:00:00",-0.259903604305579,"2025-10-11","01:00","2MM06378","97"
"2025-10-11 02:00:00",-0.210243772954607,"2025-10-11","02:00","2MM06378","97"
"2025-10-11 03:00:00",-0.00721468908153164,"2025-10-11","03:00","2MM06378","97"
"2025-10-11 04:00:00",-0.124781542538769,"2025-10-11","04:00","2MM06378","97"
"2025-10-11 05:00:00",0.501315873379477,"2025-10-11","05:00","2MM06378","97"
"2025-10-11 06:00:00",0.390113101186294,"2025-10-11","06:00","2MM06378","97"
"2025-10-11 07:00:00",0.554338273333275,"2025-10-11","07:00","2MM06378","97"
"2025-10-11 08:00:00",-0.045794139024633,"2025-10-11","08:00","2MM06378","97"
"2025-10-11 09:00:00",0.00529652829155983,"2025-10-11","09:00","2MM06378","97"
"2025-10-11 10:00:00",0.0944355878185304,"2025-10-11","10:00","2MM06378","97"
"2025-10-11 11:00:00",-0.0859588880993744,"2025-10-11","11:00","2MM06378","97"
"2025-10-11 12:00:00",-0.302229263557096,"2025-10-11","12:00","2MM06378","97"
"2025-10-11 13:00:00",-0.240148097672192,"2025-10-11","13:00","2MM06378","97"
"2025-10-11 14:00:00",-0.412795751569179,"2025-10-11","14:00","2MM06378","97"
"2025-10-11 15:00:00",0.0297175595299761,"2025-10-11","15:00","2MM06378","97"
"2025-10-11 16:00:00",0.0440451232734643,"2025-10-11","16:00","2MM06378","97"
"2025-10-11 17:00:00",0.469960365435895,"2025-10-11","17:00","2MM06378","97"
"2025-10-11 18:00:00",-0.311251269968551,"2025-10-11","18:00","2MM06378","97"
"2025-10-11 19:00:00",-0.687726665486809,"2025-10-11","19:00","2MM06378","97"
"2025-10-11 20:00:00",-0.749861108894812,"2025-10-11","20:00","2MM06378","97"
"2025-10-11 21:00:00",-0.732442918918016,"2025-10-11","21:00","2MM06378","97"
"2025-10-11 22:00:00",-0.572709656717739,"2025-10-11","22:00","2MM06378","97"
"2025-10-11 23:00:00",-0.709249034550962,"2025-10-11","23:00","2MM06378","97"
"2025-10-12",-0.393107096786068,"2025-10-12","00:00","2MM06378","97"
"2025-10-12 01:00:00",-0.286739974018587,"2025-10-12","01:00","2MM06378","97"
"2025-10-12 02:00:00",-0.331383358670299,"2025-10-12","02:00","2MM06378","97"
"2025-10-12 03:00:00",-0.329636389666855,"2025-10-12","03:00","2MM06378","97"
"2025-10-12 04:00:00",-0.017754870165377,"2025-10-12","04:00","2MM06378","97"
"2025-10-12 05:00:00",0.251654702147543,"2025-10-12","05:00","2MM06378","97"
"2025-10-12 06:00:00",0.177593005409957,"2025-10-12","06:00","2MM06378","97"
"2025-10-12 07:00:00",0.508358320464112,"2025-10-12","07:00","2MM06378","97"
"2025-10-12 08:00:00",0.431467118448994,"2025-10-12","08:00","2MM06378","97"
"2025-10-12 09:00:00",-0.0773595182022972,"2025-10-12","09:00","2MM06378","97"
"2025-10-12 10:00:00",0.256107335926252,"2025-10-12","10:00","2MM06378","97"
"2025-10-12 11:00:00",-0.249275663574228,"2025-10-12","11:00","2MM06378","97"
"2025-10-12 12:00:00",-0.260011325428171,"2025-10-12","12:00","2MM06378","97"
"2025-10-12 13:00:00",-0.0116309677142111,"2025-10-12","13:00","2MM06378","97"
"2025-10-12 14:00:00",-0.230762909496905,"2025-10-12","14:00","2MM06378","97"
"2025-10-12 15:00:00",-0.263122075446386,"2025-10-12","15:00","2MM06378","97"
"2025-10-12 16:00:00",-0.126296544980842,"2025-10-12","16:00","2MM06378","97"
"2025-10-12 17:00:00",-0.100308668729789,"2025-10-12","17:00","2MM06378","97"
"2025-10-12 18:00:00",-0.646091867608565,"2025-10-12","18:00","2MM06378","97"
"2025-10-12 19:00:00",-0.601783401182417,"2025-10-12","19:00","2MM06378","97"
"2025-10-12 20:00:00",-0.633493369122395,"2025-10-12","20:00","2MM06378","97"
"2025-10-12 21:00:00",-0.598729288812242,"2025-10-12","21:00","2MM06378","97"
"2025-10-12 22:00:00",-0.336410232790514,"2025-10-12","22:00","2MM06378","97"
"2025-10-12 23:00:00",-0.567426842402229,"2025-10-12","23:00","2MM06378","97"
"2025-10-13",-0.110704730202857,"2025-10-13","00:00","2MM06378","97"
"2025-10-13 01:00:00",-0.018413503509334,"2025-10-13","01:00","2MM06378","97"
"2025-10-13 02:00:00",0.0598066045958726,"2025-10-13","02:00","2MM06378","97"
"2025-10-13 03:00:00",0.224991685864148,"2025-10-13","03:00","2MM06378","97"
"2025-10-13 04:00:00",0.344781442272293,"2025-10-13","04:00","2MM06378","97"
"2025-10-13 05:00:00",0.492988124047336,"2025-10-13","05:00","2MM06378","97"
"2025-10-13 06:00:00",-0.253753230989641,"2025-10-13","06:00","2MM06378","97"
"2025-10-13 07:00:00",0.239336009150441,"2025-10-13","07:00","2MM06378","97"
"2025-10-13 08:00:00",-0.187881509104771,"2025-10-13","08:00","2MM06378","97"
"2025-10-13 09:00:00",-0.435002410045498,"2025-10-13","09:00","2MM06378","97"
"2025-10-13 10:00:00",-0.15574439443964,"2025-10-13","10:00","2MM06378","97"
"2025-10-13 11:00:00",-0.179717463233295,"2025-10-13","11:00","2MM06378","97"
"2025-10-13 12:00:00",-0.406107772361665,"2025-10-13","12:00","2MM06378","97"
"2025-10-13 13:00:00",-0.683047570543842,"2025-10-13","13:00","2MM06378","97"
"2025-10-13 14:00:00",-0.283580388246926,"2025-10-13","14:00","2MM06378","97"
"2025-10-13 15:00:00",-0.562052445552404,"2025-10-13","15:00","2MM06378","97"
"2025-10-13 16:00:00",-0.364033898192035,"2025-10-13","16:00","2MM06378","97"
"2025-10-13 17:00:00",-0.583086410512422,"2025-10-13","17:00","2MM06378","97"
"2025-10-13 18:00:00",-0.67776699015355,"2025-10-13","18:00","2MM06378","97"
"2025-10-13 19:00:00",-0.641770279172529,"2025-10-13","19:00","2MM06378","97"
"2025-10-13 20:00:00",-0.250359355112472,"2025-10-13","20:00","2MM06378","97"
"2025-10-13 21:00:00",-0.559562300392777,"2025-10-13","21:00","2MM06378","97"
"2025-10-13 22:00:00",-0.289896702673232,"2025-10-13","22:00","2MM06378","97"
"2025-10-13 23:00:00",-0.258764065744264,"2025-10-13","23:00","2MM06378","97"
"2025-10-14",-0.0154212280833125,"2025-10-14","00:00","2MM06378","97"
"2025-10-14 01:00:00",0.166245247734697,"2025-10-14","01:00","2MM06378","97"
"2025-10-14 02:00:00",0.272267383730891,"2025-10-14","02:00","2MM06378","97"
"2025-10-14 03:00:00",0.047275674556971,"2025-10-14","03:00","2MM06378","97"
"2025-10-14 04:00:00",-0.0516024743090381,"2025-10-14","04:00","2MM06378","97"
"2025-10-14 05:00:00",0.25711704509623,"2025-10-14","05:00","2MM06378","97"
"2025-10-14 06:00:00",0.0384517846044507,"2025-10-14","06:00","2MM06378","97"
"2025-10-14 07:00:00",0.0238359625865441,"2025-10-14","07:00","2MM06378","97"
"2025-10-14 08:00:00",0.083244617966592,"2025-10-14","08:00","2MM06378","97"
"2025-10-14 09:00:00",-0.397689190181799,"2025-10-14","09:00","2MM06378","97"
"2025-10-14 10:00:00",-0.112711345087718,"2025-10-14","10:00","2MM06378","97"
"2025-10-14 11:00:00",0.145683862064032,"2025-10-14","11:00","2MM06378","97"
"2025-10-14 12:00:00",0.286196934917647,"2025-10-14","12:00","2MM06378","97"
"2025-10-14 13:00:00",-0.340754341341138,"2025-10-14","13:00","2MM06378","97"
"2025-10-14 14:00:00",-0.368767143764871,"2025-10-14","14:00","2MM06378","97"
"2025-10-14 15:00:00",-0.13246816660811,"2025-10-14","15:00","2MM06378","97"
"2025-10-14 16:00:00",-0.496200332196083,"2025-10-14","16:00","2MM06378","97"
"2025-10-14 17:00:00",-0.545101641781437,"2025-10-14","17:00","2MM06378","97"
"2025-10-14 18:00:00",-0.56642696201123,"2025-10-14","18:00","2MM06378","97"
"2025-10-14 19:00:00",-0.441879985702382,"2025-10-14","19:00","2MM06378","97"
"2025-10-14 20:00:00",-0.247735446619721,"2025-10-14","20:00","2MM06378","97"
"2025-10-14 21:00:00",-0.336688382093124,"2025-10-14","21:00","2MM06378","97"
"2025-10-14 22:00:00",-0.227438204904666,"2025-10-14","22:00","2MM06378","97"
"2025-10-14 23:00:00",0.210325112645214,"2025-10-14","23:00","2MM06378","97"
"2025-10-15",0.0887007967642327,"2025-10-15","00:00","2MM06378","97"
"2025-10-15 01:00:00",-0.138706000724784,"2025-10-15","01:00","2MM06378","97"
"2025-10-15 02:00:00",0.0958932150844207,"2025-10-15","02:00","2MM06378","97"
"2025-10-15 03:00:00",0.322146004662576,"2025-10-15","03:00","2MM06378","97"
"2025-10-15 04:00:00",0.212837356388998,"2025-10-15","04:00","2MM06378","97"
"2025-10-15 05:00:00",0.821906269447772,"2025-10-15","05:00","2MM06378","97"
"2025-10-15 06:00:00",0.256739963159867,"2025-10-15","06:00","2MM06378","97"
"2025-10-15 07:00:00",-0.0183605380539641,"2025-10-15","07:00","2MM06378","97"
"2025-10-15 08:00:00",-0.131804694349268,"2025-10-15","08:00","2MM06378","97"
"2025-10-15 09:00:00",-0.180718604301004,"2025-10-15","09:00","2MM06378","97"
"2025-10-15 10:00:00",0.271531643117025,"2025-10-15","10:00","2MM06378","97"
"2025-10-15 11:00:00",-0.233621715066227,"2025-10-15","11:00","2MM06378","97"
"2025-10-15 12:00:00",0.502220732162493,"2025-10-15","12:00","2MM06378","97"
"2025-10-15 13:00:00",-0.196648002899178,"2025-10-15","13:00","2MM06378","97"
"2025-10-15 14:00:00",0.464742809338186,"2025-10-15","14:00","2MM06378","97"
"2025-10-15 15:00:00",-0.564919661031294,"2025-10-15","15:00","2MM06378","97"
"2025-10-15 16:00:00",-0.315037721191476,"2025-10-15","16:00","2MM06378","97"
"2025-10-15 17:00:00",0.192871517021889,"2025-10-15","17:00","2MM06378","97"
"2025-10-15 18:00:00",-0.610765069251106,"2025-10-15","18:00","2MM06378","97"
"2025-10-15 19:00:00",-0.429868289471269,"2025-10-15","19:00","2MM06378","97"
"2025-10-15 20:00:00",-0.473571410788958,"2025-10-15","20:00","2MM06378","97"
"2025-10-15 21:00:00",-0.541832562725342,"2025-10-15","21:00","2MM06378","97"
"2025-10-15 22:00:00",-0.415694458493675,"2025-10-15","22:00","2MM06378","97"
"2025-10-15 23:00:00",-0.00302041959149651,"2025-10-15","23:00","2MM06378","97"
"2025-10-16",-0.0757289531544517,"2025-10-16","00:00","2MM06378","97"
"2025-10-16 01:00:00",-0.259514060580434,"2025-10-16","01:00","2MM06378","97"
"2025-10-16 02:00:00",-0.00039023658189429,"2025-10-16","02:00","2MM06378","97"
"2025-10-16 03:00:00",0.188760791934942,"2025-10-16","03:00","2MM06378","97"
"2025-10-16 04:00:00",-0.000179439124533008,"2025-10-16","04:00","2MM06378","97"
"2025-10-16 05:00:00",0.347054026897819,"2025-10-16","05:00","2MM06378","97"
"2025-10-16 06:00:00",0.57084781055292,"2025-10-16","06:00","2MM06378","97"
"2025-10-16 07:00:00",0.0331845709756385,"2025-10-16","07:00","2MM06378","97"
"2025-10-16 08:00:00",0.30158004222782,"2025-10-16","08:00","2MM06378","97"
"2025-10-16 09:00:00",0.422669012632337,"2025-10-16","09:00","2MM06378","97"
"2025-10-16 10:00:00",0.319211037545575,"2025-10-16","10:00","2MM06378","97"
"2025-10-16 11:00:00",-0.0230998241075795,"2025-10-16","11:00","2MM06378","97"
"2025-10-16 12:00:00",0.274748694002994,"2025-10-16","12:00","2MM06378","97"
"2025-10-16 13:00:00",-0.453615867808936,"2025-10-16","13:00","2MM06378","97"
"2025-10-16 14:00:00",0.188025031192148,"2025-10-16","14:00","2MM06378","97"
"2025-10-16 15:00:00",-0.416428474919496,"2025-10-16","15:00","2MM06378","97"
"2025-10-16 16:00:00",-0.486947156992096,"2025-10-16","16:00","2MM06378","97"
"2025-10-16 17:00:00",-0.0826396866771837,"2025-10-16","17:00","2MM06378","97"
"2025-10-16 18:00:00",-0.129374534178757,"2025-10-16","18:00","2MM06378","97"
"2025-10-16 19:00:00",-0.600782115684383,"2025-10-16","19:00","2MM06378","97"
"2025-10-16 20:00:00",-0.618111510971294,"2025-10-16","20:00","2MM06378","97"
"2025-10-16 21:00:00",-0.639309395072171,"2025-10-16","21:00","2MM06378","97"
"2025-10-16 22:00:00",-0.577421889953273,"2025-10-16","22:00","2MM06378","97"
"2025-10-16 23:00:00",-0.358649725800516,"2025-10-16","23:00","2MM06378","97"
"2025-10-17",-0.152945856335991,"2025-10-17","00:00","2MM06378","97"
"2025-10-17 01:00:00",-0.0263760940601695,"2025-10-17","01:00","2MM06378","97"
"2025-10-17 02:00:00",0.118370221022518,"2025-10-17","02:00","2MM06378","97"
"2025-10-17 03:00:00",0.160470593632548,"2025-10-17","03:00","2MM06378","97"
"2025-10-17 04:00:00",0.135925029836185,"2025-10-17","04:00","2MM06378","97"
"2025-10-17 05:00:00",0.753192216079901,"2025-10-17","05:00","2MM06378","97"
"2025-10-17 06:00:00",0.224020582228741,"2025-10-17","06:00","2MM06378","97"
"2025-10-17 07:00:00",0.196775354280138,"2025-10-17","07:00","2MM06378","97"
"2025-10-17 08:00:00",-0.0572550837351994,"2025-10-17","08:00","2MM06378","97"
"2025-10-17 09:00:00",0.0990037496119595,"2025-10-17","09:00","2MM06378","97"
"2025-10-17 10:00:00",0.277966713751743,"2025-10-17","10:00","2MM06378","97"
"2025-10-17 11:00:00",0.345380337440742,"2025-10-17","11:00","2MM06378","97"
"2025-10-17 12:00:00",-0.0922609316381561,"2025-10-17","12:00","2MM06378","97"
"2025-10-17 13:00:00",-0.227746438205527,"2025-10-17","13:00","2MM06378","97"
"2025-10-17 14:00:00",-0.354104356619698,"2025-10-17","14:00","2MM06378","97"
"2025-10-17 15:00:00",-0.247989671375696,"2025-10-17","15:00","2MM06378","97"
"2025-10-17 16:00:00",-0.140563818622783,"2025-10-17","16:00","2MM06378","97"
"2025-10-17 17:00:00",-0.590109238060769,"2025-10-17","17:00","2MM06378","97"
"2025-10-17 18:00:00",-0.76204748952966,"2025-10-17","18:00","2MM06378","97"
"2025-10-17 19:00:00",-0.540611746636524,"2025-10-17","19:00","2MM06378","97"
"2025-10-17 20:00:00",-0.71705930717879,"2025-10-17","20:00","2MM06378","97"
"2025-10-17 21:00:00",-0.479617238090248,"2025-10-17","21:00","2MM06378","97"
"2025-10-17 22:00:00",-0.553410266301438,"2025-10-17","22:00","2MM06378","97"
"2025-10-17 23:00:00",0.0879856820629984,"2025-10-17","23:00","2MM06378","97"
"2025-10-18",-0.499362412360089,"2025-10-18","00:00","2MM06378","97"
"2025-10-18 01:00:00",-0.176565639850772,"2025-10-18","01:00","2MM06378","97"
"2025-10-18 02:00:00",0.0639815384591733,"2025-10-18","02:00","2MM06378","97"
"2025-10-18 03:00:00",-0.136161542478811,"2025-10-18","03:00","2MM06378","97"
"2025-10-18 04:00:00",-0.0244939190087052,"2025-10-18","04:00","2MM06378","97"
"2025-10-18 05:00:00",0.774939120369875,"2025-10-18","05:00","2MM06378","97"
"2025-10-18 06:00:00",0.169360395912461,"2025-10-18","06:00","2MM06378","97"
"2025-10-18 07:00:00",0.33951311145044,"2025-10-18","07:00","2MM06378","97"
"2025-10-18 08:00:00",-0.102221027370675,"2025-10-18","08:00","2MM06378","97"
"2025-10-18 09:00:00",-0.1976170913288,"2025-10-18","09:00","2MM06378","97"
"2025-10-18 10:00:00",0.0516745672202928,"2025-10-18","10:00","2MM06378","97"
"2025-10-18 11:00:00",-0.421825524563114,"2025-10-18","11:00","2MM06378","97"
"2025-10-18 12:00:00",-0.259515032465063,"2025-10-18","12:00","2MM06378","97"
"2025-10-18 13:00:00",-0.674807336866572,"2025-10-18","13:00","2MM06378","97"
"2025-10-18 14:00:00",-0.347956822980338,"2025-10-18","14:00","2MM06378","97"
"2025-10-18 15:00:00",0.0461070691573127,"2025-10-18","15:00","2MM06378","97"
"2025-10-18 16:00:00",-0.484603799216982,"2025-10-18","16:00","2MM06378","97"
"2025-10-18 17:00:00",-0.430339778258324,"2025-10-18","17:00","2MM06378","97"
"2025-10-18 18:00:00",-0.481636387502697,"2025-10-18","18:00","2MM06378","97"
"2025-10-18 19:00:00",-0.703855196441154,"2025-10-18","19:00","2MM06378","97"
"2025-10-18 20:00:00",-0.77468347247768,"2025-10-18","20:00","2MM06378","97"
"2025-10-18 21:00:00",-0.700632120794743,"2025-10-18","21:00","2MM06378","97"
"2025-10-18 22:00:00",-0.614129757978885,"2025-10-18","22:00","2MM06378","97"
"2025-10-18 23:00:00",-0.706598747985137,"2025-10-18","23:00","2MM06378","97"
"2025-10-19",-0.325792054129198,"2025-10-19","00:00","2MM06378","97"
"2025-10-19 01:00:00",-0.143622821636178,"2025-10-19","01:00","2MM06378","97"
"2025-10-19 02:00:00",-0.201400338633431,"2025-10-19","02:00","2MM06378","97"
"2025-10-19 03:00:00",-0.250063057424518,"2025-10-19","03:00","2MM06378","97"
"2025-10-19 04:00:00",-0.176919820773384,"2025-10-19","04:00","2MM06378","97"
"2025-10-19 05:00:00",-0.148195622573208,"2025-10-19","05:00","2MM06378","97"
"2025-10-19 06:00:00",0.799839350051437,"2025-10-19","06:00","2MM06378","97"
"2025-10-19 07:00:00",0.649228940599506,"2025-10-19","07:00","2MM06378","97"
"2025-10-19 08:00:00",0.4528692219258,"2025-10-19","08:00","2MM06378","97"
"2025-10-19 09:00:00",0.185901855892313,"2025-10-19","09:00","2MM06378","97"
"2025-10-19 10:00:00",0.072018970751351,"2025-10-19","10:00","2MM06378","97"
"2025-10-19 11:00:00",-0.239838819008417,"2025-10-19","11:00","2MM06378","97"
"2025-10-19 12:00:00",-0.505708589835282,"2025-10-19","12:00","2MM06378","97"
"2025-10-19 13:00:00",0.500946868120284,"2025-10-19","13:00","2MM06378","97"
"2025-10-19 14:00:00",0.0890484517379475,"2025-10-19","14:00","2MM06378","97"
"2025-10-19 15:00:00",-0.0325285918461223,"2025-10-19","15:00","2MM06378","97"
"2025-10-19 16:00:00",0.0184653580326123,"2025-10-19","16:00","2MM06378","97"
"2025-10-19 17:00:00",-0.146507492416885,"2025-10-19","17:00","2MM06378","97"
"2025-10-19 18:00:00",-0.0716367548413679,"2025-10-19","18:00","2MM06378","97"
"2025-10-19 19:00:00",0.473218961473184,"2025-10-19","19:00","2MM06378","97"
"2025-10-19 20:00:00",0.337337210626652,"2025-10-19","20:00","2MM06378","97"
"2025-10-19 21:00:00",-0.0660861219398076,"2025-10-19","21:00","2MM06378","97"
"2025-10-19 22:00:00",0.25613198440421,"2025-10-19","22:00","2MM06378","97"
"2025-10-19 23:00:00",0.0913140528621347,"2025-10-19","23:00","2MM06378","97"
"2025-10-20",-0.0663437911074937,"2025-10-20","00:00","2MM06378","97"
"2025-10-20 01:00:00",-0.0889414167505271,"2025-10-20","01:00","2MM06378","97"
"2025-10-20 02:00:00",0.122047767634892,"2025-10-20","02:00","2MM06378","97"
"2025-10-20 03:00:00",0.0899386313374434,"2025-10-20","03:00","2MM06378","97"
"2025-10-20 04:00:00",-0.0150886595567693,"2025-10-20","04:00","2MM06378","97"
"2025-10-20 05:00:00",0.453024406347766,"2025-10-20","05:00","2MM06378","97"
"2025-10-20 06:00:00",0.53831782434649,"2025-10-20","06:00","2MM06378","97"
"2025-10-20 07:00:00",0.331082113785674,"2025-10-20","07:00","2MM06378","97"
"2025-10-20 08:00:00",-0.283975876252787,"2025-10-20","08:00","2MM06378","97"
"2025-10-20 09:00:00",0.173064591445929,"2025-10-20","09:00","2MM06378","97"
"2025-10-20 10:00:00",0.325905651352452,"2025-10-20","10:00","2MM06378","97"
"2025-10-20 11:00:00",-0.141216611869584,"2025-10-20","11:00","2MM06378","97"
"2025-10-20 12:00:00",0.414425099959536,"2025-10-20","12:00","2MM06378","97"
"2025-10-20 13:00:00",0.408957642527639,"2025-10-20","13:00","2MM06378","97"
"2025-10-20 14:00:00",0.0910647276819201,"2025-10-20","14:00","2MM06378","97"
"2025-10-20 15:00:00",-0.16814670070582,"2025-10-20","15:00","2MM06378","97"
"2025-10-20 16:00:00",-0.428290495539998,"2025-10-20","16:00","2MM06378","97"
"2025-10-20 17:00:00",-0.612200687225804,"2025-10-20","17:00","2MM06378","97"
"2025-10-20 18:00:00",-0.147940184542729,"2025-10-20","18:00","2MM06378","97"
"2025-10-20 19:00:00",0.137328752611839,"2025-10-20","19:00","2MM06378","97"
"2025-10-20 20:00:00",-0.166260381845047,"2025-10-20","20:00","2MM06378","97"
"2025-10-20 21:00:00",0.130721512488838,"2025-10-20","21:00","2MM06378","97"
"2025-10-20 22:00:00",0.0109022425498409,"2025-10-20","22:00","2MM06378","97"
"2025-10-20 23:00:00",-0.422459427771866,"2025-10-20","23:00","2MM06378","97"
"2025-10-21",-0.0664087957145786,"2025-10-21","00:00","2MM06378","97"
"2025-10-21 01:00:00",0.00472105781858346,"2025-10-21","01:00","2MM06378","97"
"2025-10-21 02:00:00",0.0402933423071556,"2025-10-21","02:00","2MM06378","97"
"2025-10-21 03:00:00",0.0695419391466472,"2025-10-21","03:00","2MM06378","97"
"2025-10-21 04:00:00",-0.00881002530548134,"2025-10-21","04:00","2MM06378","97"
"2025-10-21 05:00:00",0.426618595155784,"2025-10-21","05:00","2MM06378","97"
"2025-10-21 06:00:00",0.11760059657777,"2025-10-21","06:00","2MM06378","97"
"2025-10-21 07:00:00",-0.125970818695646,"2025-10-21","07:00","2MM06378","97"
"2025-10-21 08:00:00",0.263005175995565,"2025-10-21","08:00","2MM06378","97"
"2025-10-21 09:00:00",0.122204868356366,"2025-10-21","09:00","2MM06378","97"
"2025-10-21 10:00:00",-0.0514083262493328,"2025-10-21","10:00","2MM06378","97"
"2025-10-21 11:00:00",-0.125429596712082,"2025-10-21","11:00","2MM06378","97"
"2025-10-21 12:00:00",0.137209895176672,"2025-10-21","12:00","2MM06378","97"
"2025-10-21 13:00:00",-0.537031895060013,"2025-10-21","13:00","2MM06378","97"
"2025-10-21 14:00:00",-0.0896141647680344,"2025-10-21","14:00","2MM06378","97"
"2025-10-21 15:00:00",-0.511967067944376,"2025-10-21","15:00","2MM06378","97"
"2025-10-21 16:00:00",-0.152009514540716,"2025-10-21","16:00","2MM06378","97"
"2025-10-21 17:00:00",-0.0517839404021193,"2025-10-21","17:00","2MM06378","97"
"2025-10-21 18:00:00",-0.537421759503181,"2025-10-21","18:00","2MM06378","97"
"2025-10-21 19:00:00",-0.627842288431755,"2025-10-21","19:00","2MM06378","97"
"2025-10-21 20:00:00",-0.701241058314143,"2025-10-21","20:00","2MM06378","97"
"2025-10-21 21:00:00",-0.43516575915352,"2025-10-21","21:00","2MM06378","97"
"2025-10-21 22:00:00",-0.657237894937317,"2025-10-21","22:00","2MM06378","97"
"2025-10-21 23:00:00",-0.648852918727692,"2025-10-21","23:00","2MM06378","97"
NA,0,NA,NA,"2MM06378","97"
"2025-10-09",-0.22439847291312,"2025-10-09","00:00","2MM06380","80"
"2025-10-09 01:00:00",-0.306784433229681,"2025-10-09","01:00","2MM06380","80"
"2025-10-09 02:00:00",-0.12379251037494,"2025-10-09","02:00","2MM06380","80"
"2025-10-09 03:00:00",-0.321697876038667,"2025-10-09","03:00","2MM06380","80"
"2025-10-09 04:00:00",-0.199717930984697,"2025-10-09","04:00","2MM06380","80"
"2025-10-09 05:00:00",-0.302477511438662,"2025-10-09","05:00","2MM06380","80"
"2025-10-09 06:00:00",-0.588180188423822,"2025-10-09","06:00","2MM06380","80"
"2025-10-09 07:00:00",-0.448185308162784,"2025-10-09","07:00","2MM06380","80"
"2025-10-09 08:00:00",-0.828115404726954,"2025-10-09","08:00","2MM06380","80"
"2025-10-09 09:00:00",0.159272266821619,"2025-10-09","09:00","2MM06380","80"
"2025-10-09 10:00:00",-0.288535086764987,"2025-10-09","10:00","2MM06380","80"
"2025-10-09 11:00:00",-0.491492696360544,"2025-10-09","11:00","2MM06380","80"
"2025-10-09 12:00:00",-0.262076450633456,"2025-10-09","12:00","2MM06380","80"
"2025-10-09 13:00:00",-0.238970005945256,"2025-10-09","13:00","2MM06380","80"
"2025-10-09 14:00:00",-0.38796789046929,"2025-10-09","14:00","2MM06380","80"
"2025-10-09 15:00:00",-0.00419758993304494,"2025-10-09","15:00","2MM06380","80"
"2025-10-09 16:00:00",-0.387344529386785,"2025-10-09","16:00","2MM06380","80"
"2025-10-09 17:00:00",-0.367829986720015,"2025-10-09","17:00","2MM06380","80"
"2025-10-09 18:00:00",-0.7107632980008,"2025-10-09","18:00","2MM06380","80"
"2025-10-09 19:00:00",-0.647936167517381,"2025-10-09","19:00","2MM06380","80"
"2025-10-09 20:00:00",-0.662235927769772,"2025-10-09","20:00","2MM06380","80"
"2025-10-09 21:00:00",-0.757625293394794,"2025-10-09","21:00","2MM06380","80"
"2025-10-09 22:00:00",-0.300912436034308,"2025-10-09","22:00","2MM06380","80"
"2025-10-09 23:00:00",-0.611822508329684,"2025-10-09","23:00","2MM06380","80"
"2025-10-10",-0.201929868278048,"2025-10-10","00:00","2MM06380","80"
"2025-10-10 01:00:00",-0.042420930630616,"2025-10-10","01:00","2MM06380","80"
"2025-10-10 02:00:00",0.00569630190900781,"2025-10-10","02:00","2MM06380","80"
"2025-10-10 03:00:00",-0.0677406579548904,"2025-10-10","03:00","2MM06380","80"
"2025-10-10 04:00:00",0.159388236301074,"2025-10-10","04:00","2MM06380","80"
"2025-10-10 05:00:00",-0.139823134538876,"2025-10-10","05:00","2MM06380","80"
"2025-10-10 06:00:00",-0.344064256431355,"2025-10-10","06:00","2MM06380","80"
"2025-10-10 07:00:00",0.450451126975371,"2025-10-10","07:00","2MM06380","80"
"2025-10-10 08:00:00",-0.567582855209698,"2025-10-10","08:00","2MM06380","80"
"2025-10-10 09:00:00",-0.152840976655253,"2025-10-10","09:00","2MM06380","80"
"2025-10-10 10:00:00",-0.460066935927241,"2025-10-10","10:00","2MM06380","80"
"2025-10-10 11:00:00",-0.0856801564949042,"2025-10-10","11:00","2MM06380","80"
"2025-10-10 12:00:00",-0.320322403422635,"2025-10-10","12:00","2MM06380","80"
"2025-10-10 13:00:00",-0.315921463629335,"2025-10-10","13:00","2MM06380","80"
"2025-10-10 14:00:00",-0.229208846020172,"2025-10-10","14:00","2MM06380","80"
"2025-10-10 15:00:00",0.439097668539647,"2025-10-10","15:00","2MM06380","80"
"2025-10-10 16:00:00",0.0763407014407348,"2025-10-10","16:00","2MM06380","80"
"2025-10-10 17:00:00",-0.436954384692176,"2025-10-10","17:00","2MM06380","80"
"2025-10-10 18:00:00",-0.693562822639991,"2025-10-10","18:00","2MM06380","80"
"2025-10-10 19:00:00",-0.603800775682898,"2025-10-10","19:00","2MM06380","80"
"2025-10-10 20:00:00",-0.539866871218589,"2025-10-10","20:00","2MM06380","80"
"2025-10-10 21:00:00",-0.4724541837433,"2025-10-10","21:00","2MM06380","80"
"2025-10-10 22:00:00",-0.366184715015926,"2025-10-10","22:00","2MM06380","80"
"2025-10-10 23:00:00",-0.494294387944464,"2025-10-10","23:00","2MM06380","80"
"2025-10-11",-0.290630703487347,"2025-10-11","00:00","2MM06380","80"
"2025-10-11 01:00:00",-0.313658945187775,"2025-10-11","01:00","2MM06380","80"
"2025-10-11 02:00:00",-0.133850207120456,"2025-10-11","02:00","2MM06380","80"
"2025-10-11 03:00:00",-0.151202187320114,"2025-10-11","03:00","2MM06380","80"
"2025-10-11 04:00:00",-0.0635794753263893,"2025-10-11","04:00","2MM06380","80"
"2025-10-11 05:00:00",-0.103273281835658,"2025-10-11","05:00","2MM06380","80"
"2025-10-11 06:00:00",-0.439599798574566,"2025-10-11","06:00","2MM06380","80"
"2025-10-11 07:00:00",0.885876450772801,"2025-10-11","07:00","2MM06380","80"
"2025-10-11 08:00:00",-0.00176070735510753,"2025-10-11","08:00","2MM06380","80"
"2025-10-11 09:00:00",-0.141560063280471,"2025-10-11","09:00","2MM06380","80"
"2025-10-11 10:00:00",-0.152580542876514,"2025-10-11","10:00","2MM06380","80"
"2025-10-11 11:00:00",-0.159253937423585,"2025-10-11","11:00","2MM06380","80"
"2025-10-11 12:00:00",-0.032777191946295,"2025-10-11","12:00","2MM06380","80"
"2025-10-11 13:00:00",-0.452771723691129,"2025-10-11","13:00","2MM06380","80"
"2025-10-11 14:00:00",-0.361812180032308,"2025-10-11","14:00","2MM06380","80"
"2025-10-11 15:00:00",0.30355100709501,"2025-10-11","15:00","2MM06380","80"
"2025-10-11 16:00:00",-0.229144740008614,"2025-10-11","16:00","2MM06380","80"
"2025-10-11 17:00:00",-0.0926879707012686,"2025-10-11","17:00","2MM06380","80"
"2025-10-11 18:00:00",-0.551958227672486,"2025-10-11","18:00","2MM06380","80"
"2025-10-11 19:00:00",-0.695477199476071,"2025-10-11","19:00","2MM06380","80"
"2025-10-11 20:00:00",-0.750841436060955,"2025-10-11","20:00","2MM06380","80"
"2025-10-11 21:00:00",-0.7371455600478,"2025-10-11","21:00","2MM06380","80"
"2025-10-11 22:00:00",-0.645228703817948,"2025-10-11","22:00","2MM06380","80"
"2025-10-11 23:00:00",-0.685069540553573,"2025-10-11","23:00","2MM06380","80"
"2025-10-12",-0.579580428857128,"2025-10-12","00:00","2MM06380","80"
"2025-10-12 01:00:00",-0.452305759987256,"2025-10-12","01:00","2MM06380","80"
"2025-10-12 02:00:00",-0.246420682695822,"2025-10-12","02:00","2MM06380","80"
"2025-10-12 03:00:00",-0.30360488676723,"2025-10-12","03:00","2MM06380","80"
"2025-10-12 04:00:00",-0.244048673652067,"2025-10-12","04:00","2MM06380","80"
"2025-10-12 05:00:00",-0.160657424737854,"2025-10-12","05:00","2MM06380","80"
"2025-10-12 06:00:00",-0.161909903097057,"2025-10-12","06:00","2MM06380","80"
"2025-10-12 07:00:00",0.346946239822926,"2025-10-12","07:00","2MM06380","80"
"2025-10-12 08:00:00",-0.38371543827256,"2025-10-12","08:00","2MM06380","80"
"2025-10-12 09:00:00",-0.312245163131187,"2025-10-12","09:00","2MM06380","80"
"2025-10-12 10:00:00",-0.17508670685929,"2025-10-12","10:00","2MM06380","80"
"2025-10-12 11:00:00",-0.123941585431856,"2025-10-12","11:00","2MM06380","80"
"2025-10-12 12:00:00",0.298678072549895,"2025-10-12","12:00","2MM06380","80"
"2025-10-12 13:00:00",-0.139677456906597,"2025-10-12","13:00","2MM06380","80"
"2025-10-12 14:00:00",-0.352245049882516,"2025-10-12","14:00","2MM06380","80"
"2025-10-12 15:00:00",-0.377303928749234,"2025-10-12","15:00","2MM06380","80"
"2025-10-12 16:00:00",-0.00385555084318311,"2025-10-12","16:00","2MM06380","80"
"2025-10-12 17:00:00",-0.0782849324022649,"2025-10-12","17:00","2MM06380","80"
"2025-10-12 18:00:00",-0.345442665227981,"2025-10-12","18:00","2MM06380","80"
"2025-10-12 19:00:00",-0.70860677080297,"2025-10-12","19:00","2MM06380","80"
"2025-10-12 20:00:00",-0.709738728528056,"2025-10-12","20:00","2MM06380","80"
"2025-10-12 21:00:00",-0.480950029493575,"2025-10-12","21:00","2MM06380","80"
"2025-10-12 22:00:00",-0.556819002896765,"2025-10-12","22:00","2MM06380","80"
"2025-10-12 23:00:00",-0.446037487819266,"2025-10-12","23:00","2MM06380","80"
"2025-10-13",0.124845104168314,"2025-10-13","00:00","2MM06380","80"
"2025-10-13 01:00:00",-0.197556584259704,"2025-10-13","01:00","2MM06380","80"
"2025-10-13 02:00:00",-0.308355332899952,"2025-10-13","02:00","2MM06380","80"
"2025-10-13 03:00:00",0.299097095703969,"2025-10-13","03:00","2MM06380","80"
"2025-10-13 04:00:00",0.214246721082064,"2025-10-13","04:00","2MM06380","80"
"2025-10-13 05:00:00",0.155776611581363,"2025-10-13","05:00","2MM06380","80"
"2025-10-13 06:00:00",-0.146934099074071,"2025-10-13","06:00","2MM06380","80"
"2025-10-13 07:00:00",0.321130686115597,"2025-10-13","07:00","2MM06380","80"
"2025-10-13 08:00:00",-0.700053998431519,"2025-10-13","08:00","2MM06380","80"
"2025-10-13 09:00:00",-0.603409875882334,"2025-10-13","09:00","2MM06380","80"
"2025-10-13 10:00:00",-0.419532271129338,"2025-10-13","10:00","2MM06380","80"
"2025-10-13 11:00:00",-0.187019796627505,"2025-10-13","11:00","2MM06380","80"
"2025-10-13 12:00:00",-0.481488344369335,"2025-10-13","12:00","2MM06380","80"
"2025-10-13 13:00:00",-0.556873683615165,"2025-10-13","13:00","2MM06380","80"
"2025-10-13 14:00:00",-0.492846777650859,"2025-10-13","14:00","2MM06380","80"
"2025-10-13 15:00:00",-0.622006662436644,"2025-10-13","15:00","2MM06380","80"
"2025-10-13 16:00:00",-0.32688163546006,"2025-10-13","16:00","2MM06380","80"
"2025-10-13 17:00:00",-0.685167722379696,"2025-10-13","17:00","2MM06380","80"
"2025-10-13 18:00:00",-0.490186252192235,"2025-10-13","18:00","2MM06380","80"
"2025-10-13 19:00:00",-0.401001199780162,"2025-10-13","19:00","2MM06380","80"
"2025-10-13 20:00:00",-0.222832508316109,"2025-10-13","20:00","2MM06380","80"
"2025-10-13 21:00:00",-0.260199856533329,"2025-10-13","21:00","2MM06380","80"
"2025-10-13 22:00:00",-0.230014527459109,"2025-10-13","22:00","2MM06380","80"
"2025-10-13 23:00:00",-0.0904920947732286,"2025-10-13","23:00","2MM06380","80"
"2025-10-14",-0.110661992981405,"2025-10-14","00:00","2MM06380","80"
"2025-10-14 01:00:00",0.0745396844026943,"2025-10-14","01:00","2MM06380","80"
"2025-10-14 02:00:00",-0.0748175526200896,"2025-10-14","02:00","2MM06380","80"
"2025-10-14 03:00:00",-0.0837843172419989,"2025-10-14","03:00","2MM06380","80"
"2025-10-14 04:00:00",-0.190541373525064,"2025-10-14","04:00","2MM06380","80"
"2025-10-14 05:00:00",-0.0882536498501535,"2025-10-14","05:00","2MM06380","80"
"2025-10-14 06:00:00",-0.345495713741138,"2025-10-14","06:00","2MM06380","80"
"2025-10-14 07:00:00",0.121143797079593,"2025-10-14","07:00","2MM06380","80"
"2025-10-14 08:00:00",-0.333614347527316,"2025-10-14","08:00","2MM06380","80"
"2025-10-14 09:00:00",-0.500095493767572,"2025-10-14","09:00","2MM06380","80"
"2025-10-14 10:00:00",-0.315687259890297,"2025-10-14","10:00","2MM06380","80"
"2025-10-14 11:00:00",-0.357219039835559,"2025-10-14","11:00","2MM06380","80"
"2025-10-14 12:00:00",-0.19059644033682,"2025-10-14","12:00","2MM06380","80"
"2025-10-14 13:00:00",-0.217731552198186,"2025-10-14","13:00","2MM06380","80"
"2025-10-14 14:00:00",-0.284911260706002,"2025-10-14","14:00","2MM06380","80"
"2025-10-14 15:00:00",-0.339960774329071,"2025-10-14","15:00","2MM06380","80"
"2025-10-14 16:00:00",-0.391536926876354,"2025-10-14","16:00","2MM06380","80"
"2025-10-14 17:00:00",-0.45804496834723,"2025-10-14","17:00","2MM06380","80"
"2025-10-14 18:00:00",-0.460297643057876,"2025-10-14","18:00","2MM06380","80"
"2025-10-14 19:00:00",-0.237573386439768,"2025-10-14","19:00","2MM06380","80"
"2025-10-14 20:00:00",-0.338223800584824,"2025-10-14","20:00","2MM06380","80"
"2025-10-14 21:00:00",-0.138408727910681,"2025-10-14","21:00","2MM06380","80"
"2025-10-14 22:00:00",-0.152354286113788,"2025-10-14","22:00","2MM06380","80"
"2025-10-14 23:00:00",-0.0826778016224824,"2025-10-14","23:00","2MM06380","80"
"2025-10-15",-0.0946374597952487,"2025-10-15","00:00","2MM06380","80"
"2025-10-15 01:00:00",-0.0315567095644232,"2025-10-15","01:00","2MM06380","80"
"2025-10-15 02:00:00",-0.0762746084497864,"2025-10-15","02:00","2MM06380","80"
"2025-10-15 03:00:00",-0.119261517665743,"2025-10-15","03:00","2MM06380","80"
"2025-10-15 04:00:00",-0.0226358048742367,"2025-10-15","04:00","2MM06380","80"
"2025-10-15 05:00:00",-0.15898124136161,"2025-10-15","05:00","2MM06380","80"
"2025-10-15 06:00:00",-0.520440184894865,"2025-10-15","06:00","2MM06380","80"
"2025-10-15 07:00:00",0.115082018390745,"2025-10-15","07:00","2MM06380","80"
"2025-10-15 08:00:00",-0.397282586314993,"2025-10-15","08:00","2MM06380","80"
"2025-10-15 09:00:00",-0.343587306420577,"2025-10-15","09:00","2MM06380","80"
"2025-10-15 10:00:00",0.27656971906641,"2025-10-15","10:00","2MM06380","80"
"2025-10-15 11:00:00",-0.396411188367892,"2025-10-15","11:00","2MM06380","80"
"2025-10-15 12:00:00",-0.156158155236885,"2025-10-15","12:00","2MM06380","80"
"2025-10-15 13:00:00",-0.295840596531703,"2025-10-15","13:00","2MM06380","80"
"2025-10-15 14:00:00",-0.201236262235354,"2025-10-15","14:00","2MM06380","80"
"2025-10-15 15:00:00",-0.0116673770486009,"2025-10-15","15:00","2MM06380","80"
"2025-10-15 16:00:00",-0.322038050021744,"2025-10-15","16:00","2MM06380","80"
"2025-10-15 17:00:00",-0.334513314973765,"2025-10-15","17:00","2MM06380","80"
"2025-10-15 18:00:00",-0.458645347821653,"2025-10-15","18:00","2MM06380","80"
"2025-10-15 19:00:00",-0.434776484937584,"2025-10-15","19:00","2MM06380","80"
"2025-10-15 20:00:00",-0.395670906831126,"2025-10-15","20:00","2MM06380","80"
"2025-10-15 21:00:00",-0.356689130100018,"2025-10-15","21:00","2MM06380","80"
"2025-10-15 22:00:00",-0.451623178172782,"2025-10-15","22:00","2MM06380","80"
"2025-10-15 23:00:00",-0.284965912584072,"2025-10-15","23:00","2MM06380","80"
"2025-10-16",-0.201616563932086,"2025-10-16","00:00","2MM06380","80"
"2025-10-16 01:00:00",-0.36322447486416,"2025-10-16","01:00","2MM06380","80"
"2025-10-16 02:00:00",-0.000618773034277487,"2025-10-16","02:00","2MM06380","80"
"2025-10-16 03:00:00",0.0118169447145205,"2025-10-16","03:00","2MM06380","80"
"2025-10-16 04:00:00",-0.0342320360149735,"2025-10-16","04:00","2MM06380","80"
"2025-10-16 05:00:00",-0.0909972923900474,"2025-10-16","05:00","2MM06380","80"
"2025-10-16 06:00:00",-0.533638154789394,"2025-10-16","06:00","2MM06380","80"
"2025-10-16 07:00:00",-0.00173134098985678,"2025-10-16","07:00","2MM06380","80"
"2025-10-16 08:00:00",-0.481732889592364,"2025-10-16","08:00","2MM06380","80"
"2025-10-16 09:00:00",-0.469769554703606,"2025-10-16","09:00","2MM06380","80"
"2025-10-16 10:00:00",-0.377149063435415,"2025-10-16","10:00","2MM06380","80"
"2025-10-16 11:00:00",-0.343887971657845,"2025-10-16","11:00","2MM06380","80"
"2025-10-16 12:00:00",-0.262147031637188,"2025-10-16","12:00","2MM06380","80"
"2025-10-16 13:00:00",-0.364122632802503,"2025-10-16","13:00","2MM06380","80"
"2025-10-16 14:00:00",-0.180691906439996,"2025-10-16","14:00","2MM06380","80"
"2025-10-16 15:00:00",-0.640124315527296,"2025-10-16","15:00","2MM06380","80"
"2025-10-16 16:00:00",-0.345113660358182,"2025-10-16","16:00","2MM06380","80"
"2025-10-16 17:00:00",-0.678678439857727,"2025-10-16","17:00","2MM06380","80"
"2025-10-16 18:00:00",-0.764612295387621,"2025-10-16","18:00","2MM06380","80"
"2025-10-16 19:00:00",-0.77456368251123,"2025-10-16","19:00","2MM06380","80"
"2025-10-16 20:00:00",-0.65593540706827,"2025-10-16","20:00","2MM06380","80"
"2025-10-16 21:00:00",-0.684633216888279,"2025-10-16","21:00","2MM06380","80"
"2025-10-16 22:00:00",-0.659008287197981,"2025-10-16","22:00","2MM06380","80"
"2025-10-16 23:00:00",-0.421579606138105,"2025-10-16","23:00","2MM06380","80"
"2025-10-17",0.00610442878466725,"2025-10-17","00:00","2MM06380","80"
"2025-10-17 01:00:00",-0.0937917245036671,"2025-10-17","01:00","2MM06380","80"
"2025-10-17 02:00:00",-0.0518169124632736,"2025-10-17","02:00","2MM06380","80"
"2025-10-17 03:00:00",0.0303062928359832,"2025-10-17","03:00","2MM06380","80"
"2025-10-17 04:00:00",-0.0356951801822044,"2025-10-17","04:00","2MM06380","80"
"2025-10-17 05:00:00",-0.212877278089005,"2025-10-17","05:00","2MM06380","80"
"2025-10-17 06:00:00",-0.476739300102615,"2025-10-17","06:00","2MM06380","80"
"2025-10-17 07:00:00",-0.260070367727086,"2025-10-17","07:00","2MM06380","80"
"2025-10-17 08:00:00",-0.612321654286663,"2025-10-17","08:00","2MM06380","80"
"2025-10-17 09:00:00",-0.570951637312505,"2025-10-17","09:00","2MM06380","80"
"2025-10-17 10:00:00",-0.256483998731797,"2025-10-17","10:00","2MM06380","80"
"2025-10-17 11:00:00",0.438366115513938,"2025-10-17","11:00","2MM06380","80"
"2025-10-17 12:00:00",-0.333135938432247,"2025-10-17","12:00","2MM06380","80"
"2025-10-17 13:00:00",-0.482496054936098,"2025-10-17","13:00","2MM06380","80"
"2025-10-17 14:00:00",-0.481671756446411,"2025-10-17","14:00","2MM06380","80"
"2025-10-17 15:00:00",-0.607035597139433,"2025-10-17","15:00","2MM06380","80"
"2025-10-17 16:00:00",-0.65253073016353,"2025-10-17","16:00","2MM06380","80"
"2025-10-17 17:00:00",-0.628135291007773,"2025-10-17","17:00","2MM06380","80"
"2025-10-17 18:00:00",-0.697148635332089,"2025-10-17","18:00","2MM06380","80"
"2025-10-17 19:00:00",-0.757979692850436,"2025-10-17","19:00","2MM06380","80"
"2025-10-07",-0.833801947442956,"2025-10-07","00:00","2MM06422","NHM4"
"2025-10-07 01:00:00",-0.82561588142911,"2025-10-07","01:00","2MM06422","NHM4"
"2025-10-07 02:00:00",-0.772572580271878,"2025-10-07","02:00","2MM06422","NHM4"
"2025-10-07 03:00:00",-0.817235978757371,"2025-10-07","03:00","2MM06422","NHM4"
"2025-10-07 04:00:00",-0.806910388061363,"2025-10-07","04:00","2MM06422","NHM4"
"2025-10-07 05:00:00",-0.850501374952021,"2025-10-07","05:00","2MM06422","NHM4"
"2025-10-07 06:00:00",-0.788122754733828,"2025-10-07","06:00","2MM06422","NHM4"
"2025-10-07 07:00:00",-0.350815029928712,"2025-10-07","07:00","2MM06422","NHM4"
"2025-10-07 08:00:00",-0.67481161098688,"2025-10-07","08:00","2MM06422","NHM4"
"2025-10-07 09:00:00",-0.469506529029871,"2025-10-07","09:00","2MM06422","NHM4"
"2025-10-07 10:00:00",-0.661041126792658,"2025-10-07","10:00","2MM06422","NHM4"
"2025-10-07 11:00:00",0.0959886941356327,"2025-10-07","11:00","2MM06422","NHM4"
"2025-10-07 12:00:00",-0.541184405155908,"2025-10-07","12:00","2MM06422","NHM4"
"2025-10-07 13:00:00",0.488975339206228,"2025-10-07","13:00","2MM06422","NHM4"
"2025-10-07 14:00:00",-0.687012025152556,"2025-10-07","14:00","2MM06422","NHM4"
"2025-10-07 15:00:00",0.209906549286177,"2025-10-07","15:00","2MM06422","NHM4"
"2025-10-07 16:00:00",-0.714785150890887,"2025-10-07","16:00","2MM06422","NHM4"
"2025-10-07 17:00:00",-0.793938616843159,"2025-10-07","17:00","2MM06422","NHM4"
"2025-10-07 18:00:00",-0.798799372881121,"2025-10-07","18:00","2MM06422","NHM4"
"2025-10-07 19:00:00",-0.816107928136896,"2025-10-07","19:00","2MM06422","NHM4"
"2025-10-07 20:00:00",-0.829876722876518,"2025-10-07","20:00","2MM06422","NHM4"
"2025-10-07 21:00:00",-0.845165578416245,"2025-10-07","21:00","2MM06422","NHM4"
"2025-10-07 22:00:00",-0.828830258603105,"2025-10-07","22:00","2MM06422","NHM4"
"2025-10-07 23:00:00",-0.846653319751141,"2025-10-07","23:00","2MM06422","NHM4"
"2025-10-08",-0.852575528803111,"2025-10-08","00:00","2MM06422","NHM4"
"2025-10-08 01:00:00",-0.855625140926303,"2025-10-08","01:00","2MM06422","NHM4"
"2025-10-08 02:00:00",-0.833882588867874,"2025-10-08","02:00","2MM06422","NHM4"
"2025-10-08 03:00:00",-0.796733379765147,"2025-10-08","03:00","2MM06422","NHM4"
"2025-10-08 04:00:00",-0.840939247693372,"2025-10-08","04:00","2MM06422","NHM4"
"2025-10-08 05:00:00",-0.853704483169317,"2025-10-08","05:00","2MM06422","NHM4"
"2025-10-08 06:00:00",-0.833440391548668,"2025-10-08","06:00","2MM06422","NHM4"
"2025-10-08 07:00:00",-0.797478260576284,"2025-10-08","07:00","2MM06422","NHM4"
"2025-10-08 08:00:00",-0.711378585487943,"2025-10-08","08:00","2MM06422","NHM4"
"2025-10-08 09:00:00",-0.72038373575756,"2025-10-08","09:00","2MM06422","NHM4"
"2025-10-08 10:00:00",-0.608014966860741,"2025-10-08","10:00","2MM06422","NHM4"
"2025-10-08 11:00:00",-0.543508381926365,"2025-10-08","11:00","2MM06422","NHM4"
"2025-10-08 12:00:00",-0.581270059030844,"2025-10-08","12:00","2MM06422","NHM4"
"2025-10-08 13:00:00",-0.607730642514811,"2025-10-08","13:00","2MM06422","NHM4"
"2025-10-08 14:00:00",-0.700340336006867,"2025-10-08","14:00","2MM06422","NHM4"
"2025-10-08 15:00:00",-0.701123640555601,"2025-10-08","15:00","2MM06422","NHM4"
"2025-10-08 16:00:00",-0.686370108355065,"2025-10-08","16:00","2MM06422","NHM4"
"2025-10-08 17:00:00",-0.765269892906188,"2025-10-08","17:00","2MM06422","NHM4"
"2025-10-08 18:00:00",-0.693320916708462,"2025-10-08","18:00","2MM06422","NHM4"
"2025-10-08 19:00:00",-0.813636687188181,"2025-10-08","19:00","2MM06422","NHM4"
"2025-10-08 20:00:00",-0.8036535942536,"2025-10-08","20:00","2MM06422","NHM4"
"2025-10-08 21:00:00",-0.844642842725637,"2025-10-08","21:00","2MM06422","NHM4"
"2025-10-08 22:00:00",-0.807742577384762,"2025-10-08","22:00","2MM06422","NHM4"
"2025-10-08 23:00:00",-0.830416948911785,"2025-10-08","23:00","2MM06422","NHM4"
"2025-10-09",-0.871089388135883,"2025-10-09","00:00","2MM06422","NHM4"
"2025-10-09 01:00:00",-0.833087756699576,"2025-10-09","01:00","2MM06422","NHM4"
"2025-10-09 02:00:00",-0.862536325286023,"2025-10-09","02:00","2MM06422","NHM4"
"2025-10-09 03:00:00",-0.864014828025441,"2025-10-09","03:00","2MM06422","NHM4"
"2025-10-09 04:00:00",-0.840406313433316,"2025-10-09","04:00","2MM06422","NHM4"
"2025-10-09 05:00:00",-0.867191453164959,"2025-10-09","05:00","2MM06422","NHM4"
"2025-10-09 06:00:00",-0.834820274943736,"2025-10-09","06:00","2MM06422","NHM4"
"2025-10-09 07:00:00",-0.838336165126912,"2025-10-09","07:00","2MM06422","NHM4"
"2025-10-09 08:00:00",-0.801905806972734,"2025-10-09","08:00","2MM06422","NHM4"
"2025-10-09 09:00:00",-0.791019820189658,"2025-10-09","09:00","2MM06422","NHM4"
"2025-10-09 10:00:00",-0.757518138498884,"2025-10-09","10:00","2MM06422","NHM4"
"2025-10-09 11:00:00",-0.521256696036537,"2025-10-09","11:00","2MM06422","NHM4"
"2025-10-09 12:00:00",-0.598815243161514,"2025-10-09","12:00","2MM06422","NHM4"
"2025-10-09 13:00:00",-0.581885360120894,"2025-10-09","13:00","2MM06422","NHM4"
"2025-10-09 14:00:00",-0.615726543538384,"2025-10-09","14:00","2MM06422","NHM4"
"2025-10-09 15:00:00",-0.741267187114333,"2025-10-09","15:00","2MM06422","NHM4"
"2025-10-09 16:00:00",-0.665055297083706,"2025-10-09","16:00","2MM06422","NHM4"
"2025-10-09 17:00:00",-0.630788991629093,"2025-10-09","17:00","2MM06422","NHM4"
"2025-10-09 18:00:00",-0.801963939419701,"2025-10-09","18:00","2MM06422","NHM4"
"2025-10-09 19:00:00",-0.718980313350965,"2025-10-09","19:00","2MM06422","NHM4"
"2025-10-09 20:00:00",-0.656464159390098,"2025-10-09","20:00","2MM06422","NHM4"
"2025-10-09 21:00:00",-0.833946154526569,"2025-10-09","21:00","2MM06422","NHM4"
"2025-10-09 22:00:00",-0.822585156202416,"2025-10-09","22:00","2MM06422","NHM4"
"2025-10-09 23:00:00",-0.805672371461692,"2025-10-09","23:00","2MM06422","NHM4"
"2025-10-10",-0.830116652352702,"2025-10-10","00:00","2MM06422","NHM4"
"2025-10-10 01:00:00",-0.8645675593451,"2025-10-10","01:00","2MM06422","NHM4"
"2025-10-10 02:00:00",-0.824001878821292,"2025-10-10","02:00","2MM06422","NHM4"
"2025-10-10 03:00:00",-0.82678683353123,"2025-10-10","03:00","2MM06422","NHM4"
"2025-10-10 04:00:00",-0.858362491651852,"2025-10-10","04:00","2MM06422","NHM4"
"2025-10-10 05:00:00",-0.832818444219523,"2025-10-10","05:00","2MM06422","NHM4"
"2025-10-10 06:00:00",-0.790149055529393,"2025-10-10","06:00","2MM06422","NHM4"
"2025-10-10 07:00:00",-0.537059643719775,"2025-10-10","07:00","2MM06422","NHM4"
"2025-10-10 08:00:00",-0.658896020975074,"2025-10-10","08:00","2MM06422","NHM4"
"2025-10-10 09:00:00",-0.727597840364288,"2025-10-10","09:00","2MM06422","NHM4"
"2025-10-10 10:00:00",-0.562495428618203,"2025-10-10","10:00","2MM06422","NHM4"
"2025-10-10 11:00:00",-0.607911523474912,"2025-10-10","11:00","2MM06422","NHM4"
"2025-10-10 12:00:00",-0.77744421587316,"2025-10-10","12:00","2MM06422","NHM4"
"2025-10-10 13:00:00",-0.672324548422722,"2025-10-10","13:00","2MM06422","NHM4"
"2025-10-10 14:00:00",-0.641549596304482,"2025-10-10","14:00","2MM06422","NHM4"
"2025-10-10 15:00:00",-0.806949675997204,"2025-10-10","15:00","2MM06422","NHM4"
"2025-10-10 16:00:00",-0.672063679801872,"2025-10-10","16:00","2MM06422","NHM4"
"2025-10-10 17:00:00",-0.792116635286398,"2025-10-10","17:00","2MM06422","NHM4"
"2025-10-10 18:00:00",-0.797117535803463,"2025-10-10","18:00","2MM06422","NHM4"
"2025-10-10 19:00:00",-0.813232065095504,"2025-10-10","19:00","2MM06422","NHM4"
"2025-10-10 20:00:00",-0.823626288069327,"2025-10-10","20:00","2MM06422","NHM4"
"2025-10-10 21:00:00",-0.832529419120535,"2025-10-10","21:00","2MM06422","NHM4"
"2025-10-10 22:00:00",-0.84638917054166,"2025-10-10","22:00","2MM06422","NHM4"
"2025-10-10 23:00:00",-0.835338522457115,"2025-10-10","23:00","2MM06422","NHM4"
"2025-10-11",-0.856127128836706,"2025-10-11","00:00","2MM06422","NHM4"
"2025-10-11 01:00:00",-0.863456370621381,"2025-10-11","01:00","2MM06422","NHM4"
"2025-10-11 02:00:00",-0.857932188046073,"2025-10-11","02:00","2MM06422","NHM4"
"2025-10-11 03:00:00",-0.846455692433051,"2025-10-11","03:00","2MM06422","NHM4"
"2025-10-11 04:00:00",-0.867711194634308,"2025-10-11","04:00","2MM06422","NHM4"
"2025-10-11 05:00:00",-0.829463456848498,"2025-10-11","05:00","2MM06422","NHM4"
"2025-10-11 06:00:00",-0.841325450628717,"2025-10-11","06:00","2MM06422","NHM4"
"2025-10-11 07:00:00",-0.56091882612,"2025-10-11","07:00","2MM06422","NHM4"
"2025-10-11 08:00:00",-0.765055198516192,"2025-10-11","08:00","2MM06422","NHM4"
"2025-10-11 09:00:00",-0.760695155308605,"2025-10-11","09:00","2MM06422","NHM4"
"2025-10-11 10:00:00",-0.368120087825589,"2025-10-11","10:00","2MM06422","NHM4"
"2025-10-11 11:00:00",-0.756614034499711,"2025-10-11","11:00","2MM06422","NHM4"
"2025-10-11 12:00:00",-0.636981895687282,"2025-10-11","12:00","2MM06422","NHM4"
"2025-10-11 13:00:00",-0.679145037365671,"2025-10-11","13:00","2MM06422","NHM4"
"2025-10-11 14:00:00",-0.60892423020685,"2025-10-11","14:00","2MM06422","NHM4"
"2025-10-11 15:00:00",-0.328350817654694,"2025-10-11","15:00","2MM06422","NHM4"
"2025-10-11 16:00:00",-0.504884406746532,"2025-10-11","16:00","2MM06422","NHM4"
"2025-10-11 17:00:00",-0.693334409357227,"2025-10-11","17:00","2MM06422","NHM4"
"2025-10-11 18:00:00",-0.821324397716095,"2025-10-11","18:00","2MM06422","NHM4"
"2025-10-11 19:00:00",-0.859126055266613,"2025-10-11","19:00","2MM06422","NHM4"
"2025-10-11 20:00:00",-0.839928388257454,"2025-10-11","20:00","2MM06422","NHM4"
"2025-10-11 21:00:00",-0.835532313459721,"2025-10-11","21:00","2MM06422","NHM4"
"2025-10-11 22:00:00",-0.85717895330023,"2025-10-11","22:00","2MM06422","NHM4"
"2025-10-11 23:00:00",-0.848490940182794,"2025-10-11","23:00","2MM06422","NHM4"
"2025-10-12",-0.870234637585795,"2025-10-12","00:00","2MM06422","NHM4"
"2025-10-12 01:00:00",-0.876009164913017,"2025-10-12","01:00","2MM06422","NHM4"
"2025-10-12 02:00:00",-0.73700691059952,"2025-10-12","02:00","2MM06422","NHM4"
"2025-10-12 03:00:00",-0.880177061703542,"2025-10-12","03:00","2MM06422","NHM4"
"2025-10-12 04:00:00",-0.854902811526562,"2025-10-12","04:00","2MM06422","NHM4"
"2025-10-12 05:00:00",-0.832276357103259,"2025-10-12","05:00","2MM06422","NHM4"
"2025-10-12 06:00:00",-0.844398682398812,"2025-10-12","06:00","2MM06422","NHM4"
"2025-10-12 07:00:00",-0.848223316719099,"2025-10-12","07:00","2MM06422","NHM4"
"2025-10-12 08:00:00",-0.73172060672158,"2025-10-12","08:00","2MM06422","NHM4"
"2025-10-12 09:00:00",-0.504167699883699,"2025-10-12","09:00","2MM06422","NHM4"
"2025-10-12 10:00:00",-0.736538238152261,"2025-10-12","10:00","2MM06422","NHM4"
"2025-10-12 11:00:00",-0.865649107511204,"2025-10-12","11:00","2MM06422","NHM4"
"2025-10-12 12:00:00",-0.734772661164827,"2025-10-12","12:00","2MM06422","NHM4"
"2025-10-12 13:00:00",-0.547100921587277,"2025-10-12","13:00","2MM06422","NHM4"
"2025-10-12 14:00:00",-0.641695562428237,"2025-10-12","14:00","2MM06422","NHM4"
"2025-10-12 15:00:00",-0.540711577952402,"2025-10-12","15:00","2MM06422","NHM4"
"2025-10-12 16:00:00",-0.766770492389903,"2025-10-12","16:00","2MM06422","NHM4"
"2025-10-12 17:00:00",-0.772658043141177,"2025-10-12","17:00","2MM06422","NHM4"
"2025-10-12 18:00:00",-0.795680713650972,"2025-10-12","18:00","2MM06422","NHM4"
"2025-10-12 19:00:00",-0.778389164729621,"2025-10-12","19:00","2MM06422","NHM4"
"2025-10-12 20:00:00",-0.83518101801813,"2025-10-12","20:00","2MM06422","NHM4"
"2025-10-12 21:00:00",-0.831524308540107,"2025-10-12","21:00","2MM06422","NHM4"
"2025-10-12 22:00:00",-0.874508913678446,"2025-10-12","22:00","2MM06422","NHM4"
"2025-10-12 23:00:00",-0.797042041453823,"2025-10-12","23:00","2MM06422","NHM4"
"2025-10-13",-0.801525870174636,"2025-10-13","00:00","2MM06422","NHM4"
"2025-10-13 01:00:00",-0.825688395381915,"2025-10-13","01:00","2MM06422","NHM4"
"2025-10-13 02:00:00",-0.813462788718277,"2025-10-13","02:00","2MM06422","NHM4"
"2025-10-13 03:00:00",-0.803083492740536,"2025-10-13","03:00","2MM06422","NHM4"
"2025-10-13 04:00:00",-0.848743793895243,"2025-10-13","04:00","2MM06422","NHM4"
"2025-10-13 05:00:00",-0.703030866696174,"2025-10-13","05:00","2MM06422","NHM4"
"2025-10-13 06:00:00",-0.746684492396335,"2025-10-13","06:00","2MM06422","NHM4"
"2025-10-13 07:00:00",-0.769337039493035,"2025-10-13","07:00","2MM06422","NHM4"
"2025-10-13 08:00:00",-0.716912640931588,"2025-10-13","08:00","2MM06422","NHM4"
"2025-10-13 09:00:00",-0.738736172736783,"2025-10-13","09:00","2MM06422","NHM4"
"2025-10-13 10:00:00",-0.690848095827948,"2025-10-13","10:00","2MM06422","NHM4"
"2025-10-13 11:00:00",-0.726328087673128,"2025-10-13","11:00","2MM06422","NHM4"
"2025-10-13 12:00:00",-0.673715878502236,"2025-10-13","12:00","2MM06422","NHM4"
"2025-10-13 13:00:00",-0.675874359253045,"2025-10-13","13:00","2MM06422","NHM4"
"2025-10-13 14:00:00",-0.692386768062463,"2025-10-13","14:00","2MM06422","NHM4"
"2025-10-13 15:00:00",-0.761711203213,"2025-10-13","15:00","2MM06422","NHM4"
"2025-10-13 16:00:00",-0.716136468080503,"2025-10-13","16:00","2MM06422","NHM4"
"2025-10-13 17:00:00",-0.716791985190566,"2025-10-13","17:00","2MM06422","NHM4"
"2025-10-13 18:00:00",-0.798402291911854,"2025-10-13","18:00","2MM06422","NHM4"
"2025-10-13 19:00:00",-0.808049954464611,"2025-10-13","19:00","2MM06422","NHM4"
"2025-10-13 20:00:00",-0.81564486337236,"2025-10-13","20:00","2MM06422","NHM4"
"2025-10-13 21:00:00",-0.791687023603498,"2025-10-13","21:00","2MM06422","NHM4"
"2025-10-13 22:00:00",-0.745758080584575,"2025-10-13","22:00","2MM06422","NHM4"
"2025-10-13 23:00:00",-0.812768581933079,"2025-10-13","23:00","2MM06422","NHM4"
"2025-10-14",-0.808481897405667,"2025-10-14","00:00","2MM06422","NHM4"
"2025-10-14 01:00:00",-0.765424598708664,"2025-10-14","01:00","2MM06422","NHM4"
"2025-10-14 02:00:00",-0.787302314781903,"2025-10-14","02:00","2MM06422","NHM4"
"2025-10-14 03:00:00",-0.745943423411851,"2025-10-14","03:00","2MM06422","NHM4"
"2025-10-14 04:00:00",-0.774234882993608,"2025-10-14","04:00","2MM06422","NHM4"
"2025-10-14 05:00:00",-0.796015040772651,"2025-10-14","05:00","2MM06422","NHM4"
"2025-10-14 06:00:00",-0.764206072167639,"2025-10-14","06:00","2MM06422","NHM4"
"2025-10-14 07:00:00",-0.471930056484969,"2025-10-14","07:00","2MM06422","NHM4"
"2025-10-14 08:00:00",-0.762397367457617,"2025-10-14","08:00","2MM06422","NHM4"
"2025-10-14 09:00:00",-0.734846883787797,"2025-10-14","09:00","2MM06422","NHM4"
"2025-10-14 10:00:00",-0.7857961886366,"2025-10-14","10:00","2MM06422","NHM4"
"2025-10-14 11:00:00",-0.725062433980294,"2025-10-14","11:00","2MM06422","NHM4"
"2025-10-14 12:00:00",-0.462758698601751,"2025-10-14","12:00","2MM06422","NHM4"
"2025-10-14 13:00:00",-0.65176896362814,"2025-10-14","13:00","2MM06422","NHM4"
"2025-10-14 14:00:00",-0.681661134945873,"2025-10-14","14:00","2MM06422","NHM4"
"2025-10-14 15:00:00",0.349211004909328,"2025-10-14","15:00","2MM06422","NHM4"
"2025-10-14 16:00:00",-0.583842535325536,"2025-10-14","16:00","2MM06422","NHM4"
"2025-10-14 17:00:00",-0.734565095317233,"2025-10-14","17:00","2MM06422","NHM4"
"2025-10-14 18:00:00",-0.729525513778993,"2025-10-14","18:00","2MM06422","NHM4"
"2025-10-14 19:00:00",-0.74773782580734,"2025-10-14","19:00","2MM06422","NHM4"
"2025-10-14 20:00:00",-0.619438755702225,"2025-10-14","20:00","2MM06422","NHM4"
"2025-10-14 21:00:00",-0.761246027131028,"2025-10-14","21:00","2MM06422","NHM4"
"2025-10-14 22:00:00",-0.726281110330949,"2025-10-14","22:00","2MM06422","NHM4"
"2025-10-14 23:00:00",-0.809780908740316,"2025-10-14","23:00","2MM06422","NHM4"
"2025-10-15",-0.83027572111124,"2025-10-15","00:00","2MM06422","NHM4"
"2025-10-15 01:00:00",-0.697760216087018,"2025-10-15","01:00","2MM06422","NHM4"
"2025-10-15 02:00:00",-0.775745367428908,"2025-10-15","02:00","2MM06422","NHM4"
"2025-10-15 03:00:00",-0.727499420437017,"2025-10-15","03:00","2MM06422","NHM4"
"2025-10-15 04:00:00",-0.751478233992784,"2025-10-15","04:00","2MM06422","NHM4"
"2025-10-15 05:00:00",-0.825404301157101,"2025-10-15","05:00","2MM06422","NHM4"
"2025-10-15 06:00:00",-0.758221491349704,"2025-10-15","06:00","2MM06422","NHM4"
"2025-10-15 07:00:00",-0.399199626310566,"2025-10-15","07:00","2MM06422","NHM4"
"2025-10-15 08:00:00",-0.754924623074848,"2025-10-15","08:00","2MM06422","NHM4"
"2025-10-15 09:00:00",-0.70969294093575,"2025-10-15","09:00","2MM06422","NHM4"
"2025-10-15 10:00:00",-0.724175665712315,"2025-10-15","10:00","2MM06422","NHM4"
"2025-10-15 11:00:00",-0.65487310076747,"2025-10-15","11:00","2MM06422","NHM4"
"2025-10-15 12:00:00",-0.472433507716506,"2025-10-15","12:00","2MM06422","NHM4"
"2025-10-15 13:00:00",-0.738339090294644,"2025-10-15","13:00","2MM06422","NHM4"
"2025-10-15 14:00:00",-0.557393139184023,"2025-10-15","14:00","2MM06422","NHM4"
"2025-10-15 15:00:00",-0.610819361515414,"2025-10-15","15:00","2MM06422","NHM4"
"2025-10-15 16:00:00",-0.741348828469157,"2025-10-15","16:00","2MM06422","NHM4"
"2025-10-15 17:00:00",-0.732778710204686,"2025-10-15","17:00","2MM06422","NHM4"
"2025-10-15 18:00:00",-0.751249459852407,"2025-10-15","18:00","2MM06422","NHM4"
"2025-10-15 19:00:00",-0.700905217160103,"2025-10-15","19:00","2MM06422","NHM4"
"2025-10-15 20:00:00",-0.823091735150676,"2025-10-15","20:00","2MM06422","NHM4"
"2025-10-15 21:00:00",-0.794570678636808,"2025-10-15","21:00","2MM06422","NHM4"
"2025-10-15 22:00:00",-0.825503748673178,"2025-10-15","22:00","2MM06422","NHM4"
"2025-10-15 23:00:00",-0.816147922537936,"2025-10-15","23:00","2MM06422","NHM4"
"2025-10-16",-0.825391694285217,"2025-10-16","00:00","2MM06422","NHM4"
"2025-10-16 01:00:00",-0.804766950792017,"2025-10-16","01:00","2MM06422","NHM4"
"2025-10-16 02:00:00",-0.786159888210514,"2025-10-16","02:00","2MM06422","NHM4"
"2025-10-16 03:00:00",-0.711114928453521,"2025-10-16","03:00","2MM06422","NHM4"
"2025-10-16 04:00:00",-0.778452866030811,"2025-10-16","04:00","2MM06422","NHM4"
"2025-10-16 05:00:00",-0.826261575493723,"2025-10-16","05:00","2MM06422","NHM4"
"2025-10-16 06:00:00",-0.74612073561767,"2025-10-16","06:00","2MM06422","NHM4"
"2025-10-16 07:00:00",-0.0480011739653271,"2025-10-16","07:00","2MM06422","NHM4"
"2025-10-16 08:00:00",-0.360106297576369,"2025-10-16","08:00","2MM06422","NHM4"
"2025-10-16 09:00:00",-0.596800578104283,"2025-10-16","09:00","2MM06422","NHM4"
"2025-10-16 10:00:00",-0.61166410476462,"2025-10-16","10:00","2MM06422","NHM4"
"2025-10-16 11:00:00",-0.716817472905635,"2025-10-16","11:00","2MM06422","NHM4"
"2025-10-16 12:00:00",-0.725910156506872,"2025-10-16","12:00","2MM06422","NHM4"
"2025-10-16 13:00:00",-0.683565362314339,"2025-10-16","13:00","2MM06422","NHM4"
"2025-10-16 14:00:00",-0.623318392599237,"2025-10-16","14:00","2MM06422","NHM4"
"2025-10-16 15:00:00",-0.221213994739865,"2025-10-16","15:00","2MM06422","NHM4"
"2025-10-16 16:00:00",-0.706044141370731,"2025-10-16","16:00","2MM06422","NHM4"
"2025-10-16 17:00:00",-0.759846247186401,"2025-10-16","17:00","2MM06422","NHM4"
"2025-10-16 18:00:00",-0.736027044507191,"2025-10-16","18:00","2MM06422","NHM4"
"2025-10-16 19:00:00",-0.792443043035087,"2025-10-16","19:00","2MM06422","NHM4"
"2025-10-16 20:00:00",-0.794599223719987,"2025-10-16","20:00","2MM06422","NHM4"
"2025-10-16 21:00:00",-0.787035028153909,"2025-10-16","21:00","2MM06422","NHM4"
"2025-10-16 22:00:00",-0.809046309270406,"2025-10-16","22:00","2MM06422","NHM4"
"2025-10-16 23:00:00",-0.829258503390751,"2025-10-16","23:00","2MM06422","NHM4"
"2025-10-17",-0.80638125359807,"2025-10-17","00:00","2MM06422","NHM4"
"2025-10-17 01:00:00",-0.800661914917206,"2025-10-17","01:00","2MM06422","NHM4"
"2025-10-17 02:00:00",-0.830182194154217,"2025-10-17","02:00","2MM06422","NHM4"
"2025-10-17 03:00:00",-0.733755204705026,"2025-10-17","03:00","2MM06422","NHM4"
"2025-10-17 04:00:00",-0.817065787430001,"2025-10-17","04:00","2MM06422","NHM4"
"2025-10-17 05:00:00",-0.815594747843956,"2025-10-17","05:00","2MM06422","NHM4"
"2025-10-17 06:00:00",-0.774383380073851,"2025-10-17","06:00","2MM06422","NHM4"
"2025-10-17 07:00:00",-0.221897821624683,"2025-10-17","07:00","2MM06422","NHM4"
"2025-10-17 08:00:00",-0.679827833293918,"2025-10-17","08:00","2MM06422","NHM4"
"2025-10-17 09:00:00",-0.701547706879939,"2025-10-17","09:00","2MM06422","NHM4"
"2025-10-17 10:00:00",-0.669646079606374,"2025-10-17","10:00","2MM06422","NHM4"
"2025-10-17 11:00:00",-0.721380399954056,"2025-10-17","11:00","2MM06422","NHM4"
"2025-10-17 12:00:00",-0.26324041747804,"2025-10-17","12:00","2MM06422","NHM4"
"2025-10-17 13:00:00",-0.697528027477053,"2025-10-17","13:00","2MM06422","NHM4"
"2025-10-17 14:00:00",-0.750486841218115,"2025-10-17","14:00","2MM06422","NHM4"
"2025-10-17 15:00:00",-0.729729023145557,"2025-10-17","15:00","2MM06422","NHM4"
"2025-10-17 16:00:00",-0.683157686408228,"2025-10-17","16:00","2MM06422","NHM4"
"2025-10-17 17:00:00",-0.687488082249043,"2025-10-17","17:00","2MM06422","NHM4"
"2025-10-17 18:00:00",-0.754903428191553,"2025-10-17","18:00","2MM06422","NHM4"
"2025-10-17 19:00:00",-0.728026928579042,"2025-10-17","19:00","2MM06422","NHM4"
"2025-10-17 20:00:00",-0.79209718486889,"2025-10-17","20:00","2MM06422","NHM4"
"2025-10-17 21:00:00",-0.82088908906089,"2025-10-17","21:00","2MM06422","NHM4"
"2025-10-17 22:00:00",-0.733923177650158,"2025-10-17","22:00","2MM06422","NHM4"
"2025-10-17 23:00:00",-0.840309057942453,"2025-10-17","23:00","2MM06422","NHM4"
"2025-10-18",-0.832877497009287,"2025-10-18","00:00","2MM06422","NHM4"
"2025-10-18 01:00:00",-0.826343119902562,"2025-10-18","01:00","2MM06422","NHM4"
"2025-10-18 02:00:00",-0.836943367208512,"2025-10-18","02:00","2MM06422","NHM4"
"2025-10-18 03:00:00",-0.869329090418219,"2025-10-18","03:00","2MM06422","NHM4"
"2025-10-18 04:00:00",-0.791496312710839,"2025-10-18","04:00","2MM06422","NHM4"
"2025-10-18 05:00:00",-0.79024878230909,"2025-10-18","05:00","2MM06422","NHM4"
"2025-10-18 06:00:00",-0.845503985303055,"2025-10-18","06:00","2MM06422","NHM4"
"2025-10-18 07:00:00",-0.769480682157865,"2025-10-18","07:00","2MM06422","NHM4"
"2025-10-18 08:00:00",-0.788807481224604,"2025-10-18","08:00","2MM06422","NHM4"
"2025-10-18 09:00:00",-0.700945237254386,"2025-10-18","09:00","2MM06422","NHM4"
"2025-10-18 10:00:00",-0.652709828984689,"2025-10-18","10:00","2MM06422","NHM4"
"2025-10-18 11:00:00",-0.680353218888593,"2025-10-18","11:00","2MM06422","NHM4"
"2025-10-18 12:00:00",-0.660050608282461,"2025-10-18","12:00","2MM06422","NHM4"
"2025-10-18 13:00:00",-0.769262103564913,"2025-10-18","13:00","2MM06422","NHM4"
"2025-10-18 14:00:00",-0.757330010889064,"2025-10-18","14:00","2MM06422","NHM4"
"2025-10-18 15:00:00",-0.656183432884676,"2025-10-18","15:00","2MM06422","NHM4"
"2025-10-18 16:00:00",-0.711687880865069,"2025-10-18","16:00","2MM06422","NHM4"
"2025-10-18 17:00:00",-0.743520150541491,"2025-10-18","17:00","2MM06422","NHM4"
"2025-10-18 18:00:00",-0.726835586149536,"2025-10-18","18:00","2MM06422","NHM4"
"2025-10-18 19:00:00",-0.851373205996215,"2025-10-18","19:00","2MM06422","NHM4"
"2025-10-18 20:00:00",-0.817242520657403,"2025-10-18","20:00","2MM06422","NHM4"
"2025-10-18 21:00:00",-0.866585173941036,"2025-10-18","21:00","2MM06422","NHM4"
"2025-10-18 22:00:00",-0.852405643818993,"2025-10-18","22:00","2MM06422","NHM4"
"2025-10-18 23:00:00",-0.827130765074314,"2025-10-18","23:00","2MM06422","NHM4"
"2025-10-19",-0.845189854859882,"2025-10-19","00:00","2MM06422","NHM4"
"2025-10-19 01:00:00",-0.76516441177262,"2025-10-19","01:00","2MM06422","NHM4"
"2025-10-19 02:00:00",-0.778645256968618,"2025-10-19","02:00","2MM06422","NHM4"
"2025-10-19 03:00:00",-0.848290590130772,"2025-10-19","03:00","2MM06422","NHM4"
"2025-10-19 04:00:00",-0.847031447460576,"2025-10-19","04:00","2MM06422","NHM4"
"2025-10-19 05:00:00",-0.817272737494385,"2025-10-19","05:00","2MM06422","NHM4"
"2025-10-19 06:00:00",-0.848492673008377,"2025-10-19","06:00","2MM06422","NHM4"
"2025-10-19 07:00:00",-0.79383531390981,"2025-10-19","07:00","2MM06422","NHM4"
"2025-10-19 08:00:00",-0.494807355206553,"2025-10-19","08:00","2MM06422","NHM4"
"2025-10-19 09:00:00",-0.730889482309001,"2025-10-19","09:00","2MM06422","NHM4"
"2025-10-19 10:00:00",-0.751424614940148,"2025-10-19","10:00","2MM06422","NHM4"
"2025-10-19 11:00:00",-0.790902132757469,"2025-10-19","11:00","2MM06422","NHM4"
"2025-10-19 12:00:00",-0.738010923748467,"2025-10-19","12:00","2MM06422","NHM4"
"2025-10-19 13:00:00",-0.633018308901989,"2025-10-19","13:00","2MM06422","NHM4"
"2025-10-19 14:00:00",-0.446310119632272,"2025-10-19","14:00","2MM06422","NHM4"
"2025-10-19 15:00:00",-0.546218387430498,"2025-10-19","15:00","2MM06422","NHM4"
"2025-10-19 16:00:00",-0.662742870768647,"2025-10-19","16:00","2MM06422","NHM4"
"2025-10-19 17:00:00",-0.676584722416438,"2025-10-19","17:00","2MM06422","NHM4"
"2025-10-19 18:00:00",-0.709869805465475,"2025-10-19","18:00","2MM06422","NHM4"
"2025-10-19 19:00:00",-0.766125141554755,"2025-10-19","19:00","2MM06422","NHM4"
"2025-10-19 20:00:00",-0.544607226745894,"2025-10-19","20:00","2MM06422","NHM4"
"2025-10-19 21:00:00",-0.593966685718577,"2025-10-19","21:00","2MM06422","NHM4"
"2025-10-19 22:00:00",-0.490952229583892,"2025-10-19","22:00","2MM06422","NHM4"
"2025-10-19 23:00:00",-0.545188513489856,"2025-10-19","23:00","2MM06422","NHM4"
"2025-10-20",-0.643403630678447,"2025-10-20","00:00","2MM06422","NHM4"
"2025-10-20 01:00:00",-0.817017061349581,"2025-10-20","01:00","2MM06422","NHM4"
"2025-10-20 02:00:00",-0.806122377576861,"2025-10-20","02:00","2MM06422","NHM4"
"2025-10-20 03:00:00",-0.824859127618694,"2025-10-20","03:00","2MM06422","NHM4"
"2025-10-20 04:00:00",-0.54120011838794,"2025-10-20","04:00","2MM06422","NHM4"
"2025-10-20 05:00:00",-0.247351312690843,"2025-10-20","05:00","2MM06422","NHM4"
"2025-10-20 06:00:00",-0.316908760385531,"2025-10-20","06:00","2MM06422","NHM4"
"2025-10-20 07:00:00",-0.338345836826813,"2025-10-20","07:00","2MM06422","NHM4"
"2025-10-20 08:00:00",-0.232747442778216,"2025-10-20","08:00","2MM06422","NHM4"
"2025-10-20 09:00:00",-0.269120342229883,"2025-10-20","09:00","2MM06422","NHM4"
"2025-10-20 10:00:00",-0.619872277020762,"2025-10-20","10:00","2MM06422","NHM4"
"2025-10-20 11:00:00",-0.589489555319508,"2025-10-20","11:00","2MM06422","NHM4"
"2025-10-20 12:00:00",-0.216580450450579,"2025-10-20","12:00","2MM06422","NHM4"
"2025-10-20 13:00:00",-0.189544660789956,"2025-10-20","13:00","2MM06422","NHM4"
"2025-10-20 14:00:00",-0.568428060444359,"2025-10-20","14:00","2MM06422","NHM4"
"2025-10-20 15:00:00",-0.339949108298025,"2025-10-20","15:00","2MM06422","NHM4"
"2025-10-20 16:00:00",-0.394156504286804,"2025-10-20","16:00","2MM06422","NHM4"
"2025-10-20 17:00:00",-0.660544203491572,"2025-10-20","17:00","2MM06422","NHM4"
"2025-10-20 18:00:00",-0.776782537222304,"2025-10-20","18:00","2MM06422","NHM4"
"2025-10-20 19:00:00",-0.331580714243295,"2025-10-20","19:00","2MM06422","NHM4"
"2025-10-20 20:00:00",-0.687026740160185,"2025-10-20","20:00","2MM06422","NHM4"
"2025-10-20 21:00:00",-0.717388364685123,"2025-10-20","21:00","2MM06422","NHM4"
"2025-10-20 22:00:00",-0.754760416623274,"2025-10-20","22:00","2MM06422","NHM4"
"2025-10-20 23:00:00",-0.754779921683931,"2025-10-20","23:00","2MM06422","NHM4"
"2025-10-21",-0.551788632252868,"2025-10-21","00:00","2MM06422","NHM4"
"2025-10-21 01:00:00",-0.763208633003573,"2025-10-21","01:00","2MM06422","NHM4"
"2025-10-21 02:00:00",-0.689602455255341,"2025-10-21","02:00","2MM06422","NHM4"
"2025-10-21 03:00:00",-0.743812167180872,"2025-10-21","03:00","2MM06422","NHM4"
"2025-10-21 04:00:00",-0.813612911404909,"2025-10-21","04:00","2MM06422","NHM4"
"2025-10-21 05:00:00",-0.795462062653944,"2025-10-21","05:00","2MM06422","NHM4"
"2025-10-21 06:00:00",-0.692958110050697,"2025-10-21","06:00","2MM06422","NHM4"
"2025-10-21 07:00:00",-0.732555398005872,"2025-10-21","07:00","2MM06422","NHM4"
"2025-10-21 08:00:00",-0.674154376214477,"2025-10-21","08:00","2MM06422","NHM4"
"2025-10-21 09:00:00",-0.709435883827346,"2025-10-21","09:00","2MM06422","NHM4"
"2025-10-21 10:00:00",-0.670174047994135,"2025-10-21","10:00","2MM06422","NHM4"
"2025-10-21 11:00:00",-0.437208817651229,"2025-10-21","11:00","2MM06422","NHM4"
"2025-10-21 12:00:00",-0.770829387237674,"2025-10-21","12:00","2MM06422","NHM4"
"2025-10-21 13:00:00",-0.751401450595067,"2025-10-21","13:00","2MM06422","NHM4"
"2025-10-21 14:00:00",-0.576158392905429,"2025-10-21","14:00","2MM06422","NHM4"
"2025-10-21 15:00:00",-0.314078318428536,"2025-10-21","15:00","2MM06422","NHM4"
"2025-10-21 16:00:00",-0.779628594157646,"2025-10-21","16:00","2MM06422","NHM4"
"2025-10-21 17:00:00",-0.530512211070812,"2025-10-21","17:00","2MM06422","NHM4"
"2025-10-21 18:00:00",-0.772974745072621,"2025-10-21","18:00","2MM06422","NHM4"
"2025-10-21 19:00:00",-0.788209351767908,"2025-10-21","19:00","2MM06422","NHM4"
"2025-10-21 20:00:00",-0.835256719820899,"2025-10-21","20:00","2MM06422","NHM4"
"2025-10-21 21:00:00",-0.814049797677943,"2025-10-21","21:00","2MM06422","NHM4"
"2025-10-21 22:00:00",-0.84395143020963,"2025-10-21","22:00","2MM06422","NHM4"
"2025-10-21 23:00:00",-0.854648802543619,"2025-10-21","23:00","2MM06422","NHM4"
"2025-10-22",-0.859171089299934,"2025-10-22","00:00","2MM06422","NHM4"
"2025-10-22 01:00:00",-0.841716080744114,"2025-10-22","01:00","2MM06422","NHM4"
"2025-10-22 02:00:00",-0.795870981816758,"2025-10-22","02:00","2MM06422","NHM4"
"2025-10-22 03:00:00",-0.855430445742191,"2025-10-22","03:00","2MM06422","NHM4"
"2025-10-22 04:00:00",-0.844754940354438,"2025-10-22","04:00","2MM06422","NHM4"
"2025-10-22 05:00:00",-0.802607194388782,"2025-10-22","05:00","2MM06422","NHM4"
"2025-10-22 06:00:00",-0.838921993694141,"2025-10-22","06:00","2MM06422","NHM4"
"2025-10-22 07:00:00",-0.805214534441543,"2025-10-22","07:00","2MM06422","NHM4"
"2025-10-22 08:00:00",-0.746041706278698,"2025-10-22","08:00","2MM06422","NHM4"
"2025-10-22 09:00:00",0.115379031017384,"2025-10-22","09:00","2MM06422","NHM4"
"2025-10-22 10:00:00",-0.710709088542703,"2025-10-22","10:00","2MM06422","NHM4"
"2025-10-22 11:00:00",-0.666976088785241,"2025-10-22","11:00","2MM06422","NHM4"
"2025-10-22 12:00:00",-0.264928174264655,"2025-10-22","12:00","2MM06422","NHM4"
"2025-10-22 13:00:00",-0.633426124335433,"2025-10-22","13:00","2MM06422","NHM4"
"2025-10-22 14:00:00",-0.80015457275744,"2025-10-22","14:00","2MM06422","NHM4"
"2025-10-22 15:00:00",-0.683528668464995,"2025-10-22","15:00","2MM06422","NHM4"
"2025-10-22 16:00:00",-0.595352273301608,"2025-10-22","16:00","2MM06422","NHM4"
"2025-10-22 17:00:00",-0.797960593557166,"2025-10-22","17:00","2MM06422","NHM4"
"2025-10-22 18:00:00",-0.814309912826489,"2025-10-22","18:00","2MM06422","NHM4"
"2025-10-22 19:00:00",-0.822417000529979,"2025-10-22","19:00","2MM06422","NHM4"
"2025-10-22 20:00:00",-0.534922506114351,"2025-10-22","20:00","2MM06422","NHM4"
"2025-10-22 21:00:00",-0.114781251546819,"2025-10-22","21:00","2MM06422","NHM4"
"2025-10-22 22:00:00",-0.157566780467286,"2025-10-22","22:00","2MM06422","NHM4"
"2025-10-22 23:00:00",-0.352177266933781,"2025-10-22","23:00","2MM06422","NHM4"
"2025-10-23",-0.429470782006413,"2025-10-23","00:00","2MM06422","NHM4"
"2025-10-23 01:00:00",-0.162976893401667,"2025-10-23","01:00","2MM06422","NHM4"
"2025-10-23 02:00:00",-0.468969159168237,"2025-10-23","02:00","2MM06422","NHM4"
"2025-10-23 03:00:00",-0.0270473644472287,"2025-10-23","03:00","2MM06422","NHM4"
"2025-10-23 04:00:00",-0.290648529170281,"2025-10-23","04:00","2MM06422","NHM4"
"2025-10-23 05:00:00",-0.313818161154927,"2025-10-23","05:00","2MM06422","NHM4"
"2025-10-23 06:00:00",-0.333370079614904,"2025-10-23","06:00","2MM06422","NHM4"
"2025-10-23 07:00:00",-0.304277580315186,"2025-10-23","07:00","2MM06422","NHM4"
"2025-10-23 08:00:00",-0.218385625562652,"2025-10-23","08:00","2MM06422","NHM4"
"2025-10-23 09:00:00",-0.301362433526965,"2025-10-23","09:00","2MM06422","NHM4"
"2025-10-23 10:00:00",-0.455451102937531,"2025-10-23","10:00","2MM06422","NHM4"
"2025-10-23 11:00:00",-0.385653058671687,"2025-10-23","11:00","2MM06422","NHM4"
"2025-10-23 12:00:00",-0.285185432486932,"2025-10-23","12:00","2MM06422","NHM4"
"2025-10-23 13:00:00",-0.139836824274338,"2025-10-23","13:00","2MM06422","NHM4"
"2025-10-23 14:00:00",-0.241593046095371,"2025-10-23","14:00","2MM06422","NHM4"
"2025-10-23 15:00:00",-0.220593274516014,"2025-10-23","15:00","2MM06422","NHM4"
"2025-10-23 16:00:00",-0.357270990083956,"2025-10-23","16:00","2MM06422","NHM4"
"2025-10-23 17:00:00",-0.304756145559427,"2025-10-23","17:00","2MM06422","NHM4"
"2025-10-23 18:00:00",-0.551964128086439,"2025-10-23","18:00","2MM06422","NHM4"
"2025-10-23 19:00:00",-0.202118156302945,"2025-10-23","19:00","2MM06422","NHM4"
"2025-10-23 20:00:00",-0.299669922705123,"2025-10-23","20:00","2MM06422","NHM4"
"2025-10-23 21:00:00",-0.204764774299119,"2025-10-23","21:00","2MM06422","NHM4"
"2025-10-23 22:00:00",-0.508192733874211,"2025-10-23","22:00","2MM06422","NHM4"
"2025-10-23 23:00:00",-0.516469859573817,"2025-10-23","23:00","2MM06422","NHM4"
"2025-10-24",-0.815270665519822,"2025-10-24","00:00","2MM06422","NHM4"
"2025-10-24 01:00:00",-0.814299054533401,"2025-10-24","01:00","2MM06422","NHM4"
"2025-10-24 02:00:00",-0.801457119883112,"2025-10-24","02:00","2MM06422","NHM4"
"2025-10-24 03:00:00",-0.811148237901364,"2025-10-24","03:00","2MM06422","NHM4"
"2025-10-24 04:00:00",-0.775828042611477,"2025-10-24","04:00","2MM06422","NHM4"
"2025-10-24 05:00:00",-0.843095041358787,"2025-10-24","05:00","2MM06422","NHM4"
"2025-10-24 06:00:00",-0.83938818789371,"2025-10-24","06:00","2MM06422","NHM4"
"2025-10-24 07:00:00",-0.745504277561194,"2025-10-24","07:00","2MM06422","NHM4"
"2025-10-24 08:00:00",-0.762526840472154,"2025-10-24","08:00","2MM06422","NHM4"
"2025-10-24 09:00:00",-0.773971298543636,"2025-10-24","09:00","2MM06422","NHM4"
"2025-10-24 10:00:00",-0.593990714473437,"2025-10-24","10:00","2MM06422","NHM4"
"2025-10-24 11:00:00",-0.758689479796561,"2025-10-24","11:00","2MM06422","NHM4"
"2025-10-24 12:00:00",-0.799340830065886,"2025-10-24","12:00","2MM06422","NHM4"
"2025-10-24 13:00:00",-0.132661038464947,"2025-10-24","13:00","2MM06422","NHM4"
"2025-10-24 14:00:00",-0.431577209621472,"2025-10-24","14:00","2MM06422","NHM4"
"2025-10-24 15:00:00",-0.717456328918755,"2025-10-24","15:00","2MM06422","NHM4"
"2025-10-24 16:00:00",-0.698243733406799,"2025-10-24","16:00","2MM06422","NHM4"
"2025-10-24 17:00:00",-0.740491003799641,"2025-10-24","17:00","2MM06422","NHM4"
"2025-10-24 18:00:00",-0.740136028193268,"2025-10-24","18:00","2MM06422","NHM4"
"2025-10-24 19:00:00",-0.587617782244907,"2025-10-24","19:00","2MM06422","NHM4"
"2025-10-24 20:00:00",-0.707834713986509,"2025-10-24","20:00","2MM06422","NHM4"
"2025-10-24 21:00:00",-0.705161537999902,"2025-10-24","21:00","2MM06422","NHM4"
"2025-10-24 22:00:00",-0.825138455674782,"2025-10-24","22:00","2MM06422","NHM4"
"2025-10-24 23:00:00",-0.584711651200134,"2025-10-24","23:00","2MM06422","NHM4"
"2025-10-25",-0.825212994848078,"2025-10-25","00:00","2MM06422","NHM4"
"2025-10-25 01:00:00",-0.628452362868843,"2025-10-25","01:00","2MM06422","NHM4"
"2025-10-25 02:00:00",-0.779307129793107,"2025-10-25","02:00","2MM06422","NHM4"
"2025-10-25 03:00:00",-0.751588585559931,"2025-10-25","03:00","2MM06422","NHM4"
"2025-10-25 04:00:00",-0.571431917067588,"2025-10-25","04:00","2MM06422","NHM4"
"2025-10-25 05:00:00",-0.755323289749778,"2025-10-25","05:00","2MM06422","NHM4"
"2025-10-25 06:00:00",-0.790269393087083,"2025-10-25","06:00","2MM06422","NHM4"
"2025-10-25 07:00:00",-0.823565739892051,"2025-10-25","07:00","2MM06422","NHM4"
"2025-10-25 08:00:00",-0.541223812822944,"2025-10-25","08:00","2MM06422","NHM4"
"2025-10-25 09:00:00",-0.679665922267653,"2025-10-25","09:00","2MM06422","NHM4"
"2025-10-25 10:00:00",-0.292005551485804,"2025-10-25","10:00","2MM06422","NHM4"
"2025-10-25 11:00:00",-0.322489082568585,"2025-10-25","11:00","2MM06422","NHM4"
"2025-10-25 12:00:00",-0.710870104523706,"2025-10-25","12:00","2MM06422","NHM4"
"2025-10-25 13:00:00",-0.556178083308868,"2025-10-25","13:00","2MM06422","NHM4"
"2025-10-25 14:00:00",-0.404118109744709,"2025-10-25","14:00","2MM06422","NHM4"
"2025-10-25 15:00:00",-0.215587075467794,"2025-10-25","15:00","2MM06422","NHM4"
"2025-10-25 16:00:00",-0.499958066429432,"2025-10-25","16:00","2MM06422","NHM4"
"2025-10-25 17:00:00",-0.608455929406336,"2025-10-25","17:00","2MM06422","NHM4"
"2025-10-25 18:00:00",-0.5157645627051,"2025-10-25","18:00","2MM06422","NHM4"
"2025-10-25 19:00:00",-0.771611224400096,"2025-10-25","19:00","2MM06422","NHM4"
"2025-10-25 20:00:00",-0.783781822687567,"2025-10-25","20:00","2MM06422","NHM4"
"2025-10-25 21:00:00",-0.531982503870746,"2025-10-25","21:00","2MM06422","NHM4"
"2025-10-25 22:00:00",-0.821926745999618,"2025-10-25","22:00","2MM06422","NHM4"
"2025-10-25 23:00:00",-0.519250901587836,"2025-10-25","23:00","2MM06422","NHM4"
"2025-10-26",-0.801703130098373,"2025-10-26","00:00","2MM06422","NHM4"
"2025-10-26 01:00:00",-0.801042308668457,"2025-10-26","01:00","2MM06422","NHM4"
"2025-10-26 02:00:00",-0.755326657346882,"2025-10-26","02:00","2MM06422","NHM4"
"2025-10-26 03:00:00",-0.753127006578227,"2025-10-26","03:00","2MM06422","NHM4"
"2025-10-26 04:00:00",-0.41451018170027,"2025-10-26","04:00","2MM06422","NHM4"
"2025-10-26 05:00:00",-0.827695385102871,"2025-10-26","05:00","2MM06422","NHM4"
"2025-10-26 06:00:00",-0.78178345194105,"2025-10-26","06:00","2MM06422","NHM4"
"2025-10-26 07:00:00",-0.659769237260603,"2025-10-26","07:00","2MM06422","NHM4"
"2025-10-26 08:00:00",-0.626434965766321,"2025-10-26","08:00","2MM06422","NHM4"
"2025-10-26 09:00:00",-0.761993847944425,"2025-10-26","09:00","2MM06422","NHM4"
"2025-10-26 10:00:00",-0.78904236829009,"2025-10-26","10:00","2MM06422","NHM4"
"2025-10-26 11:00:00",-0.287468964953263,"2025-10-26","11:00","2MM06422","NHM4"
"2025-10-26 12:00:00",-0.470281496217418,"2025-10-26","12:00","2MM06422","NHM4"
"2025-10-26 13:00:00",-0.652317766251599,"2025-10-26","13:00","2MM06422","NHM4"
"2025-10-26 14:00:00",-0.314957646924751,"2025-10-26","14:00","2MM06422","NHM4"
"2025-10-26 15:00:00",-0.765361252810737,"2025-10-26","15:00","2MM06422","NHM4"
"2025-10-26 16:00:00",-0.512063583901889,"2025-10-26","16:00","2MM06422","NHM4"
"2025-10-26 17:00:00",-0.456769329010028,"2025-10-26","17:00","2MM06422","NHM4"
"2025-10-26 18:00:00",-0.678253320030167,"2025-10-26","18:00","2MM06422","NHM4"
"2025-10-26 19:00:00",-0.758249495668271,"2025-10-26","19:00","2MM06422","NHM4"
"2025-10-26 20:00:00",-0.711258467780289,"2025-10-26","20:00","2MM06422","NHM4"
"2025-10-26 21:00:00",-0.594313319892424,"2025-10-26","21:00","2MM06422","NHM4"
"2025-10-26 22:00:00",-0.726654763764887,"2025-10-26","22:00","2MM06422","NHM4"
"2025-10-26 23:00:00",-0.744241214837194,"2025-10-26","23:00","2MM06422","NHM4"
"2025-10-27",-0.731322352096303,"2025-10-27","00:00","2MM06422","NHM4"
"2025-10-27 01:00:00",-0.734596481081712,"2025-10-27","01:00","2MM06422","NHM4"
"2025-10-27 02:00:00",-0.556835800979899,"2025-10-27","02:00","2MM06422","NHM4"
"2025-10-27 03:00:00",-0.349210338080076,"2025-10-27","03:00","2MM06422","NHM4"
"2025-10-27 04:00:00",-0.508505118318199,"2025-10-27","04:00","2MM06422","NHM4"
"2025-10-27 05:00:00",-0.677106350149439,"2025-10-27","05:00","2MM06422","NHM4"
"2025-10-27 06:00:00",-0.552332302104723,"2025-10-27","06:00","2MM06422","NHM4"
"2025-10-27 07:00:00",-0.775452545709351,"2025-10-27","07:00","2MM06422","NHM4"
"2025-10-27 08:00:00",-0.138862299985279,"2025-10-27","08:00","2MM06422","NHM4"
"2025-10-27 09:00:00",-0.295294574241885,"2025-10-27","09:00","2MM06422","NHM4"
"2025-10-27 10:00:00",-0.141158994891017,"2025-10-27","10:00","2MM06422","NHM4"
"2025-10-27 11:00:00",-0.380044545559982,"2025-10-27","11:00","2MM06422","NHM4"
"2025-10-27 12:00:00",-0.276074376103006,"2025-10-27","12:00","2MM06422","NHM4"
"2025-10-27 13:00:00",-0.301945913400125,"2025-10-27","13:00","2MM06422","NHM4"
"2025-10-27 14:00:00",-0.354206786209645,"2025-10-27","14:00","2MM06422","NHM4"
"2025-10-27 15:00:00",-0.133867721800198,"2025-10-27","15:00","2MM06422","NHM4"
"2025-10-27 16:00:00",-0.504227936597308,"2025-10-27","16:00","2MM06422","NHM4"
"2025-10-27 17:00:00",-0.496659310640298,"2025-10-27","17:00","2MM06422","NHM4"
"2025-10-27 18:00:00",-0.535728146091035,"2025-10-27","18:00","2MM06422","NHM4"
"2025-10-27 19:00:00",-0.716842069999177,"2025-10-27","19:00","2MM06422","NHM4"
"2025-10-27 20:00:00",-0.800422159657365,"2025-10-27","20:00","2MM06422","NHM4"
"2025-10-27 21:00:00",-0.784266541850163,"2025-10-27","21:00","2MM06422","NHM4"
"2025-10-27 22:00:00",-0.795573545557617,"2025-10-27","22:00","2MM06422","NHM4"
"2025-10-27 23:00:00",-0.578107589693002,"2025-10-27","23:00","2MM06422","NHM4"
"2025-10-09",0.142067833763685,"2025-10-09","00:00","2MM06423","45"
"2025-10-09 01:00:00",-0.0548873530757436,"2025-10-09","01:00","2MM06423","45"
"2025-10-09 02:00:00",0.0237061670754249,"2025-10-09","02:00","2MM06423","45"
"2025-10-09 03:00:00",-0.057634750946267,"2025-10-09","03:00","2MM06423","45"
"2025-10-09 04:00:00",-0.0922262468899424,"2025-10-09","04:00","2MM06423","45"
"2025-10-09 05:00:00",-0.237606835219532,"2025-10-09","05:00","2MM06423","45"
"2025-10-09 06:00:00",-0.481137002547609,"2025-10-09","06:00","2MM06423","45"
"2025-10-09 07:00:00",-0.448784120708611,"2025-10-09","07:00","2MM06423","45"
"2025-10-09 08:00:00",-0.621155313183039,"2025-10-09","08:00","2MM06423","45"
"2025-10-09 09:00:00",-0.328109049879221,"2025-10-09","09:00","2MM06423","45"
"2025-10-09 10:00:00",0.331376609362415,"2025-10-09","10:00","2MM06423","45"
"2025-10-09 11:00:00",-0.223542198808535,"2025-10-09","11:00","2MM06423","45"
"2025-10-09 12:00:00",-0.331396763189346,"2025-10-09","12:00","2MM06423","45"
"2025-10-09 13:00:00",-0.378079039592507,"2025-10-09","13:00","2MM06423","45"
"2025-10-09 14:00:00",-0.19219438790314,"2025-10-09","14:00","2MM06423","45"
"2025-10-09 15:00:00",-0.371546460182848,"2025-10-09","15:00","2MM06423","45"
"2025-10-09 16:00:00",-0.0745744183718974,"2025-10-09","16:00","2MM06423","45"
"2025-10-09 17:00:00",-0.0306495461071659,"2025-10-09","17:00","2MM06423","45"
"2025-10-09 18:00:00",-0.523030648576318,"2025-10-09","18:00","2MM06423","45"
"2025-10-09 19:00:00",-0.473653848353809,"2025-10-09","19:00","2MM06423","45"
"2025-10-09 20:00:00",-0.58542434565349,"2025-10-09","20:00","2MM06423","45"
"2025-10-09 21:00:00",-0.683360211605458,"2025-10-09","21:00","2MM06423","45"
"2025-10-09 22:00:00",-0.329168964072002,"2025-10-09","22:00","2MM06423","45"
"2025-10-09 23:00:00",-0.448274801970756,"2025-10-09","23:00","2MM06423","45"
"2025-10-10",0.0761227432127871,"2025-10-10","00:00","2MM06423","45"
"2025-10-10 01:00:00",0.195956587972912,"2025-10-10","01:00","2MM06423","45"
"2025-10-10 02:00:00",-0.33849892422583,"2025-10-10","02:00","2MM06423","45"
"2025-10-10 03:00:00",0.26168998236968,"2025-10-10","03:00","2MM06423","45"
"2025-10-10 04:00:00",0.332585958336582,"2025-10-10","04:00","2MM06423","45"
"2025-10-10 05:00:00",0.0384228040717912,"2025-10-10","05:00","2MM06423","45"
"2025-10-10 06:00:00",-0.397663969760354,"2025-10-10","06:00","2MM06423","45"
"2025-10-10 07:00:00",0.175746234963016,"2025-10-10","07:00","2MM06423","45"
"2025-10-10 08:00:00",0.155209179492577,"2025-10-10","08:00","2MM06423","45"
"2025-10-10 09:00:00",0.09795990576034,"2025-10-10","09:00","2MM06423","45"
"2025-10-10 10:00:00",-0.050891124150417,"2025-10-10","10:00","2MM06423","45"
"2025-10-10 11:00:00",0.489206904923931,"2025-10-10","11:00","2MM06423","45"
"2025-10-10 12:00:00",0.0823139881436635,"2025-10-10","12:00","2MM06423","45"
"2025-10-10 13:00:00",0.71979852350485,"2025-10-10","13:00","2MM06423","45"
"2025-10-10 14:00:00",-0.145809448386711,"2025-10-10","14:00","2MM06423","45"
"2025-10-10 15:00:00",-0.160524458928332,"2025-10-10","15:00","2MM06423","45"
"2025-10-10 16:00:00",-0.0667341576553446,"2025-10-10","16:00","2MM06423","45"
"2025-10-10 17:00:00",0.573489683560668,"2025-10-10","17:00","2MM06423","45"
"2025-10-10 18:00:00",-0.470007952992855,"2025-10-10","18:00","2MM06423","45"
"2025-10-10 19:00:00",-0.407915001338268,"2025-10-10","19:00","2MM06423","45"
"2025-10-10 20:00:00",-0.337035215606448,"2025-10-10","20:00","2MM06423","45"
"2025-10-10 21:00:00",-0.204304437192156,"2025-10-10","21:00","2MM06423","45"
"2025-10-10 22:00:00",-0.115060212669215,"2025-10-10","22:00","2MM06423","45"
"2025-10-10 23:00:00",-0.294131896729847,"2025-10-10","23:00","2MM06423","45"
"2025-10-11",0.0229402713234998,"2025-10-11","00:00","2MM06423","45"
"2025-10-11 01:00:00",0.120617816486992,"2025-10-11","01:00","2MM06423","45"
"2025-10-11 02:00:00",0.195259664520419,"2025-10-11","02:00","2MM06423","45"
"2025-10-11 03:00:00",0.192940249413391,"2025-10-11","03:00","2MM06423","45"
"2025-10-11 04:00:00",0.17436784453132,"2025-10-11","04:00","2MM06423","45"
"2025-10-11 05:00:00",0.185653312397647,"2025-10-11","05:00","2MM06423","45"
"2025-10-11 06:00:00",0.0656104967824277,"2025-10-11","06:00","2MM06423","45"
"2025-10-11 07:00:00",0.218750303409211,"2025-10-11","07:00","2MM06423","45"
"2025-10-11 08:00:00",-0.459845791124189,"2025-10-11","08:00","2MM06423","45"
"2025-10-11 09:00:00",0.296485333461487,"2025-10-11","09:00","2MM06423","45"
"2025-10-11 10:00:00",0.396003524370283,"2025-10-11","10:00","2MM06423","45"
"2025-10-11 11:00:00",-0.019345460296547,"2025-10-11","11:00","2MM06423","45"
"2025-10-11 12:00:00",0.0310009131588189,"2025-10-11","12:00","2MM06423","45"
"2025-10-11 13:00:00",0.209852238804377,"2025-10-11","13:00","2MM06423","45"
"2025-10-11 14:00:00",-0.401164615969329,"2025-10-11","14:00","2MM06423","45"
"2025-10-11 15:00:00",-0.137144772649399,"2025-10-11","15:00","2MM06423","45"
"2025-10-11 16:00:00",-0.363874343422423,"2025-10-11","16:00","2MM06423","45"
"2025-10-11 17:00:00",-0.149908477568645,"2025-10-11","17:00","2MM06423","45"
"2025-10-11 18:00:00",-0.0169909812451722,"2025-10-11","18:00","2MM06423","45"
"2025-10-11 19:00:00",-0.597720980250889,"2025-10-11","19:00","2MM06423","45"
"2025-10-11 20:00:00",-0.488965713109638,"2025-10-11","20:00","2MM06423","45"
"2025-10-11 21:00:00",-0.665720625083517,"2025-10-11","21:00","2MM06423","45"
"2025-10-11 22:00:00",-0.593997281218601,"2025-10-11","22:00","2MM06423","45"
"2025-10-11 23:00:00",-0.661532287940215,"2025-10-11","23:00","2MM06423","45"
"2025-10-12",-0.431143074861865,"2025-10-12","00:00","2MM06423","45"
"2025-10-12 01:00:00",-0.362449224285551,"2025-10-12","01:00","2MM06423","45"
"2025-10-12 02:00:00",-0.150798781744514,"2025-10-12","02:00","2MM06423","45"
"2025-10-12 03:00:00",-0.299085804726824,"2025-10-12","03:00","2MM06423","45"
"2025-10-12 04:00:00",-0.454494366907329,"2025-10-12","04:00","2MM06423","45"
"2025-10-12 05:00:00",-0.221920757682625,"2025-10-12","05:00","2MM06423","45"
"2025-10-12 06:00:00",-0.109742108002194,"2025-10-12","06:00","2MM06423","45"
"2025-10-12 07:00:00",-0.0305834989243875,"2025-10-12","07:00","2MM06423","45"
"2025-10-12 08:00:00",0.00395792957636112,"2025-10-12","08:00","2MM06423","45"
"2025-10-12 09:00:00",0.141022625735458,"2025-10-12","09:00","2MM06423","45"
"2025-10-12 10:00:00",-0.387090616128476,"2025-10-12","10:00","2MM06423","45"
"2025-10-12 11:00:00",0.109542232149573,"2025-10-12","11:00","2MM06423","45"
"2025-10-12 12:00:00",-0.108247798710424,"2025-10-12","12:00","2MM06423","45"
"2025-10-12 13:00:00",-0.169656384879625,"2025-10-12","13:00","2MM06423","45"
"2025-10-12 14:00:00",-0.20741125758228,"2025-10-12","14:00","2MM06423","45"
"2025-10-12 15:00:00",-0.0617313591924107,"2025-10-12","15:00","2MM06423","45"
"2025-10-12 16:00:00",-0.416446503040412,"2025-10-12","16:00","2MM06423","45"
"2025-10-12 17:00:00",-0.255730797219448,"2025-10-12","17:00","2MM06423","45"
"2025-10-12 18:00:00",0.00222605185781488,"2025-10-12","18:00","2MM06423","45"
"2025-10-12 19:00:00",-0.555316679076651,"2025-10-12","19:00","2MM06423","45"
"2025-10-12 20:00:00",-0.654564405409637,"2025-10-12","20:00","2MM06423","45"
"2025-10-12 21:00:00",-0.422924696736679,"2025-10-12","21:00","2MM06423","45"
"2025-10-12 22:00:00",-0.472492923024208,"2025-10-12","22:00","2MM06423","45"
"2025-10-12 23:00:00",-0.480500705971952,"2025-10-12","23:00","2MM06423","45"
"2025-10-13",0.0395451753183497,"2025-10-13","00:00","2MM06423","45"
"2025-10-13 01:00:00",0.230113317099907,"2025-10-13","01:00","2MM06423","45"
"2025-10-13 02:00:00",0.186888705757053,"2025-10-13","02:00","2MM06423","45"
"2025-10-13 03:00:00",0.152908615026216,"2025-10-13","03:00","2MM06423","45"
"2025-10-13 04:00:00",0.145989383595689,"2025-10-13","04:00","2MM06423","45"
"2025-10-13 05:00:00",0.0842735019758242,"2025-10-13","05:00","2MM06423","45"
"2025-10-13 06:00:00",-0.0447319976758768,"2025-10-13","06:00","2MM06423","45"
"2025-10-13 07:00:00",-0.13489162254982,"2025-10-13","07:00","2MM06423","45"
"2025-10-13 08:00:00",-0.322000631555928,"2025-10-13","08:00","2MM06423","45"
"2025-10-13 09:00:00",-0.39218480125221,"2025-10-13","09:00","2MM06423","45"
"2025-10-13 10:00:00",-0.602696278318637,"2025-10-13","10:00","2MM06423","45"
"2025-10-13 11:00:00",-0.132819030105221,"2025-10-13","11:00","2MM06423","45"
"2025-10-13 12:00:00",-0.269072321255486,"2025-10-13","12:00","2MM06423","45"
"2025-10-13 13:00:00",-0.386223028858004,"2025-10-13","13:00","2MM06423","45"
"2025-10-13 14:00:00",-0.193421036357345,"2025-10-13","14:00","2MM06423","45"
"2025-10-13 15:00:00",-0.322692134552834,"2025-10-13","15:00","2MM06423","45"
"2025-10-13 16:00:00",-0.22060602676522,"2025-10-13","16:00","2MM06423","45"
"2025-10-13 17:00:00",-0.11028293995755,"2025-10-13","17:00","2MM06423","45"
"2025-10-13 18:00:00",-0.102896156506972,"2025-10-13","18:00","2MM06423","45"
"2025-10-13 19:00:00",-0.23800924362236,"2025-10-13","19:00","2MM06423","45"
"2025-10-13 20:00:00",-0.16456130588199,"2025-10-13","20:00","2MM06423","45"
"2025-10-13 21:00:00",-0.0443303081426715,"2025-10-13","21:00","2MM06423","45"
"2025-10-13 22:00:00",-0.118089171194686,"2025-10-13","22:00","2MM06423","45"
"2025-10-13 23:00:00",0.0856399575258759,"2025-10-13","23:00","2MM06423","45"
"2025-10-14",0.0270641647527672,"2025-10-14","00:00","2MM06423","45"
"2025-10-14 01:00:00",-0.181596910136599,"2025-10-14","01:00","2MM06423","45"
"2025-10-14 02:00:00",0.0723018183314196,"2025-10-14","02:00","2MM06423","45"
"2025-10-14 03:00:00",0.136734354421798,"2025-10-14","03:00","2MM06423","45"
"2025-10-14 04:00:00",-0.159427543977246,"2025-10-14","04:00","2MM06423","45"
"2025-10-14 05:00:00",0.0192840371313369,"2025-10-14","05:00","2MM06423","45"
"2025-10-14 06:00:00",-0.268690454087287,"2025-10-14","06:00","2MM06423","45"
"2025-10-14 07:00:00",0.102712190732333,"2025-10-14","07:00","2MM06423","45"
"2025-10-14 08:00:00",-0.0220145486410801,"2025-10-14","08:00","2MM06423","45"
"2025-10-14 09:00:00",-0.424871831150957,"2025-10-14","09:00","2MM06423","45"
"2025-10-14 10:00:00",0.131633943888185,"2025-10-14","10:00","2MM06423","45"
"2025-10-14 11:00:00",-0.134395793402842,"2025-10-14","11:00","2MM06423","45"
"2025-10-14 12:00:00",-0.158036402240795,"2025-10-14","12:00","2MM06423","45"
"2025-10-14 13:00:00",-0.125297509292112,"2025-10-14","13:00","2MM06423","45"
"2025-10-14 14:00:00",-0.0632573343544089,"2025-10-14","14:00","2MM06423","45"
"2025-10-14 15:00:00",-0.338962290156938,"2025-10-14","15:00","2MM06423","45"
"2025-10-14 16:00:00",-0.242558186648028,"2025-10-14","16:00","2MM06423","45"
"2025-10-14 17:00:00",-0.284006055896251,"2025-10-14","17:00","2MM06423","45"
"2025-10-14 18:00:00",-0.0784836247452584,"2025-10-14","18:00","2MM06423","45"
"2025-10-14 19:00:00",0.034963492943389,"2025-10-14","19:00","2MM06423","45"
"2025-10-14 20:00:00",-0.212265063558849,"2025-10-14","20:00","2MM06423","45"
"2025-10-14 21:00:00",0.00137369375825582,"2025-10-14","21:00","2MM06423","45"
"2025-10-14 22:00:00",0.0131419546908229,"2025-10-14","22:00","2MM06423","45"
"2025-10-14 23:00:00",-0.00011195762492859,"2025-10-14","23:00","2MM06423","45"
"2025-10-15",0.100204731827863,"2025-10-15","00:00","2MM06423","45"
"2025-10-15 01:00:00",0.242112042794626,"2025-10-15","01:00","2MM06423","45"
"2025-10-15 02:00:00",0.0987631431007421,"2025-10-15","02:00","2MM06423","45"
"2025-10-15 03:00:00",0.223090329040283,"2025-10-15","03:00","2MM06423","45"
"2025-10-15 04:00:00",0.0688761911315806,"2025-10-15","04:00","2MM06423","45"
"2025-10-15 05:00:00",0.0586372624315351,"2025-10-15","05:00","2MM06423","45"
"2025-10-15 06:00:00",-0.228718366248554,"2025-10-15","06:00","2MM06423","45"
"2025-10-15 07:00:00",0.142772810196164,"2025-10-15","07:00","2MM06423","45"
"2025-10-15 08:00:00",-0.0979950702560777,"2025-10-15","08:00","2MM06423","45"
"2025-10-15 09:00:00",-0.258060326653912,"2025-10-15","09:00","2MM06423","45"
"2025-10-15 10:00:00",-0.560250994858556,"2025-10-15","10:00","2MM06423","45"
"2025-10-15 11:00:00",-0.44288776069499,"2025-10-15","11:00","2MM06423","45"
"2025-10-15 12:00:00",-0.385066573602008,"2025-10-15","12:00","2MM06423","45"
"2025-10-15 13:00:00",-0.415981743424707,"2025-10-15","13:00","2MM06423","45"
"2025-10-15 14:00:00",-0.0716571884003109,"2025-10-15","14:00","2MM06423","45"
"2025-10-15 15:00:00",-0.299384056715385,"2025-10-15","15:00","2MM06423","45"
"2025-10-15 16:00:00",-0.135048331035307,"2025-10-15","16:00","2MM06423","45"
"2025-10-15 17:00:00",-0.168987659405841,"2025-10-15","17:00","2MM06423","45"
"2025-10-15 18:00:00",-0.104428488871212,"2025-10-15","18:00","2MM06423","45"
"2025-10-15 19:00:00",-0.0772784959054108,"2025-10-15","19:00","2MM06423","45"
"2025-10-15 20:00:00",-0.168690116592349,"2025-10-15","20:00","2MM06423","45"
"2025-10-15 21:00:00",-0.189192678283373,"2025-10-15","21:00","2MM06423","45"
"2025-10-15 22:00:00",-0.326831758996871,"2025-10-15","22:00","2MM06423","45"
"2025-10-15 23:00:00",-0.0517454536639956,"2025-10-15","23:00","2MM06423","45"
"2025-10-16",0.106247097169432,"2025-10-16","00:00","2MM06423","45"
"2025-10-16 01:00:00",0.0833107808733452,"2025-10-16","01:00","2MM06423","45"
"2025-10-16 02:00:00",0.263161455353891,"2025-10-16","02:00","2MM06423","45"
"2025-10-16 03:00:00",0.214068865215523,"2025-10-16","03:00","2MM06423","45"
"2025-10-16 04:00:00",0.182279693927421,"2025-10-16","04:00","2MM06423","45"
"2025-10-16 05:00:00",0.134324003497714,"2025-10-16","05:00","2MM06423","45"
"2025-10-16 06:00:00",-0.18453917481613,"2025-10-16","06:00","2MM06423","45"
"2025-10-16 07:00:00",0.122428383089508,"2025-10-16","07:00","2MM06423","45"
"2025-10-16 08:00:00",-0.403853208738316,"2025-10-16","08:00","2MM06423","45"
"2025-10-16 09:00:00",-0.00655046663569053,"2025-10-16","09:00","2MM06423","45"
"2025-10-16 10:00:00",0.115461230212037,"2025-10-16","10:00","2MM06423","45"
"2025-10-16 11:00:00",-0.0606651297780179,"2025-10-16","11:00","2MM06423","45"
"2025-10-16 12:00:00",-0.140770740954124,"2025-10-16","12:00","2MM06423","45"
"2025-10-16 13:00:00",0.210638784990399,"2025-10-16","13:00","2MM06423","45"
"2025-10-16 14:00:00",-0.284710718363044,"2025-10-16","14:00","2MM06423","45"
"2025-10-16 15:00:00",-0.172027267171745,"2025-10-16","15:00","2MM06423","45"
"2025-10-16 16:00:00",0.131419364353174,"2025-10-16","16:00","2MM06423","45"
"2025-10-16 17:00:00",-0.466843796833331,"2025-10-16","17:00","2MM06423","45"
"2025-10-16 18:00:00",-0.226064254631404,"2025-10-16","18:00","2MM06423","45"
"2025-10-16 19:00:00",-0.487405574085783,"2025-10-16","19:00","2MM06423","45"
"2025-10-16 20:00:00",-0.387952629212376,"2025-10-16","20:00","2MM06423","45"
"2025-10-16 21:00:00",-0.379997586457866,"2025-10-16","21:00","2MM06423","45"
"2025-10-16 22:00:00",-0.370147867976134,"2025-10-16","22:00","2MM06423","45"
"2025-10-16 23:00:00",-0.347840433477114,"2025-10-16","23:00","2MM06423","45"
"2025-10-17",-0.0873312214615267,"2025-10-17","00:00","2MM06423","45"
"2025-10-17 01:00:00",0.0965018080449503,"2025-10-17","01:00","2MM06423","45"
"2025-10-17 02:00:00",0.258272125562249,"2025-10-17","02:00","2MM06423","45"
"2025-10-17 03:00:00",0.287046240284187,"2025-10-17","03:00","2MM06423","45"
"2025-10-17 04:00:00",0.155628632248888,"2025-10-17","04:00","2MM06423","45"
"2025-10-17 05:00:00",0.0205401394663081,"2025-10-17","05:00","2MM06423","45"
"2025-10-17 06:00:00",-0.220002945628575,"2025-10-17","06:00","2MM06423","45"
"2025-10-17 07:00:00",0.100895293975045,"2025-10-17","07:00","2MM06423","45"
"2025-10-17 08:00:00",-0.405842928094668,"2025-10-17","08:00","2MM06423","45"
"2025-10-17 09:00:00",-0.424513833443753,"2025-10-17","09:00","2MM06423","45"
"2025-10-17 10:00:00",-0.419625701574744,"2025-10-17","10:00","2MM06423","45"
"2025-10-17 11:00:00",-0.507897535675933,"2025-10-17","11:00","2MM06423","45"
"2025-10-17 12:00:00",-0.408140680203618,"2025-10-17","12:00","2MM06423","45"
"2025-10-17 13:00:00",-0.221476117054337,"2025-10-17","13:00","2MM06423","45"
"2025-10-17 14:00:00",-0.367487715641081,"2025-10-17","14:00","2MM06423","45"
"2025-10-17 15:00:00",-0.393045421570987,"2025-10-17","15:00","2MM06423","45"
"2025-10-17 16:00:00",-0.1037474204042,"2025-10-17","16:00","2MM06423","45"
"2025-10-17 17:00:00",-0.330624710412504,"2025-10-17","17:00","2MM06423","45"
"2025-10-17 18:00:00",-0.485326945331134,"2025-10-17","18:00","2MM06423","45"
"2025-10-17 19:00:00",-0.508286131884008,"2025-10-17","19:00","2MM06423","45"
"2025-10-17 20:00:00",-0.58305596720846,"2025-10-17","20:00","2MM06423","45"
"2025-10-17 21:00:00",-0.424354742397564,"2025-10-17","21:00","2MM06423","45"
"2025-10-17 22:00:00",-0.486020569712503,"2025-10-17","22:00","2MM06423","45"
"2025-10-17 23:00:00",-0.294167878409882,"2025-10-17","23:00","2MM06423","45"
"2025-10-18",-0.169294539160355,"2025-10-18","00:00","2MM06423","45"
"2025-10-18 01:00:00",-0.160764066926417,"2025-10-18","01:00","2MM06423","45"
"2025-10-18 02:00:00",-0.154374267146781,"2025-10-18","02:00","2MM06423","45"
"2025-10-18 03:00:00",0.0318683881851929,"2025-10-18","03:00","2MM06423","45"
"2025-10-18 04:00:00",0.0435188794355974,"2025-10-18","04:00","2MM06423","45"
"2025-10-18 05:00:00",-0.29811111241649,"2025-10-18","05:00","2MM06423","45"
"2025-10-18 06:00:00",-0.264807153528662,"2025-10-18","06:00","2MM06423","45"
"2025-10-18 07:00:00",-0.156376112816222,"2025-10-18","07:00","2MM06423","45"
"2025-10-18 08:00:00",-0.0178598998768921,"2025-10-18","08:00","2MM06423","45"
"2025-10-18 09:00:00",-0.495789938266088,"2025-10-18","09:00","2MM06423","45"
"2025-10-18 10:00:00",-0.389159290370875,"2025-10-18","10:00","2MM06423","45"
"2025-10-18 11:00:00",-0.444564878655275,"2025-10-18","11:00","2MM06423","45"
"2025-10-18 12:00:00",-0.397777400098137,"2025-10-18","12:00","2MM06423","45"
"2025-10-18 13:00:00",-0.60292264460745,"2025-10-18","13:00","2MM06423","45"
"2025-10-18 14:00:00",-0.613739646726673,"2025-10-18","14:00","2MM06423","45"
"2025-10-18 15:00:00",-0.164370056483888,"2025-10-18","15:00","2MM06423","45"
"2025-10-18 16:00:00",-0.257797011285702,"2025-10-18","16:00","2MM06423","45"
"2025-10-18 17:00:00",-0.457247180033083,"2025-10-18","17:00","2MM06423","45"
"2025-10-18 18:00:00",-0.209509743148946,"2025-10-18","18:00","2MM06423","45"
"2025-10-18 19:00:00",-0.61049778859927,"2025-10-18","19:00","2MM06423","45"
"2025-10-18 20:00:00",-0.747937680319607,"2025-10-18","20:00","2MM06423","45"
"2025-10-18 21:00:00",-0.554400655742287,"2025-10-18","21:00","2MM06423","45"
"2025-10-18 22:00:00",-0.550782567869305,"2025-10-18","22:00","2MM06423","45"
"2025-10-18 23:00:00",-0.545238056044085,"2025-10-18","23:00","2MM06423","45"
"2025-10-19",-0.134156350113856,"2025-10-19","00:00","2MM06423","45"
"2025-10-19 01:00:00",0.102067707747825,"2025-10-19","01:00","2MM06423","45"
"2025-10-19 02:00:00",-0.0977030414285329,"2025-10-19","02:00","2MM06423","45"
"2025-10-19 03:00:00",-0.00105285742133198,"2025-10-19","03:00","2MM06423","45"
"2025-10-19 04:00:00",-0.213610964810841,"2025-10-19","04:00","2MM06423","45"
"2025-10-19 05:00:00",-0.241196962821572,"2025-10-19","05:00","2MM06423","45"
"2025-10-19 06:00:00",-0.0993015458676746,"2025-10-19","06:00","2MM06423","45"
"2025-10-19 07:00:00",-0.0950983288793077,"2025-10-19","07:00","2MM06423","45"
"2025-10-19 08:00:00",0.455699169180623,"2025-10-19","08:00","2MM06423","45"
"2025-10-19 09:00:00",-0.539950166245173,"2025-10-19","09:00","2MM06423","45"
"2025-10-19 10:00:00",0.352862990473777,"2025-10-19","10:00","2MM06423","45"
"2025-10-19 11:00:00",-0.303376399572171,"2025-10-19","11:00","2MM06423","45"
"2025-10-19 12:00:00",-0.565566992232108,"2025-10-19","12:00","2MM06423","45"
"2025-10-19 13:00:00",-0.00568855707253215,"2025-10-19","13:00","2MM06423","45"
"2025-10-19 14:00:00",-0.225988086829905,"2025-10-19","14:00","2MM06423","45"
"2025-10-19 15:00:00",-0.0626947076228143,"2025-10-19","15:00","2MM06423","45"
"2025-10-19 16:00:00",-0.22045323965577,"2025-10-19","16:00","2MM06423","45"
"2025-10-19 17:00:00",-0.0230400071095317,"2025-10-19","17:00","2MM06423","45"
"2025-10-19 18:00:00",-0.0825133273329112,"2025-10-19","18:00","2MM06423","45"
"2025-10-19 19:00:00",0.203778713181682,"2025-10-19","19:00","2MM06423","45"
"2025-10-19 20:00:00",-0.110063510706115,"2025-10-19","20:00","2MM06423","45"
"2025-10-19 21:00:00",-0.119356917528356,"2025-10-19","21:00","2MM06423","45"
"2025-10-19 22:00:00",-0.132155534533333,"2025-10-19","22:00","2MM06423","45"
"2025-10-19 23:00:00",-0.238415037356286,"2025-10-19","23:00","2MM06423","45"
"2025-10-20",0.238063511383351,"2025-10-20","00:00","2MM06423","45"
"2025-10-20 01:00:00",0.196661706301721,"2025-10-20","01:00","2MM06423","45"
"2025-10-20 02:00:00",0.162797742092443,"2025-10-20","02:00","2MM06423","45"
"2025-10-20 03:00:00",0.129767777879299,"2025-10-20","03:00","2MM06423","45"
"2025-10-20 04:00:00",0.121882614773896,"2025-10-20","04:00","2MM06423","45"
"2025-10-20 05:00:00",0.0581135364750944,"2025-10-20","05:00","2MM06423","45"
"2025-10-20 06:00:00",-0.351190265390785,"2025-10-20","06:00","2MM06423","45"
"2025-10-20 07:00:00",0.154423933496756,"2025-10-20","07:00","2MM06423","45"
"2025-10-20 08:00:00",-0.218923393425086,"2025-10-20","08:00","2MM06423","45"
"2025-10-20 09:00:00",0.18960016555404,"2025-10-20","09:00","2MM06423","45"
"2025-10-20 10:00:00",0.143124736756411,"2025-10-20","10:00","2MM06423","45"
"2025-10-20 11:00:00",0.0958172218431144,"2025-10-20","11:00","2MM06423","45"
"2025-10-20 12:00:00",0.164276543075401,"2025-10-20","12:00","2MM06423","45"
"2025-10-20 13:00:00",-0.195739941697111,"2025-10-20","13:00","2MM06423","45"
"2025-10-20 14:00:00",-0.0799949812505485,"2025-10-20","14:00","2MM06423","45"
"2025-10-20 15:00:00",-0.360534285543701,"2025-10-20","15:00","2MM06423","45"
"2025-10-20 16:00:00",-0.203887541182994,"2025-10-20","16:00","2MM06423","45"
"2025-10-20 17:00:00",-0.394957734315568,"2025-10-20","17:00","2MM06423","45"
"2025-10-20 18:00:00",0.131595955448765,"2025-10-20","18:00","2MM06423","45"
"2025-10-20 19:00:00",-0.0688615457506376,"2025-10-20","19:00","2MM06423","45"
"2025-10-20 20:00:00",-0.48680028019676,"2025-10-20","20:00","2MM06423","45"
"2025-10-20 21:00:00",-0.157193715188055,"2025-10-20","21:00","2MM06423","45"
"2025-10-20 22:00:00",-0.375486966388613,"2025-10-20","22:00","2MM06423","45"
"2025-10-20 23:00:00",-0.310179645119209,"2025-10-20","23:00","2MM06423","45"
"2025-10-21",0.0282954430850074,"2025-10-21","00:00","2MM06423","45"
"2025-10-21 01:00:00",0.122648450854987,"2025-10-21","01:00","2MM06423","45"
"2025-10-21 02:00:00",0.0589636584976385,"2025-10-21","02:00","2MM06423","45"
"2025-10-21 03:00:00",0.219039817335559,"2025-10-21","03:00","2MM06423","45"
"2025-10-21 04:00:00",-0.0290051005992721,"2025-10-21","04:00","2MM06423","45"
"2025-10-21 05:00:00",0.169375419470876,"2025-10-21","05:00","2MM06423","45"
"2025-10-21 06:00:00",-0.38996400087438,"2025-10-21","06:00","2MM06423","45"
"2025-10-21 07:00:00",0.120788192826347,"2025-10-21","07:00","2MM06423","45"
"2025-10-21 08:00:00",-0.402211379071063,"2025-10-21","08:00","2MM06423","45"
"2025-10-21 09:00:00",-0.187973252610935,"2025-10-21","09:00","2MM06423","45"
"2025-10-21 10:00:00",0.147827099373652,"2025-10-21","10:00","2MM06423","45"
"2025-10-21 11:00:00",0.174095387602611,"2025-10-21","11:00","2MM06423","45"
"2025-10-21 12:00:00",-0.207807084966829,"2025-10-21","12:00","2MM06423","45"
"2025-10-21 13:00:00",-0.229042587196606,"2025-10-21","13:00","2MM06423","45"
"2025-10-21 14:00:00",-0.261554523964339,"2025-10-21","14:00","2MM06423","45"
"2025-10-21 15:00:00",-0.373971089642911,"2025-10-21","15:00","2MM06423","45"
"2025-10-21 16:00:00",-0.17046396898613,"2025-10-21","16:00","2MM06423","45"
"2025-10-21 17:00:00",-0.236018655263978,"2025-10-21","17:00","2MM06423","45"
"2025-10-21 18:00:00",-0.429706835761135,"2025-10-21","18:00","2MM06423","45"
"2025-10-21 19:00:00",-0.55436991600226,"2025-10-21","19:00","2MM06423","45"
"2025-10-21 20:00:00",-0.667865503006406,"2025-10-21","20:00","2MM06423","45"
"2025-10-21 21:00:00",-0.451732301015496,"2025-10-21","21:00","2MM06423","45"
"2025-10-21 22:00:00",-0.75912367934581,"2025-10-21","22:00","2MM06423","45"
"2025-10-21 23:00:00",-0.527791320554237,"2025-10-21","23:00","2MM06423","45"
"2025-10-22",-0.103721647795728,"2025-10-22","00:00","2MM06423","45"
"2025-10-22 01:00:00",-0.150450045198504,"2025-10-22","01:00","2MM06423","45"
"2025-10-22 02:00:00",0.18818486890347,"2025-10-22","02:00","2MM06423","45"
"2025-10-22 03:00:00",0.139971506579989,"2025-10-22","03:00","2MM06423","45"
"2025-10-22 04:00:00",-0.330267218263843,"2025-10-22","04:00","2MM06423","45"
"2025-10-22 05:00:00",-0.218876635977255,"2025-10-22","05:00","2MM06423","45"
"2025-10-22 06:00:00",-0.605388669185638,"2025-10-22","06:00","2MM06423","45"
"2025-10-22 07:00:00",-0.487976290284892,"2025-10-22","07:00","2MM06423","45"
"2025-10-22 08:00:00",-0.493682800133654,"2025-10-22","08:00","2MM06423","45"
"2025-10-22 09:00:00",-0.261047073024461,"2025-10-22","09:00","2MM06423","45"
"2025-10-22 10:00:00",-0.258930702473315,"2025-10-22","10:00","2MM06423","45"
"2025-10-22 11:00:00",0.220755750502002,"2025-10-22","11:00","2MM06423","45"
"2025-10-22 12:00:00",-0.137624931890544,"2025-10-22","12:00","2MM06423","45"
"2025-10-22 13:00:00",0.0961163184330956,"2025-10-22","13:00","2MM06423","45"
"2025-10-22 14:00:00",-0.282851721386054,"2025-10-22","14:00","2MM06423","45"
"2025-10-22 15:00:00",-0.10791340304086,"2025-10-22","15:00","2MM06423","45"
"2025-10-22 16:00:00",-0.477496639149571,"2025-10-22","16:00","2MM06423","45"
"2025-10-22 17:00:00",-0.0371202399342504,"2025-10-22","17:00","2MM06423","45"
"2025-10-22 18:00:00",-0.460490335926784,"2025-10-22","18:00","2MM06423","45"
"2025-10-22 19:00:00",-0.740167363588495,"2025-10-22","19:00","2MM06423","45"
"2025-10-22 20:00:00",0.206210827895493,"2025-10-22","20:00","2MM06423","45"
"2025-10-22 21:00:00",0.233559192402206,"2025-10-22","21:00","2MM06423","45"
"2025-10-22 22:00:00",0.267119178561866,"2025-10-22","22:00","2MM06423","45"
"2025-10-22 23:00:00",0.243128226846275,"2025-10-22","23:00","2MM06423","45"
"2025-10-23",0.0637856682241029,"2025-10-23","00:00","2MM06423","45"
"2025-10-23 01:00:00",0.106732686988456,"2025-10-23","01:00","2MM06423","45"
"2025-10-23 02:00:00",-0.0226131104503585,"2025-10-23","02:00","2MM06423","45"
"2025-10-23 03:00:00",0.192077097015526,"2025-10-23","03:00","2MM06423","45"
"2025-10-23 04:00:00",0.116521258869194,"2025-10-23","04:00","2MM06423","45"
"2025-10-23 05:00:00",0.0285370187520462,"2025-10-23","05:00","2MM06423","45"
"2025-10-23 06:00:00",0.125368347806645,"2025-10-23","06:00","2MM06423","45"
"2025-10-23 07:00:00",-0.0984755200746057,"2025-10-23","07:00","2MM06423","45"
"2025-10-23 08:00:00",-0.0283178977231353,"2025-10-23","08:00","2MM06423","45"
"2025-10-23 09:00:00",0.0631297808349829,"2025-10-23","09:00","2MM06423","45"
"2025-10-23 10:00:00",-0.0273802362261551,"2025-10-23","10:00","2MM06423","45"
"2025-10-23 11:00:00",0.0300074304492306,"2025-10-23","11:00","2MM06423","45"
"2025-10-23 12:00:00",0.0216958778308125,"2025-10-23","12:00","2MM06423","45"
"2025-10-23 13:00:00",-0.133666422263185,"2025-10-23","13:00","2MM06423","45"
"2025-10-23 14:00:00",-0.239317840230209,"2025-10-23","14:00","2MM06423","45"
"2025-10-23 15:00:00",-0.00642785353594682,"2025-10-23","15:00","2MM06423","45"
"2025-10-23 16:00:00",-0.135252965487834,"2025-10-23","16:00","2MM06423","45"
"2025-10-23 17:00:00",-0.18921926084622,"2025-10-23","17:00","2MM06423","45"
"2025-10-23 18:00:00",-0.0836763994476714,"2025-10-23","18:00","2MM06423","45"
"2025-10-23 19:00:00",0.0186870684841547,"2025-10-23","19:00","2MM06423","45"
"2025-10-23 20:00:00",0.0197002513862918,"2025-10-23","20:00","2MM06423","45"
"2025-10-23 21:00:00",-0.193662753640489,"2025-10-23","21:00","2MM06423","45"
"2025-10-23 22:00:00",-0.200025432144547,"2025-10-23","22:00","2MM06423","45"
"2025-10-23 23:00:00",-0.132386808310167,"2025-10-23","23:00","2MM06423","45"
"2025-10-24",-0.131637277072554,"2025-10-24","00:00","2MM06423","45"
"2025-10-24 01:00:00",0.0667877773605801,"2025-10-24","01:00","2MM06423","45"
"2025-10-24 02:00:00",0.0185546854722714,"2025-10-24","02:00","2MM06423","45"
"2025-10-24 03:00:00",0.0857517225310966,"2025-10-24","03:00","2MM06423","45"
"2025-10-24 04:00:00",0.101009895366539,"2025-10-24","04:00","2MM06423","45"
"2025-10-24 05:00:00",-0.0746613079447935,"2025-10-24","05:00","2MM06423","45"
"2025-10-24 06:00:00",-0.110932297961265,"2025-10-24","06:00","2MM06423","45"
"2025-10-24 07:00:00",-0.546305567307819,"2025-10-24","07:00","2MM06423","45"
"2025-10-24 08:00:00",-0.73113417058392,"2025-10-24","08:00","2MM06423","45"
"2025-10-24 09:00:00",-0.0561288754214998,"2025-10-24","09:00","2MM06423","45"
"2025-10-24 10:00:00",-0.513213175911832,"2025-10-24","10:00","2MM06423","45"
"2025-10-24 11:00:00",-0.0807443141317764,"2025-10-24","11:00","2MM06423","45"
"2025-10-24 12:00:00",-0.257826473334237,"2025-10-24","12:00","2MM06423","45"
"2025-10-24 13:00:00",-0.026186073604555,"2025-10-24","13:00","2MM06423","45"
"2025-10-24 14:00:00",-0.424118814803405,"2025-10-24","14:00","2MM06423","45"
"2025-10-24 15:00:00",-0.264329824068325,"2025-10-24","15:00","2MM06423","45"
"2025-10-24 16:00:00",0.0145987302232171,"2025-10-24","16:00","2MM06423","45"
"2025-10-24 17:00:00",-0.243805659785716,"2025-10-24","17:00","2MM06423","45"
"2025-10-24 18:00:00",-0.169662279276469,"2025-10-24","18:00","2MM06423","45"
"2025-10-24 19:00:00",-0.380841829402636,"2025-10-24","19:00","2MM06423","45"
"2025-10-24 20:00:00",-0.176230390207856,"2025-10-24","20:00","2MM06423","45"
"2025-10-24 21:00:00",-0.519472046966379,"2025-10-24","21:00","2MM06423","45"
"2025-10-24 22:00:00",-0.457655515080906,"2025-10-24","22:00","2MM06423","45"
"2025-10-24 23:00:00",-0.368182856958346,"2025-10-24","23:00","2MM06423","45"
"2025-10-25",-0.0719460169028624,"2025-10-25","00:00","2MM06423","45"
"2025-10-25 01:00:00",0.15542363667385,"2025-10-25","01:00","2MM06423","45"
"2025-10-25 02:00:00",0.126947332244445,"2025-10-25","02:00","2MM06423","45"
"2025-10-25 03:00:00",0.349005110341733,"2025-10-25","03:00","2MM06423","45"
"2025-10-25 04:00:00",0.261877154084212,"2025-10-25","04:00","2MM06423","45"
"2025-10-25 05:00:00",0.263311268854663,"2025-10-25","05:00","2MM06423","45"
"2025-10-25 06:00:00",-0.000490077081613076,"2025-10-25","06:00","2MM06423","45"
"2025-10-25 07:00:00",0.0122904200180805,"2025-10-25","07:00","2MM06423","45"
"2025-10-25 08:00:00",0.0585774675600168,"2025-10-25","08:00","2MM06423","45"
"2025-10-25 09:00:00",-0.497561773968757,"2025-10-25","09:00","2MM06423","45"
"2025-10-25 10:00:00",-0.000194601441016067,"2025-10-25","10:00","2MM06423","45"
"2025-10-25 11:00:00",0.209803830359301,"2025-10-25","11:00","2MM06423","45"
"2025-10-25 12:00:00",-0.223659747834937,"2025-10-25","12:00","2MM06423","45"
"2025-10-25 13:00:00",-0.00746748583961566,"2025-10-25","13:00","2MM06423","45"
"2025-10-25 14:00:00",-0.0367669761188102,"2025-10-25","14:00","2MM06423","45"
"2025-10-09",0.142067833763685,"2025-10-09","00:00","2MM07014","13"
"2025-10-09 01:00:00",-0.0548873530757436,"2025-10-09","01:00","2MM07014","13"
"2025-10-09 02:00:00",0.0237061670754249,"2025-10-09","02:00","2MM07014","13"
"2025-10-09 03:00:00",-0.057634750946267,"2025-10-09","03:00","2MM07014","13"
"2025-10-09 04:00:00",-0.0922262468899424,"2025-10-09","04:00","2MM07014","13"
"2025-10-09 05:00:00",-0.237606835219532,"2025-10-09","05:00","2MM07014","13"
"2025-10-09 06:00:00",-0.481137002547609,"2025-10-09","06:00","2MM07014","13"
"2025-10-09 07:00:00",-0.448784120708611,"2025-10-09","07:00","2MM07014","13"
"2025-10-09 08:00:00",-0.621155313183039,"2025-10-09","08:00","2MM07014","13"
"2025-10-09 09:00:00",-0.328109049879221,"2025-10-09","09:00","2MM07014","13"
"2025-10-09 10:00:00",0.331376609362415,"2025-10-09","10:00","2MM07014","13"
"2025-10-09 11:00:00",-0.223542198808535,"2025-10-09","11:00","2MM07014","13"
"2025-10-09 12:00:00",-0.331396763189346,"2025-10-09","12:00","2MM07014","13"
"2025-10-09 13:00:00",-0.378079039592507,"2025-10-09","13:00","2MM07014","13"
"2025-10-09 14:00:00",-0.19219438790314,"2025-10-09","14:00","2MM07014","13"
"2025-10-09 15:00:00",-0.371546460182848,"2025-10-09","15:00","2MM07014","13"
"2025-10-09 16:00:00",-0.0745744183718974,"2025-10-09","16:00","2MM07014","13"
"2025-10-09 17:00:00",-0.0306495461071659,"2025-10-09","17:00","2MM07014","13"
"2025-10-09 18:00:00",-0.523030648576318,"2025-10-09","18:00","2MM07014","13"
"2025-10-09 19:00:00",-0.473653848353809,"2025-10-09","19:00","2MM07014","13"
"2025-10-09 20:00:00",-0.58542434565349,"2025-10-09","20:00","2MM07014","13"
"2025-10-09 21:00:00",-0.683360211605458,"2025-10-09","21:00","2MM07014","13"
"2025-10-09 22:00:00",-0.329168964072002,"2025-10-09","22:00","2MM07014","13"
"2025-10-09 23:00:00",-0.448274801970756,"2025-10-09","23:00","2MM07014","13"
"2025-10-10",0.0761227432127871,"2025-10-10","00:00","2MM07014","13"
"2025-10-10 01:00:00",0.195956587972912,"2025-10-10","01:00","2MM07014","13"
"2025-10-10 02:00:00",-0.33849892422583,"2025-10-10","02:00","2MM07014","13"
"2025-10-10 03:00:00",0.26168998236968,"2025-10-10","03:00","2MM07014","13"
"2025-10-10 04:00:00",0.332585958336582,"2025-10-10","04:00","2MM07014","13"
"2025-10-10 05:00:00",0.0384228040717912,"2025-10-10","05:00","2MM07014","13"
"2025-10-10 06:00:00",-0.397663969760354,"2025-10-10","06:00","2MM07014","13"
"2025-10-10 07:00:00",0.175746234963016,"2025-10-10","07:00","2MM07014","13"
"2025-10-10 08:00:00",0.155209179492577,"2025-10-10","08:00","2MM07014","13"
"2025-10-10 09:00:00",0.09795990576034,"2025-10-10","09:00","2MM07014","13"
"2025-10-10 10:00:00",-0.050891124150417,"2025-10-10","10:00","2MM07014","13"
"2025-10-10 11:00:00",0.489206904923931,"2025-10-10","11:00","2MM07014","13"
"2025-10-10 12:00:00",0.0823139881436635,"2025-10-10","12:00","2MM07014","13"
"2025-10-10 13:00:00",0.71979852350485,"2025-10-10","13:00","2MM07014","13"
"2025-10-10 14:00:00",-0.145809448386711,"2025-10-10","14:00","2MM07014","13"
"2025-10-10 15:00:00",-0.160524458928332,"2025-10-10","15:00","2MM07014","13"
"2025-10-10 16:00:00",-0.0667341576553446,"2025-10-10","16:00","2MM07014","13"
"2025-10-10 17:00:00",0.573489683560668,"2025-10-10","17:00","2MM07014","13"
"2025-10-10 18:00:00",-0.470007952992855,"2025-10-10","18:00","2MM07014","13"
"2025-10-10 19:00:00",-0.407915001338268,"2025-10-10","19:00","2MM07014","13"
"2025-10-10 20:00:00",-0.337035215606448,"2025-10-10","20:00","2MM07014","13"
"2025-10-10 21:00:00",-0.204304437192156,"2025-10-10","21:00","2MM07014","13"
"2025-10-10 22:00:00",-0.115060212669215,"2025-10-10","22:00","2MM07014","13"
"2025-10-10 23:00:00",-0.294131896729847,"2025-10-10","23:00","2MM07014","13"
"2025-10-11",0.0229402713234998,"2025-10-11","00:00","2MM07014","13"
"2025-10-11 01:00:00",0.120617816486992,"2025-10-11","01:00","2MM07014","13"
"2025-10-11 02:00:00",0.195259664520419,"2025-10-11","02:00","2MM07014","13"
"2025-10-11 03:00:00",0.192940249413391,"2025-10-11","03:00","2MM07014","13"
"2025-10-11 04:00:00",0.17436784453132,"2025-10-11","04:00","2MM07014","13"
"2025-10-11 05:00:00",0.185653312397647,"2025-10-11","05:00","2MM07014","13"
"2025-10-11 06:00:00",0.0656104967824277,"2025-10-11","06:00","2MM07014","13"
"2025-10-11 07:00:00",0.218750303409211,"2025-10-11","07:00","2MM07014","13"
"2025-10-11 08:00:00",-0.459845791124189,"2025-10-11","08:00","2MM07014","13"
"2025-10-11 09:00:00",0.296485333461487,"2025-10-11","09:00","2MM07014","13"
"2025-10-11 10:00:00",0.396003524370283,"2025-10-11","10:00","2MM07014","13"
"2025-10-11 11:00:00",-0.019345460296547,"2025-10-11","11:00","2MM07014","13"
"2025-10-11 12:00:00",0.0310009131588189,"2025-10-11","12:00","2MM07014","13"
"2025-10-11 13:00:00",0.209852238804377,"2025-10-11","13:00","2MM07014","13"
"2025-10-11 14:00:00",-0.401164615969329,"2025-10-11","14:00","2MM07014","13"
"2025-10-11 15:00:00",-0.137144772649399,"2025-10-11","15:00","2MM07014","13"
"2025-10-11 16:00:00",-0.363874343422423,"2025-10-11","16:00","2MM07014","13"
"2025-10-11 17:00:00",-0.149908477568645,"2025-10-11","17:00","2MM07014","13"
"2025-10-11 18:00:00",-0.0169909812451722,"2025-10-11","18:00","2MM07014","13"
"2025-10-11 19:00:00",-0.597720980250889,"2025-10-11","19:00","2MM07014","13"
"2025-10-11 20:00:00",-0.488965713109638,"2025-10-11","20:00","2MM07014","13"
"2025-10-11 21:00:00",-0.665720625083517,"2025-10-11","21:00","2MM07014","13"
"2025-10-11 22:00:00",-0.593997281218601,"2025-10-11","22:00","2MM07014","13"
"2025-10-11 23:00:00",-0.661532287940215,"2025-10-11","23:00","2MM07014","13"
"2025-10-12",-0.431143074861865,"2025-10-12","00:00","2MM07014","13"
"2025-10-12 01:00:00",-0.362449224285551,"2025-10-12","01:00","2MM07014","13"
"2025-10-12 02:00:00",-0.150798781744514,"2025-10-12","02:00","2MM07014","13"
"2025-10-12 03:00:00",-0.299085804726824,"2025-10-12","03:00","2MM07014","13"
"2025-10-12 04:00:00",-0.454494366907329,"2025-10-12","04:00","2MM07014","13"
"2025-10-12 05:00:00",-0.221920757682625,"2025-10-12","05:00","2MM07014","13"
"2025-10-12 06:00:00",-0.109742108002194,"2025-10-12","06:00","2MM07014","13"
"2025-10-12 07:00:00",-0.0305834989243875,"2025-10-12","07:00","2MM07014","13"
"2025-10-12 08:00:00",0.00395792957636112,"2025-10-12","08:00","2MM07014","13"
"2025-10-12 09:00:00",0.141022625735458,"2025-10-12","09:00","2MM07014","13"
"2025-10-12 10:00:00",-0.387090616128476,"2025-10-12","10:00","2MM07014","13"
"2025-10-12 11:00:00",0.109542232149573,"2025-10-12","11:00","2MM07014","13"
"2025-10-12 12:00:00",-0.108247798710424,"2025-10-12","12:00","2MM07014","13"
"2025-10-12 13:00:00",-0.169656384879625,"2025-10-12","13:00","2MM07014","13"
"2025-10-12 14:00:00",-0.20741125758228,"2025-10-12","14:00","2MM07014","13"
"2025-10-12 15:00:00",-0.0617313591924107,"2025-10-12","15:00","2MM07014","13"
"2025-10-12 16:00:00",-0.416446503040412,"2025-10-12","16:00","2MM07014","13"
"2025-10-12 17:00:00",-0.255730797219448,"2025-10-12","17:00","2MM07014","13"
"2025-10-12 18:00:00",0.00222605185781488,"2025-10-12","18:00","2MM07014","13"
"2025-10-12 19:00:00",-0.555316679076651,"2025-10-12","19:00","2MM07014","13"
"2025-10-12 20:00:00",-0.654564405409637,"2025-10-12","20:00","2MM07014","13"
"2025-10-12 21:00:00",-0.422924696736679,"2025-10-12","21:00","2MM07014","13"
"2025-10-12 22:00:00",-0.472492923024208,"2025-10-12","22:00","2MM07014","13"
"2025-10-12 23:00:00",-0.480500705971952,"2025-10-12","23:00","2MM07014","13"
"2025-10-13",0.0395451753183497,"2025-10-13","00:00","2MM07014","13"
"2025-10-13 01:00:00",0.230113317099907,"2025-10-13","01:00","2MM07014","13"
"2025-10-13 02:00:00",0.186888705757053,"2025-10-13","02:00","2MM07014","13"
"2025-10-13 03:00:00",0.152908615026216,"2025-10-13","03:00","2MM07014","13"
"2025-10-13 04:00:00",0.145989383595689,"2025-10-13","04:00","2MM07014","13"
"2025-10-13 05:00:00",0.0842735019758242,"2025-10-13","05:00","2MM07014","13"
"2025-10-13 06:00:00",-0.0447319976758768,"2025-10-13","06:00","2MM07014","13"
"2025-10-13 07:00:00",-0.13489162254982,"2025-10-13","07:00","2MM07014","13"
"2025-10-13 08:00:00",-0.322000631555928,"2025-10-13","08:00","2MM07014","13"
"2025-10-13 09:00:00",-0.39218480125221,"2025-10-13","09:00","2MM07014","13"
"2025-10-13 10:00:00",-0.602696278318637,"2025-10-13","10:00","2MM07014","13"
"2025-10-13 11:00:00",-0.132819030105221,"2025-10-13","11:00","2MM07014","13"
"2025-10-13 12:00:00",-0.269072321255486,"2025-10-13","12:00","2MM07014","13"
"2025-10-13 13:00:00",-0.386223028858004,"2025-10-13","13:00","2MM07014","13"
"2025-10-13 14:00:00",-0.193421036357345,"2025-10-13","14:00","2MM07014","13"
"2025-10-13 15:00:00",-0.322692134552834,"2025-10-13","15:00","2MM07014","13"
"2025-10-13 16:00:00",-0.22060602676522,"2025-10-13","16:00","2MM07014","13"
"2025-10-13 17:00:00",-0.11028293995755,"2025-10-13","17:00","2MM07014","13"
"2025-10-13 18:00:00",-0.102896156506972,"2025-10-13","18:00","2MM07014","13"
"2025-10-13 19:00:00",-0.23800924362236,"2025-10-13","19:00","2MM07014","13"
"2025-10-13 20:00:00",-0.16456130588199,"2025-10-13","20:00","2MM07014","13"
"2025-10-13 21:00:00",-0.0443303081426715,"2025-10-13","21:00","2MM07014","13"
"2025-10-13 22:00:00",-0.118089171194686,"2025-10-13","22:00","2MM07014","13"
"2025-10-13 23:00:00",0.0856399575258759,"2025-10-13","23:00","2MM07014","13"
"2025-10-14",0.0270641647527672,"2025-10-14","00:00","2MM07014","13"
"2025-10-14 01:00:00",-0.181596910136599,"2025-10-14","01:00","2MM07014","13"
"2025-10-14 02:00:00",0.0723018183314196,"2025-10-14","02:00","2MM07014","13"
"2025-10-14 03:00:00",0.136734354421798,"2025-10-14","03:00","2MM07014","13"
"2025-10-14 04:00:00",-0.159427543977246,"2025-10-14","04:00","2MM07014","13"
"2025-10-14 05:00:00",0.0192840371313369,"2025-10-14","05:00","2MM07014","13"
"2025-10-14 06:00:00",-0.268690454087287,"2025-10-14","06:00","2MM07014","13"
"2025-10-14 07:00:00",0.102712190732333,"2025-10-14","07:00","2MM07014","13"
"2025-10-14 08:00:00",-0.0220145486410801,"2025-10-14","08:00","2MM07014","13"
"2025-10-14 09:00:00",-0.424871831150957,"2025-10-14","09:00","2MM07014","13"
"2025-10-14 10:00:00",0.131633943888185,"2025-10-14","10:00","2MM07014","13"
"2025-10-14 11:00:00",-0.134395793402842,"2025-10-14","11:00","2MM07014","13"
"2025-10-14 12:00:00",-0.158036402240795,"2025-10-14","12:00","2MM07014","13"
"2025-10-14 13:00:00",-0.125297509292112,"2025-10-14","13:00","2MM07014","13"
"2025-10-14 14:00:00",-0.0632573343544089,"2025-10-14","14:00","2MM07014","13"
"2025-10-14 15:00:00",-0.338962290156938,"2025-10-14","15:00","2MM07014","13"
"2025-10-14 16:00:00",-0.242558186648028,"2025-10-14","16:00","2MM07014","13"
"2025-10-14 17:00:00",-0.284006055896251,"2025-10-14","17:00","2MM07014","13"
"2025-10-14 18:00:00",-0.0784836247452584,"2025-10-14","18:00","2MM07014","13"
"2025-10-14 19:00:00",0.034963492943389,"2025-10-14","19:00","2MM07014","13"
"2025-10-14 20:00:00",-0.212265063558849,"2025-10-14","20:00","2MM07014","13"
"2025-10-14 21:00:00",0.00137369375825582,"2025-10-14","21:00","2MM07014","13"
"2025-10-14 22:00:00",0.0131419546908229,"2025-10-14","22:00","2MM07014","13"
"2025-10-14 23:00:00",-0.00011195762492859,"2025-10-14","23:00","2MM07014","13"
"2025-10-15",0.100204731827863,"2025-10-15","00:00","2MM07014","13"
"2025-10-15 01:00:00",0.242112042794626,"2025-10-15","01:00","2MM07014","13"
"2025-10-15 02:00:00",0.0987631431007421,"2025-10-15","02:00","2MM07014","13"
"2025-10-15 03:00:00",0.223090329040283,"2025-10-15","03:00","2MM07014","13"
"2025-10-15 04:00:00",0.0688761911315806,"2025-10-15","04:00","2MM07014","13"
"2025-10-15 05:00:00",0.0586372624315351,"2025-10-15","05:00","2MM07014","13"
"2025-10-15 06:00:00",-0.228718366248554,"2025-10-15","06:00","2MM07014","13"
"2025-10-15 07:00:00",0.142772810196164,"2025-10-15","07:00","2MM07014","13"
"2025-10-15 08:00:00",-0.0979950702560777,"2025-10-15","08:00","2MM07014","13"
"2025-10-15 09:00:00",-0.258060326653912,"2025-10-15","09:00","2MM07014","13"
"2025-10-15 10:00:00",-0.560250994858556,"2025-10-15","10:00","2MM07014","13"
"2025-10-15 11:00:00",-0.44288776069499,"2025-10-15","11:00","2MM07014","13"
"2025-10-15 12:00:00",-0.385066573602008,"2025-10-15","12:00","2MM07014","13"
"2025-10-15 13:00:00",-0.415981743424707,"2025-10-15","13:00","2MM07014","13"
"2025-10-15 14:00:00",-0.0716571884003109,"2025-10-15","14:00","2MM07014","13"
"2025-10-15 15:00:00",-0.299384056715385,"2025-10-15","15:00","2MM07014","13"
"2025-10-15 16:00:00",-0.135048331035307,"2025-10-15","16:00","2MM07014","13"
"2025-10-15 17:00:00",-0.168987659405841,"2025-10-15","17:00","2MM07014","13"
"2025-10-15 18:00:00",-0.104428488871212,"2025-10-15","18:00","2MM07014","13"
"2025-10-15 19:00:00",-0.0772784959054108,"2025-10-15","19:00","2MM07014","13"
"2025-10-15 20:00:00",-0.168690116592349,"2025-10-15","20:00","2MM07014","13"
"2025-10-15 21:00:00",-0.189192678283373,"2025-10-15","21:00","2MM07014","13"
"2025-10-15 22:00:00",-0.326831758996871,"2025-10-15","22:00","2MM07014","13"
"2025-10-15 23:00:00",-0.0517454536639956,"2025-10-15","23:00","2MM07014","13"
"2025-10-16",0.106247097169432,"2025-10-16","00:00","2MM07014","13"
"2025-10-16 01:00:00",0.0833107808733452,"2025-10-16","01:00","2MM07014","13"
"2025-10-16 02:00:00",0.263161455353891,"2025-10-16","02:00","2MM07014","13"
"2025-10-16 03:00:00",0.214068865215523,"2025-10-16","03:00","2MM07014","13"
"2025-10-16 04:00:00",0.182279693927421,"2025-10-16","04:00","2MM07014","13"
"2025-10-16 05:00:00",0.134324003497714,"2025-10-16","05:00","2MM07014","13"
"2025-10-16 06:00:00",-0.18453917481613,"2025-10-16","06:00","2MM07014","13"
"2025-10-16 07:00:00",0.122428383089508,"2025-10-16","07:00","2MM07014","13"
"2025-10-16 08:00:00",-0.403853208738316,"2025-10-16","08:00","2MM07014","13"
"2025-10-16 09:00:00",-0.00655046663569053,"2025-10-16","09:00","2MM07014","13"
"2025-10-16 10:00:00",0.115461230212037,"2025-10-16","10:00","2MM07014","13"
"2025-10-16 11:00:00",-0.0606651297780179,"2025-10-16","11:00","2MM07014","13"
"2025-10-16 12:00:00",-0.140770740954124,"2025-10-16","12:00","2MM07014","13"
"2025-10-16 13:00:00",0.210638784990399,"2025-10-16","13:00","2MM07014","13"
"2025-10-16 14:00:00",-0.284710718363044,"2025-10-16","14:00","2MM07014","13"
"2025-10-16 15:00:00",-0.172027267171745,"2025-10-16","15:00","2MM07014","13"
"2025-10-16 16:00:00",0.131419364353174,"2025-10-16","16:00","2MM07014","13"
"2025-10-16 17:00:00",-0.466843796833331,"2025-10-16","17:00","2MM07014","13"
"2025-10-16 18:00:00",-0.226064254631404,"2025-10-16","18:00","2MM07014","13"
"2025-10-16 19:00:00",-0.487405574085783,"2025-10-16","19:00","2MM07014","13"
"2025-10-16 20:00:00",-0.387952629212376,"2025-10-16","20:00","2MM07014","13"
"2025-10-16 21:00:00",-0.379997586457866,"2025-10-16","21:00","2MM07014","13"
"2025-10-16 22:00:00",-0.370147867976134,"2025-10-16","22:00","2MM07014","13"
"2025-10-16 23:00:00",-0.347840433477114,"2025-10-16","23:00","2MM07014","13"
"2025-10-17",-0.0873312214615267,"2025-10-17","00:00","2MM07014","13"
"2025-10-17 01:00:00",0.0965018080449503,"2025-10-17","01:00","2MM07014","13"
"2025-10-17 02:00:00",0.258272125562249,"2025-10-17","02:00","2MM07014","13"
"2025-10-17 03:00:00",0.287046240284187,"2025-10-17","03:00","2MM07014","13"
"2025-10-17 04:00:00",0.155628632248888,"2025-10-17","04:00","2MM07014","13"
"2025-10-17 05:00:00",0.0205401394663081,"2025-10-17","05:00","2MM07014","13"
"2025-10-17 06:00:00",-0.220002945628575,"2025-10-17","06:00","2MM07014","13"
"2025-10-17 07:00:00",0.100895293975045,"2025-10-17","07:00","2MM07014","13"
"2025-10-17 08:00:00",-0.405842928094668,"2025-10-17","08:00","2MM07014","13"
"2025-10-17 09:00:00",-0.424513833443753,"2025-10-17","09:00","2MM07014","13"
"2025-10-17 10:00:00",-0.419625701574744,"2025-10-17","10:00","2MM07014","13"
"2025-10-17 11:00:00",-0.507897535675933,"2025-10-17","11:00","2MM07014","13"
"2025-10-17 12:00:00",-0.408140680203618,"2025-10-17","12:00","2MM07014","13"
"2025-10-17 13:00:00",-0.221476117054337,"2025-10-17","13:00","2MM07014","13"
"2025-10-17 14:00:00",-0.367487715641081,"2025-10-17","14:00","2MM07014","13"
"2025-10-17 15:00:00",-0.393045421570987,"2025-10-17","15:00","2MM07014","13"
"2025-10-17 16:00:00",-0.1037474204042,"2025-10-17","16:00","2MM07014","13"
"2025-10-17 17:00:00",-0.330624710412504,"2025-10-17","17:00","2MM07014","13"
"2025-10-17 18:00:00",-0.485326945331134,"2025-10-17","18:00","2MM07014","13"
"2025-10-17 19:00:00",-0.508286131884008,"2025-10-17","19:00","2MM07014","13"
"2025-10-17 20:00:00",-0.58305596720846,"2025-10-17","20:00","2MM07014","13"
"2025-10-17 21:00:00",-0.424354742397564,"2025-10-17","21:00","2MM07014","13"
"2025-10-17 22:00:00",-0.486020569712503,"2025-10-17","22:00","2MM07014","13"
"2025-10-17 23:00:00",-0.294167878409882,"2025-10-17","23:00","2MM07014","13"
"2025-10-18",-0.169294539160355,"2025-10-18","00:00","2MM07014","13"
"2025-10-18 01:00:00",-0.160764066926417,"2025-10-18","01:00","2MM07014","13"
"2025-10-18 02:00:00",-0.154374267146781,"2025-10-18","02:00","2MM07014","13"
"2025-10-18 03:00:00",0.0318683881851929,"2025-10-18","03:00","2MM07014","13"
"2025-10-18 04:00:00",0.0435188794355974,"2025-10-18","04:00","2MM07014","13"
"2025-10-18 05:00:00",-0.29811111241649,"2025-10-18","05:00","2MM07014","13"
"2025-10-18 06:00:00",-0.264807153528662,"2025-10-18","06:00","2MM07014","13"
"2025-10-18 07:00:00",-0.156376112816222,"2025-10-18","07:00","2MM07014","13"
"2025-10-18 08:00:00",-0.0178598998768921,"2025-10-18","08:00","2MM07014","13"
"2025-10-18 09:00:00",-0.495789938266088,"2025-10-18","09:00","2MM07014","13"
"2025-10-18 10:00:00",-0.389159290370875,"2025-10-18","10:00","2MM07014","13"
"2025-10-18 11:00:00",-0.444564878655275,"2025-10-18","11:00","2MM07014","13"
"2025-10-18 12:00:00",-0.397777400098137,"2025-10-18","12:00","2MM07014","13"
"2025-10-18 13:00:00",-0.60292264460745,"2025-10-18","13:00","2MM07014","13"
"2025-10-18 14:00:00",-0.613739646726673,"2025-10-18","14:00","2MM07014","13"
"2025-10-18 15:00:00",-0.164370056483888,"2025-10-18","15:00","2MM07014","13"
"2025-10-18 16:00:00",-0.257797011285702,"2025-10-18","16:00","2MM07014","13"
"2025-10-18 17:00:00",-0.457247180033083,"2025-10-18","17:00","2MM07014","13"
"2025-10-18 18:00:00",-0.209509743148946,"2025-10-18","18:00","2MM07014","13"
"2025-10-18 19:00:00",-0.61049778859927,"2025-10-18","19:00","2MM07014","13"
"2025-10-18 20:00:00",-0.747937680319607,"2025-10-18","20:00","2MM07014","13"
"2025-10-18 21:00:00",-0.554400655742287,"2025-10-18","21:00","2MM07014","13"
"2025-10-18 22:00:00",-0.550782567869305,"2025-10-18","22:00","2MM07014","13"
"2025-10-18 23:00:00",-0.545238056044085,"2025-10-18","23:00","2MM07014","13"
"2025-10-19",-0.134156350113856,"2025-10-19","00:00","2MM07014","13"
"2025-10-19 01:00:00",0.102067707747825,"2025-10-19","01:00","2MM07014","13"
"2025-10-19 02:00:00",-0.0977030414285329,"2025-10-19","02:00","2MM07014","13"
"2025-10-19 03:00:00",-0.00105285742133198,"2025-10-19","03:00","2MM07014","13"
"2025-10-19 04:00:00",-0.213610964810841,"2025-10-19","04:00","2MM07014","13"
"2025-10-19 05:00:00",-0.241196962821572,"2025-10-19","05:00","2MM07014","13"
"2025-10-19 06:00:00",-0.0993015458676746,"2025-10-19","06:00","2MM07014","13"
"2025-10-19 07:00:00",-0.0950983288793077,"2025-10-19","07:00","2MM07014","13"
"2025-10-19 08:00:00",0.455699169180623,"2025-10-19","08:00","2MM07014","13"
"2025-10-19 09:00:00",-0.539950166245173,"2025-10-19","09:00","2MM07014","13"
"2025-10-19 10:00:00",0.352862990473777,"2025-10-19","10:00","2MM07014","13"
"2025-10-19 11:00:00",-0.303376399572171,"2025-10-19","11:00","2MM07014","13"
"2025-10-19 12:00:00",-0.565566992232108,"2025-10-19","12:00","2MM07014","13"
"2025-10-19 13:00:00",-0.00568855707253215,"2025-10-19","13:00","2MM07014","13"
"2025-10-19 14:00:00",-0.225988086829905,"2025-10-19","14:00","2MM07014","13"
"2025-10-19 15:00:00",-0.0626947076228143,"2025-10-19","15:00","2MM07014","13"
"2025-10-19 16:00:00",-0.22045323965577,"2025-10-19","16:00","2MM07014","13"
"2025-10-19 17:00:00",-0.0230400071095317,"2025-10-19","17:00","2MM07014","13"
"2025-10-19 18:00:00",-0.0825133273329112,"2025-10-19","18:00","2MM07014","13"
"2025-10-19 19:00:00",0.203778713181682,"2025-10-19","19:00","2MM07014","13"
"2025-10-19 20:00:00",-0.110063510706115,"2025-10-19","20:00","2MM07014","13"
"2025-10-19 21:00:00",-0.119356917528356,"2025-10-19","21:00","2MM07014","13"
"2025-10-19 22:00:00",-0.132155534533333,"2025-10-19","22:00","2MM07014","13"
"2025-10-19 23:00:00",-0.238415037356286,"2025-10-19","23:00","2MM07014","13"
"2025-10-20",0.238063511383351,"2025-10-20","00:00","2MM07014","13"
"2025-10-20 01:00:00",0.196661706301721,"2025-10-20","01:00","2MM07014","13"
"2025-10-20 02:00:00",0.162797742092443,"2025-10-20","02:00","2MM07014","13"
"2025-10-20 03:00:00",0.129767777879299,"2025-10-20","03:00","2MM07014","13"
"2025-10-20 04:00:00",0.121882614773896,"2025-10-20","04:00","2MM07014","13"
"2025-10-20 05:00:00",0.0581135364750944,"2025-10-20","05:00","2MM07014","13"
"2025-10-20 06:00:00",-0.351190265390785,"2025-10-20","06:00","2MM07014","13"
"2025-10-20 07:00:00",0.154423933496756,"2025-10-20","07:00","2MM07014","13"
"2025-10-20 08:00:00",-0.218923393425086,"2025-10-20","08:00","2MM07014","13"
"2025-10-20 09:00:00",0.18960016555404,"2025-10-20","09:00","2MM07014","13"
"2025-10-20 10:00:00",0.143124736756411,"2025-10-20","10:00","2MM07014","13"
"2025-10-20 11:00:00",0.0958172218431144,"2025-10-20","11:00","2MM07014","13"
"2025-10-20 12:00:00",0.164276543075401,"2025-10-20","12:00","2MM07014","13"
"2025-10-20 13:00:00",-0.195739941697111,"2025-10-20","13:00","2MM07014","13"
"2025-10-20 14:00:00",-0.0799949812505485,"2025-10-20","14:00","2MM07014","13"
"2025-10-20 15:00:00",-0.360534285543701,"2025-10-20","15:00","2MM07014","13"
"2025-10-20 16:00:00",-0.203887541182994,"2025-10-20","16:00","2MM07014","13"
"2025-10-20 17:00:00",-0.394957734315568,"2025-10-20","17:00","2MM07014","13"
"2025-10-20 18:00:00",0.131595955448765,"2025-10-20","18:00","2MM07014","13"
"2025-10-20 19:00:00",-0.0688615457506376,"2025-10-20","19:00","2MM07014","13"
"2025-10-20 20:00:00",-0.48680028019676,"2025-10-20","20:00","2MM07014","13"
"2025-10-20 21:00:00",-0.157193715188055,"2025-10-20","21:00","2MM07014","13"
"2025-10-20 22:00:00",-0.375486966388613,"2025-10-20","22:00","2MM07014","13"
"2025-10-20 23:00:00",-0.310179645119209,"2025-10-20","23:00","2MM07014","13"
"2025-10-21",0.0282954430850074,"2025-10-21","00:00","2MM07014","13"
"2025-10-21 01:00:00",0.122648450854987,"2025-10-21","01:00","2MM07014","13"
"2025-10-21 02:00:00",0.0589636584976385,"2025-10-21","02:00","2MM07014","13"
"2025-10-21 03:00:00",0.219039817335559,"2025-10-21","03:00","2MM07014","13"
"2025-10-21 04:00:00",-0.0290051005992721,"2025-10-21","04:00","2MM07014","13"
"2025-10-21 05:00:00",0.169375419470876,"2025-10-21","05:00","2MM07014","13"
"2025-10-21 06:00:00",-0.38996400087438,"2025-10-21","06:00","2MM07014","13"
"2025-10-21 07:00:00",0.120788192826347,"2025-10-21","07:00","2MM07014","13"
"2025-10-21 08:00:00",-0.402211379071063,"2025-10-21","08:00","2MM07014","13"
"2025-10-21 09:00:00",-0.187973252610935,"2025-10-21","09:00","2MM07014","13"
"2025-10-21 10:00:00",0.147827099373652,"2025-10-21","10:00","2MM07014","13"
"2025-10-21 11:00:00",0.174095387602611,"2025-10-21","11:00","2MM07014","13"
"2025-10-21 12:00:00",-0.207807084966829,"2025-10-21","12:00","2MM07014","13"
"2025-10-21 13:00:00",-0.229042587196606,"2025-10-21","13:00","2MM07014","13"
"2025-10-21 14:00:00",-0.261554523964339,"2025-10-21","14:00","2MM07014","13"
"2025-10-21 15:00:00",-0.373971089642911,"2025-10-21","15:00","2MM07014","13"
"2025-10-21 16:00:00",-0.17046396898613,"2025-10-21","16:00","2MM07014","13"
"2025-10-21 17:00:00",-0.236018655263978,"2025-10-21","17:00","2MM07014","13"
"2025-10-21 18:00:00",-0.429706835761135,"2025-10-21","18:00","2MM07014","13"
"2025-10-21 19:00:00",-0.55436991600226,"2025-10-21","19:00","2MM07014","13"
"2025-10-21 20:00:00",-0.667865503006406,"2025-10-21","20:00","2MM07014","13"
"2025-10-21 21:00:00",-0.451732301015496,"2025-10-21","21:00","2MM07014","13"
"2025-10-21 22:00:00",-0.75912367934581,"2025-10-21","22:00","2MM07014","13"
"2025-10-21 23:00:00",-0.527791320554237,"2025-10-21","23:00","2MM07014","13"
"2025-10-22",-0.103721647795728,"2025-10-22","00:00","2MM07014","13"
"2025-10-22 01:00:00",-0.150450045198504,"2025-10-22","01:00","2MM07014","13"
"2025-10-22 02:00:00",0.18818486890347,"2025-10-22","02:00","2MM07014","13"
"2025-10-22 03:00:00",0.139971506579989,"2025-10-22","03:00","2MM07014","13"
"2025-10-22 04:00:00",-0.330267218263843,"2025-10-22","04:00","2MM07014","13"
"2025-10-22 05:00:00",-0.218876635977255,"2025-10-22","05:00","2MM07014","13"
"2025-10-22 06:00:00",-0.605388669185638,"2025-10-22","06:00","2MM07014","13"
"2025-10-22 07:00:00",-0.487976290284892,"2025-10-22","07:00","2MM07014","13"
"2025-10-22 08:00:00",-0.493682800133654,"2025-10-22","08:00","2MM07014","13"
"2025-10-22 09:00:00",-0.261047073024461,"2025-10-22","09:00","2MM07014","13"
"2025-10-22 10:00:00",-0.258930702473315,"2025-10-22","10:00","2MM07014","13"
"2025-10-22 11:00:00",0.220755750502002,"2025-10-22","11:00","2MM07014","13"
"2025-10-22 12:00:00",-0.137624931890544,"2025-10-22","12:00","2MM07014","13"
"2025-10-22 13:00:00",0.0961163184330956,"2025-10-22","13:00","2MM07014","13"
"2025-10-22 14:00:00",-0.282851721386054,"2025-10-22","14:00","2MM07014","13"
"2025-10-22 15:00:00",-0.10791340304086,"2025-10-22","15:00","2MM07014","13"
"2025-10-22 16:00:00",-0.477496639149571,"2025-10-22","16:00","2MM07014","13"
"2025-10-22 17:00:00",-0.0371202399342504,"2025-10-22","17:00","2MM07014","13"
"2025-10-22 18:00:00",-0.460490335926784,"2025-10-22","18:00","2MM07014","13"
"2025-10-22 19:00:00",-0.740167363588495,"2025-10-22","19:00","2MM07014","13"
"2025-10-22 20:00:00",0.206210827895493,"2025-10-22","20:00","2MM07014","13"
"2025-10-22 21:00:00",0.233559192402206,"2025-10-22","21:00","2MM07014","13"
"2025-10-22 22:00:00",0.267119178561866,"2025-10-22","22:00","2MM07014","13"
"2025-10-22 23:00:00",0.243128226846275,"2025-10-22","23:00","2MM07014","13"
"2025-10-23",0.0637856682241029,"2025-10-23","00:00","2MM07014","13"
"2025-10-23 01:00:00",0.106732686988456,"2025-10-23","01:00","2MM07014","13"
"2025-10-23 02:00:00",-0.0226131104503585,"2025-10-23","02:00","2MM07014","13"
"2025-10-23 03:00:00",0.192077097015526,"2025-10-23","03:00","2MM07014","13"
"2025-10-23 04:00:00",0.116521258869194,"2025-10-23","04:00","2MM07014","13"
"2025-10-23 05:00:00",0.0285370187520462,"2025-10-23","05:00","2MM07014","13"
"2025-10-23 06:00:00",0.125368347806645,"2025-10-23","06:00","2MM07014","13"
"2025-10-23 07:00:00",-0.0984755200746057,"2025-10-23","07:00","2MM07014","13"
"2025-10-23 08:00:00",-0.0283178977231353,"2025-10-23","08:00","2MM07014","13"
"2025-10-23 09:00:00",0.0631297808349829,"2025-10-23","09:00","2MM07014","13"
"2025-10-23 10:00:00",-0.0273802362261551,"2025-10-23","10:00","2MM07014","13"
"2025-10-23 11:00:00",0.0300074304492306,"2025-10-23","11:00","2MM07014","13"
"2025-10-23 12:00:00",0.0216958778308125,"2025-10-23","12:00","2MM07014","13"
"2025-10-23 13:00:00",-0.133666422263185,"2025-10-23","13:00","2MM07014","13"
"2025-10-23 14:00:00",-0.239317840230209,"2025-10-23","14:00","2MM07014","13"
"2025-10-23 15:00:00",-0.00642785353594682,"2025-10-23","15:00","2MM07014","13"
"2025-10-23 16:00:00",-0.135252965487834,"2025-10-23","16:00","2MM07014","13"
"2025-10-23 17:00:00",-0.18921926084622,"2025-10-23","17:00","2MM07014","13"
"2025-10-23 18:00:00",-0.0836763994476714,"2025-10-23","18:00","2MM07014","13"
"2025-10-23 19:00:00",0.0186870684841547,"2025-10-23","19:00","2MM07014","13"
"2025-10-23 20:00:00",0.0197002513862918,"2025-10-23","20:00","2MM07014","13"
"2025-10-23 21:00:00",-0.193662753640489,"2025-10-23","21:00","2MM07014","13"
"2025-10-23 22:00:00",-0.200025432144547,"2025-10-23","22:00","2MM07014","13"
"2025-10-23 23:00:00",-0.132386808310167,"2025-10-23","23:00","2MM07014","13"
"2025-10-24",-0.131637277072554,"2025-10-24","00:00","2MM07014","13"
"2025-10-24 01:00:00",0.0667877773605801,"2025-10-24","01:00","2MM07014","13"
"2025-10-24 02:00:00",0.0185546854722714,"2025-10-24","02:00","2MM07014","13"
"2025-10-24 03:00:00",0.0857517225310966,"2025-10-24","03:00","2MM07014","13"
"2025-10-24 04:00:00",0.101009895366539,"2025-10-24","04:00","2MM07014","13"
"2025-10-24 05:00:00",-0.0746613079447935,"2025-10-24","05:00","2MM07014","13"
"2025-10-24 06:00:00",-0.110932297961265,"2025-10-24","06:00","2MM07014","13"
"2025-10-24 07:00:00",-0.546305567307819,"2025-10-24","07:00","2MM07014","13"
"2025-10-24 08:00:00",-0.73113417058392,"2025-10-24","08:00","2MM07014","13"
"2025-10-24 09:00:00",-0.0561288754214998,"2025-10-24","09:00","2MM07014","13"
"2025-10-24 10:00:00",-0.513213175911832,"2025-10-24","10:00","2MM07014","13"
"2025-10-24 11:00:00",-0.0807443141317764,"2025-10-24","11:00","2MM07014","13"
"2025-10-24 12:00:00",-0.257826473334237,"2025-10-24","12:00","2MM07014","13"
"2025-10-24 13:00:00",-0.026186073604555,"2025-10-24","13:00","2MM07014","13"
"2025-10-24 14:00:00",-0.424118814803405,"2025-10-24","14:00","2MM07014","13"
"2025-10-24 15:00:00",-0.264329824068325,"2025-10-24","15:00","2MM07014","13"
"2025-10-24 16:00:00",0.0145987302232171,"2025-10-24","16:00","2MM07014","13"
"2025-10-24 17:00:00",-0.243805659785716,"2025-10-24","17:00","2MM07014","13"
"2025-10-24 18:00:00",-0.169662279276469,"2025-10-24","18:00","2MM07014","13"
"2025-10-24 19:00:00",-0.380841829402636,"2025-10-24","19:00","2MM07014","13"
"2025-10-24 20:00:00",-0.176230390207856,"2025-10-24","20:00","2MM07014","13"
"2025-10-24 21:00:00",-0.519472046966379,"2025-10-24","21:00","2MM07014","13"
"2025-10-24 22:00:00",-0.457655515080906,"2025-10-24","22:00","2MM07014","13"
"2025-10-24 23:00:00",-0.368182856958346,"2025-10-24","23:00","2MM07014","13"
"2025-10-25",-0.0719460169028624,"2025-10-25","00:00","2MM07014","13"
"2025-10-25 01:00:00",0.15542363667385,"2025-10-25","01:00","2MM07014","13"
"2025-10-25 02:00:00",0.126947332244445,"2025-10-25","02:00","2MM07014","13"
"2025-10-25 03:00:00",0.349005110341733,"2025-10-25","03:00","2MM07014","13"
"2025-10-25 04:00:00",0.261877154084212,"2025-10-25","04:00","2MM07014","13"
"2025-10-25 05:00:00",0.263311268854663,"2025-10-25","05:00","2MM07014","13"
"2025-10-25 06:00:00",-0.000490077081613076,"2025-10-25","06:00","2MM07014","13"
"2025-10-25 07:00:00",0.0122904200180805,"2025-10-25","07:00","2MM07014","13"
"2025-10-25 08:00:00",0.0585774675600168,"2025-10-25","08:00","2MM07014","13"
"2025-10-25 09:00:00",-0.497561773968757,"2025-10-25","09:00","2MM07014","13"
"2025-10-25 10:00:00",-0.000194601441016067,"2025-10-25","10:00","2MM07014","13"
"2025-10-25 11:00:00",0.209803830359301,"2025-10-25","11:00","2MM07014","13"
"2025-10-25 12:00:00",-0.223659747834937,"2025-10-25","12:00","2MM07014","13"
"2025-10-25 13:00:00",-0.00746748583961566,"2025-10-25","13:00","2MM07014","13"
"2025-10-25 14:00:00",-0.0367669761188102,"2025-10-25","14:00","2MM07014","13"
"2025-10-09",0.0453625491579291,"2025-10-09","00:00","2MM07108","18"
"2025-10-09 01:00:00",-0.0202359104378233,"2025-10-09","01:00","2MM07108","18"
"2025-10-09 02:00:00",0.157468767355473,"2025-10-09","02:00","2MM07108","18"
"2025-10-09 03:00:00",0.00662804803775601,"2025-10-09","03:00","2MM07108","18"
"2025-10-09 04:00:00",-0.0388302171989921,"2025-10-09","04:00","2MM07108","18"
"2025-10-09 05:00:00",-0.0630202592565127,"2025-10-09","05:00","2MM07108","18"
"2025-10-09 06:00:00",-0.269606427637398,"2025-10-09","06:00","2MM07108","18"
"2025-10-09 07:00:00",-0.610699804557213,"2025-10-09","07:00","2MM07108","18"
"2025-10-09 08:00:00",-0.708590089737026,"2025-10-09","08:00","2MM07108","18"
"2025-10-09 09:00:00",-0.59278616949394,"2025-10-09","09:00","2MM07108","18"
"2025-10-09 10:00:00",-0.355110258739702,"2025-10-09","10:00","2MM07108","18"
"2025-10-09 11:00:00",-0.421833470182019,"2025-10-09","11:00","2MM07108","18"
"2025-10-09 12:00:00",-0.540821673293458,"2025-10-09","12:00","2MM07108","18"
"2025-10-09 13:00:00",-0.532189127614769,"2025-10-09","13:00","2MM07108","18"
"2025-10-09 14:00:00",-0.437266849500322,"2025-10-09","14:00","2MM07108","18"
"2025-10-09 15:00:00",-0.543664558379003,"2025-10-09","15:00","2MM07108","18"
"2025-10-09 16:00:00",-0.548324799140478,"2025-10-09","16:00","2MM07108","18"
"2025-10-09 17:00:00",-0.52593740411386,"2025-10-09","17:00","2MM07108","18"
"2025-10-09 18:00:00",-0.610293557867326,"2025-10-09","18:00","2MM07108","18"
"2025-10-09 19:00:00",-0.568966006092885,"2025-10-09","19:00","2MM07108","18"
"2025-10-09 20:00:00",-0.594121922637582,"2025-10-09","20:00","2MM07108","18"
"2025-10-09 21:00:00",-0.736214184980262,"2025-10-09","21:00","2MM07108","18"
"2025-10-09 22:00:00",-0.319335546999841,"2025-10-09","22:00","2MM07108","18"
"2025-10-09 23:00:00",-0.520616488992608,"2025-10-09","23:00","2MM07108","18"
"2025-10-10",0.101564978696602,"2025-10-10","00:00","2MM07108","18"
"2025-10-10 01:00:00",0.216860948971685,"2025-10-10","01:00","2MM07108","18"
"2025-10-10 02:00:00",0.212716788795397,"2025-10-10","02:00","2MM07108","18"
"2025-10-10 03:00:00",0.245459359340193,"2025-10-10","03:00","2MM07108","18"
"2025-10-10 04:00:00",0.313389371973772,"2025-10-10","04:00","2MM07108","18"
"2025-10-10 05:00:00",0.0836708943981855,"2025-10-10","05:00","2MM07108","18"
"2025-10-10 06:00:00",-0.258712057512665,"2025-10-10","06:00","2MM07108","18"
"2025-10-10 07:00:00",-0.244367343075296,"2025-10-10","07:00","2MM07108","18"
"2025-10-10 08:00:00",-0.482760171950706,"2025-10-10","08:00","2MM07108","18"
"2025-10-10 09:00:00",-0.313459244034732,"2025-10-10","09:00","2MM07108","18"
"2025-10-10 10:00:00",-0.36908897053769,"2025-10-10","10:00","2MM07108","18"
"2025-10-10 11:00:00",-0.146131587376993,"2025-10-10","11:00","2MM07108","18"
"2025-10-10 12:00:00",-0.171154303596499,"2025-10-10","12:00","2MM07108","18"
"2025-10-10 13:00:00",-0.249685862966369,"2025-10-10","13:00","2MM07108","18"
"2025-10-10 14:00:00",0.00233532029736564,"2025-10-10","14:00","2MM07108","18"
"2025-10-10 15:00:00",0.148869302999769,"2025-10-10","15:00","2MM07108","18"
"2025-10-10 16:00:00",-0.240919539564798,"2025-10-10","16:00","2MM07108","18"
"2025-10-10 17:00:00",-0.337614053825826,"2025-10-10","17:00","2MM07108","18"
"2025-10-10 18:00:00",-0.449304351015579,"2025-10-10","18:00","2MM07108","18"
"2025-10-10 19:00:00",-0.288504395696253,"2025-10-10","19:00","2MM07108","18"
"2025-10-10 20:00:00",-0.253522145750029,"2025-10-10","20:00","2MM07108","18"
"2025-10-10 21:00:00",-0.329038412313393,"2025-10-10","21:00","2MM07108","18"
"2025-10-10 22:00:00",-0.203496244761971,"2025-10-10","22:00","2MM07108","18"
"2025-10-10 23:00:00",-0.278254946616303,"2025-10-10","23:00","2MM07108","18"
"2025-10-11",-0.0302258747672187,"2025-10-11","00:00","2MM07108","18"
"2025-10-11 01:00:00",0.0908702449697273,"2025-10-11","01:00","2MM07108","18"
"2025-10-11 02:00:00",0.0901179586197004,"2025-10-11","02:00","2MM07108","18"
"2025-10-11 03:00:00",0.0681673860231003,"2025-10-11","03:00","2MM07108","18"
"2025-10-11 04:00:00",0.214963073285048,"2025-10-11","04:00","2MM07108","18"
"2025-10-11 05:00:00",0.131233249900829,"2025-10-11","05:00","2MM07108","18"
"2025-10-11 06:00:00",-0.165601931584036,"2025-10-11","06:00","2MM07108","18"
"2025-10-11 07:00:00",-0.60237552556361,"2025-10-11","07:00","2MM07108","18"
"2025-10-11 08:00:00",-0.191612207261663,"2025-10-11","08:00","2MM07108","18"
"2025-10-11 09:00:00",-0.0518327828248576,"2025-10-11","09:00","2MM07108","18"
"2025-10-11 10:00:00",0.0269807749873781,"2025-10-11","10:00","2MM07108","18"
"2025-10-11 11:00:00",0.217697415805307,"2025-10-11","11:00","2MM07108","18"
"2025-10-11 12:00:00",-0.114742494626482,"2025-10-11","12:00","2MM07108","18"
"2025-10-11 13:00:00",0.291044469697648,"2025-10-11","13:00","2MM07108","18"
"2025-10-11 14:00:00",-0.483846368342987,"2025-10-11","14:00","2MM07108","18"
"2025-10-11 15:00:00",0.0305335956420175,"2025-10-11","15:00","2MM07108","18"
"2025-10-11 16:00:00",-0.215774662396856,"2025-10-11","16:00","2MM07108","18"
"2025-10-11 17:00:00",-0.343578299862626,"2025-10-11","17:00","2MM07108","18"
"2025-10-11 18:00:00",-0.233840631594737,"2025-10-11","18:00","2MM07108","18"
"2025-10-11 19:00:00",-0.698813521004246,"2025-10-11","19:00","2MM07108","18"
"2025-10-11 20:00:00",-0.435172190699013,"2025-10-11","20:00","2MM07108","18"
"2025-10-11 21:00:00",-0.712535038556305,"2025-10-11","21:00","2MM07108","18"
"2025-10-11 22:00:00",-0.347010586854369,"2025-10-11","22:00","2MM07108","18"
"2025-10-11 23:00:00",-0.555888050519325,"2025-10-11","23:00","2MM07108","18"
"2025-10-12",-0.302869703200578,"2025-10-12","00:00","2MM07108","18"
"2025-10-12 01:00:00",-0.145590936746324,"2025-10-12","01:00","2MM07108","18"
"2025-10-12 02:00:00",-0.0818930904396934,"2025-10-12","02:00","2MM07108","18"
"2025-10-12 03:00:00",-0.170921668308677,"2025-10-12","03:00","2MM07108","18"
"2025-10-12 04:00:00",-0.252597493089404,"2025-10-12","04:00","2MM07108","18"
"2025-10-12 05:00:00",0.0346865891889032,"2025-10-12","05:00","2MM07108","18"
"2025-10-12 06:00:00",-0.0508469276990582,"2025-10-12","06:00","2MM07108","18"
"2025-10-12 07:00:00",-0.0431310785486596,"2025-10-12","07:00","2MM07108","18"
"2025-10-12 08:00:00",-0.148394033547271,"2025-10-12","08:00","2MM07108","18"
"2025-10-12 09:00:00",-0.34626179011337,"2025-10-12","09:00","2MM07108","18"
"2025-10-12 10:00:00",-0.0982392219496351,"2025-10-12","10:00","2MM07108","18"
"2025-10-12 11:00:00",-0.161594215623861,"2025-10-12","11:00","2MM07108","18"
"2025-10-12 12:00:00",-0.0647466766088294,"2025-10-12","12:00","2MM07108","18"
"2025-10-12 13:00:00",-0.36862782100556,"2025-10-12","13:00","2MM07108","18"
"2025-10-12 14:00:00",-0.289354944692146,"2025-10-12","14:00","2MM07108","18"
"2025-10-12 15:00:00",-0.362447531338125,"2025-10-12","15:00","2MM07108","18"
"2025-10-12 16:00:00",-0.185894434161381,"2025-10-12","16:00","2MM07108","18"
"2025-10-12 17:00:00",-0.297522931468971,"2025-10-12","17:00","2MM07108","18"
"2025-10-12 18:00:00",-0.332155155322755,"2025-10-12","18:00","2MM07108","18"
"2025-10-12 19:00:00",-0.623881044629383,"2025-10-12","19:00","2MM07108","18"
"2025-10-12 20:00:00",-0.628287660047471,"2025-10-12","20:00","2MM07108","18"
"2025-10-12 21:00:00",-0.331634515929992,"2025-10-12","21:00","2MM07108","18"
"2025-10-12 22:00:00",-0.21055122694613,"2025-10-12","22:00","2MM07108","18"
"2025-10-12 23:00:00",-0.508088318992105,"2025-10-12","23:00","2MM07108","18"
"2025-10-13",0.120593968593783,"2025-10-13","00:00","2MM07108","18"
"2025-10-13 01:00:00",0.283210524285204,"2025-10-13","01:00","2MM07108","18"
"2025-10-13 02:00:00",0.199618593804121,"2025-10-13","02:00","2MM07108","18"
"2025-10-13 03:00:00",0.194298077535607,"2025-10-13","03:00","2MM07108","18"
"2025-10-13 04:00:00",0.285451944264491,"2025-10-13","04:00","2MM07108","18"
"2025-10-13 05:00:00",0.243666046332073,"2025-10-13","05:00","2MM07108","18"
"2025-10-13 06:00:00",0.18383295992837,"2025-10-13","06:00","2MM07108","18"
"2025-10-13 07:00:00",0.208587559394045,"2025-10-13","07:00","2MM07108","18"
"2025-10-13 08:00:00",-0.506635982225961,"2025-10-13","08:00","2MM07108","18"
"2025-10-13 09:00:00",-0.710602652090068,"2025-10-13","09:00","2MM07108","18"
"2025-10-13 10:00:00",-0.28780343660045,"2025-10-13","10:00","2MM07108","18"
"2025-10-13 11:00:00",-0.502876413722989,"2025-10-13","11:00","2MM07108","18"
"2025-10-13 12:00:00",-0.41805155547692,"2025-10-13","12:00","2MM07108","18"
"2025-10-13 13:00:00",-0.44779623289544,"2025-10-13","13:00","2MM07108","18"
"2025-10-13 14:00:00",-0.485100996859863,"2025-10-13","14:00","2MM07108","18"
"2025-10-13 15:00:00",-0.732987498828929,"2025-10-13","15:00","2MM07108","18"
"2025-10-13 16:00:00",-0.55102402883043,"2025-10-13","16:00","2MM07108","18"
"2025-10-13 17:00:00",-0.447330023502884,"2025-10-13","17:00","2MM07108","18"
"2025-10-13 18:00:00",-0.582764501020716,"2025-10-13","18:00","2MM07108","18"
"2025-10-13 19:00:00",-0.345062931276866,"2025-10-13","19:00","2MM07108","18"
"2025-10-13 20:00:00",-0.214612948189098,"2025-10-13","20:00","2MM07108","18"
"2025-10-13 21:00:00",-0.180629958071293,"2025-10-13","21:00","2MM07108","18"
"2025-10-13 22:00:00",-0.0437375611018029,"2025-10-13","22:00","2MM07108","18"
"2025-10-13 23:00:00",0.102132424978576,"2025-10-13","23:00","2MM07108","18"
"2025-10-14",0.126093848262172,"2025-10-14","00:00","2MM07108","18"
"2025-10-14 01:00:00",0.242646996139453,"2025-10-14","01:00","2MM07108","18"
"2025-10-14 02:00:00",0.378591115886415,"2025-10-14","02:00","2MM07108","18"
"2025-10-14 03:00:00",0.278296227490888,"2025-10-14","03:00","2MM07108","18"
"2025-10-14 04:00:00",0.249587510719993,"2025-10-14","04:00","2MM07108","18"
"2025-10-14 05:00:00",0.219760106934928,"2025-10-14","05:00","2MM07108","18"
"2025-10-14 06:00:00",-0.137319452738001,"2025-10-14","06:00","2MM07108","18"
"2025-10-14 07:00:00",-0.237471187393837,"2025-10-14","07:00","2MM07108","18"
"2025-10-14 08:00:00",-0.560309091856383,"2025-10-14","08:00","2MM07108","18"
"2025-10-14 09:00:00",0.0367901268720399,"2025-10-14","09:00","2MM07108","18"
"2025-10-14 10:00:00",-0.326225865361646,"2025-10-14","10:00","2MM07108","18"
"2025-10-14 11:00:00",-0.232385856396778,"2025-10-14","11:00","2MM07108","18"
"2025-10-14 12:00:00",-0.33393388409386,"2025-10-14","12:00","2MM07108","18"
"2025-10-14 13:00:00",-0.317251492410414,"2025-10-14","13:00","2MM07108","18"
"2025-10-14 14:00:00",-0.23917228265162,"2025-10-14","14:00","2MM07108","18"
"2025-10-14 15:00:00",-0.200099997432983,"2025-10-14","15:00","2MM07108","18"
"2025-10-14 16:00:00",-0.433930818249055,"2025-10-14","16:00","2MM07108","18"
"2025-10-14 17:00:00",-0.624852894976961,"2025-10-14","17:00","2MM07108","18"
"2025-10-14 18:00:00",-0.238668108067526,"2025-10-14","18:00","2MM07108","18"
"2025-10-14 19:00:00",-0.301769297394284,"2025-10-14","19:00","2MM07108","18"
"2025-10-14 20:00:00",-0.109620586844427,"2025-10-14","20:00","2MM07108","18"
"2025-10-14 21:00:00",-0.0180796069823186,"2025-10-14","21:00","2MM07108","18"
"2025-10-14 22:00:00",-0.068992848634318,"2025-10-14","22:00","2MM07108","18"
"2025-10-14 23:00:00",0.0416889585673505,"2025-10-14","23:00","2MM07108","18"
"2025-10-15",0.222516780018848,"2025-10-15","00:00","2MM07108","18"
"2025-10-15 01:00:00",0.18865699705111,"2025-10-15","01:00","2MM07108","18"
"2025-10-15 02:00:00",0.321045137413589,"2025-10-15","02:00","2MM07108","18"
"2025-10-15 03:00:00",0.214474246900351,"2025-10-15","03:00","2MM07108","18"
"2025-10-15 04:00:00",0.215820312367412,"2025-10-15","04:00","2MM07108","18"
"2025-10-15 05:00:00",0.180471903273245,"2025-10-15","05:00","2MM07108","18"
"2025-10-15 06:00:00",-0.112984119403007,"2025-10-15","06:00","2MM07108","18"
"2025-10-15 07:00:00",-0.0250772465414483,"2025-10-15","07:00","2MM07108","18"
"2025-10-15 08:00:00",0.00788606453155295,"2025-10-15","08:00","2MM07108","18"
"2025-10-15 09:00:00",-0.221878346929803,"2025-10-15","09:00","2MM07108","18"
"2025-10-15 10:00:00",-0.0410640434938162,"2025-10-15","10:00","2MM07108","18"
"2025-10-15 11:00:00",-0.272667408680971,"2025-10-15","11:00","2MM07108","18"
"2025-10-15 12:00:00",-0.16972729787803,"2025-10-15","12:00","2MM07108","18"
"2025-10-15 13:00:00",-0.220860501297039,"2025-10-15","13:00","2MM07108","18"
"2025-10-15 14:00:00",0.00891379929635216,"2025-10-15","14:00","2MM07108","18"
"2025-10-15 15:00:00",-0.004310739586561,"2025-10-15","15:00","2MM07108","18"
"2025-10-15 16:00:00",-0.357280674286556,"2025-10-15","16:00","2MM07108","18"
"2025-10-15 17:00:00",-0.340543003133635,"2025-10-15","17:00","2MM07108","18"
"2025-10-15 18:00:00",-0.00261329577542674,"2025-10-15","18:00","2MM07108","18"
"2025-10-15 19:00:00",-0.325343674914957,"2025-10-15","19:00","2MM07108","18"
"2025-10-15 20:00:00",-0.214542683769812,"2025-10-15","20:00","2MM07108","18"
"2025-10-15 21:00:00",-0.0316788488676294,"2025-10-15","21:00","2MM07108","18"
"2025-10-15 22:00:00",-0.437140088648215,"2025-10-15","22:00","2MM07108","18"
"2025-10-15 23:00:00",0.120434869738622,"2025-10-15","23:00","2MM07108","18"
"2025-10-16",0.151292091003873,"2025-10-16","00:00","2MM07108","18"
"2025-10-16 01:00:00",0.174332613717635,"2025-10-16","01:00","2MM07108","18"
"2025-10-16 02:00:00",0.326862322843334,"2025-10-16","02:00","2MM07108","18"
"2025-10-16 03:00:00",0.281660687736766,"2025-10-16","03:00","2MM07108","18"
"2025-10-16 04:00:00",0.204249117396712,"2025-10-16","04:00","2MM07108","18"
"2025-10-16 05:00:00",0.211977746035436,"2025-10-16","05:00","2MM07108","18"
"2025-10-16 06:00:00",0.219162390475544,"2025-10-16","06:00","2MM07108","18"
"2025-10-16 07:00:00",-0.126729886015009,"2025-10-16","07:00","2MM07108","18"
"2025-10-16 08:00:00",-0.409256600058693,"2025-10-16","08:00","2MM07108","18"
"2025-10-16 09:00:00",-0.319046835658562,"2025-10-16","09:00","2MM07108","18"
"2025-10-16 10:00:00",-0.274870512265607,"2025-10-16","10:00","2MM07108","18"
"2025-10-16 11:00:00",-0.359448627521234,"2025-10-16","11:00","2MM07108","18"
"2025-10-16 12:00:00",-0.326448589728095,"2025-10-16","12:00","2MM07108","18"
"2025-10-16 13:00:00",-0.278021340915394,"2025-10-16","13:00","2MM07108","18"
"2025-10-16 14:00:00",-0.393451821769322,"2025-10-16","14:00","2MM07108","18"
"2025-10-16 15:00:00",-0.157726062410122,"2025-10-16","15:00","2MM07108","18"
"2025-10-16 16:00:00",0.0170897268705126,"2025-10-16","16:00","2MM07108","18"
"2025-10-16 17:00:00",-0.524676374750445,"2025-10-16","17:00","2MM07108","18"
"2025-10-16 18:00:00",-0.185985860117323,"2025-10-16","18:00","2MM07108","18"
"2025-10-16 19:00:00",-0.458826835030085,"2025-10-16","19:00","2MM07108","18"
"2025-10-16 20:00:00",-0.419499137762042,"2025-10-16","20:00","2MM07108","18"
"2025-10-16 21:00:00",-0.417860349488678,"2025-10-16","21:00","2MM07108","18"
"2025-10-16 22:00:00",-0.197946089579637,"2025-10-16","22:00","2MM07108","18"
"2025-10-16 23:00:00",-0.181292391247676,"2025-10-16","23:00","2MM07108","18"
"2025-10-17",-0.00966963942336971,"2025-10-17","00:00","2MM07108","18"
"2025-10-17 01:00:00",0.191406390045187,"2025-10-17","01:00","2MM07108","18"
"2025-10-17 02:00:00",0.249405713699773,"2025-10-17","02:00","2MM07108","18"
"2025-10-17 03:00:00",0.35711845460458,"2025-10-17","03:00","2MM07108","18"
"2025-10-17 04:00:00",0.214331840608634,"2025-10-17","04:00","2MM07108","18"
"2025-10-17 05:00:00",0.113543939627817,"2025-10-17","05:00","2MM07108","18"
"2025-10-17 06:00:00",0.0181825527370061,"2025-10-17","06:00","2MM07108","18"
"2025-10-17 07:00:00",-0.0200047691725381,"2025-10-17","07:00","2MM07108","18"
"2025-10-17 08:00:00",-0.424597059191542,"2025-10-17","08:00","2MM07108","18"
"2025-10-17 09:00:00",-0.534334094703268,"2025-10-17","09:00","2MM07108","18"
"2025-10-17 10:00:00",-0.534527160104198,"2025-10-17","10:00","2MM07108","18"
"2025-10-17 11:00:00",-0.35143819716221,"2025-10-17","11:00","2MM07108","18"
"2025-10-17 12:00:00",-0.398688597435905,"2025-10-17","12:00","2MM07108","18"
"2025-10-17 13:00:00",0.119271885823103,"2025-10-17","13:00","2MM07108","18"
"2025-10-17 14:00:00",-0.140331791668496,"2025-10-17","14:00","2MM07108","18"
"2025-10-17 15:00:00",-0.346132758135341,"2025-10-17","15:00","2MM07108","18"
"2025-10-17 16:00:00",-0.438965820578473,"2025-10-17","16:00","2MM07108","18"
"2025-10-17 17:00:00",-0.507908634149479,"2025-10-17","17:00","2MM07108","18"
"2025-10-17 18:00:00",0.00429728940989896,"2025-10-17","18:00","2MM07108","18"
"2025-10-17 19:00:00",-0.507764669083131,"2025-10-17","19:00","2MM07108","18"
"2025-10-17 20:00:00",-0.402318749838798,"2025-10-17","20:00","2MM07108","18"
"2025-10-17 21:00:00",-0.423544938087986,"2025-10-17","21:00","2MM07108","18"
"2025-10-17 22:00:00",-0.392133657833086,"2025-10-17","22:00","2MM07108","18"
"2025-10-17 23:00:00",-0.200400405132002,"2025-10-17","23:00","2MM07108","18"
"2025-10-18",-0.113776154683327,"2025-10-18","00:00","2MM07108","18"
"2025-10-18 01:00:00",-0.00832475258297888,"2025-10-18","01:00","2MM07108","18"
"2025-10-18 02:00:00",0.123319861554705,"2025-10-18","02:00","2MM07108","18"
"2025-10-18 03:00:00",0.0666474706614054,"2025-10-18","03:00","2MM07108","18"
"2025-10-18 04:00:00",0.0979639378485791,"2025-10-18","04:00","2MM07108","18"
"2025-10-18 05:00:00",-0.000740850397378407,"2025-10-18","05:00","2MM07108","18"
"2025-10-18 06:00:00",-0.195200781818532,"2025-10-18","06:00","2MM07108","18"
"2025-10-18 07:00:00",-0.251455346364413,"2025-10-18","07:00","2MM07108","18"
"2025-10-18 08:00:00",-0.565561356160547,"2025-10-18","08:00","2MM07108","18"
"2025-10-18 09:00:00",-0.370571866140402,"2025-10-18","09:00","2MM07108","18"
"2025-10-18 10:00:00",-0.561587091591404,"2025-10-18","10:00","2MM07108","18"
"2025-10-18 11:00:00",-0.609253395222086,"2025-10-18","11:00","2MM07108","18"
"2025-10-18 12:00:00",-0.208019775529957,"2025-10-18","12:00","2MM07108","18"
"2025-10-18 13:00:00",-0.683864314387606,"2025-10-18","13:00","2MM07108","18"
"2025-10-18 14:00:00",-0.530555169008889,"2025-10-18","14:00","2MM07108","18"
"2025-10-18 15:00:00",-0.251437093308642,"2025-10-18","15:00","2MM07108","18"
"2025-10-18 16:00:00",-0.275137501863321,"2025-10-18","16:00","2MM07108","18"
"2025-10-18 17:00:00",-0.510870663701573,"2025-10-18","17:00","2MM07108","18"
"2025-10-18 18:00:00",-0.629421742159485,"2025-10-18","18:00","2MM07108","18"
"2025-10-18 19:00:00",-0.617633758209388,"2025-10-18","19:00","2MM07108","18"
"2025-10-18 20:00:00",-0.587118647305419,"2025-10-18","20:00","2MM07108","18"
"2025-10-18 21:00:00",-0.516287079447699,"2025-10-18","21:00","2MM07108","18"
"2025-10-18 22:00:00",-0.518713618124156,"2025-10-18","22:00","2MM07108","18"
"2025-10-18 23:00:00",-0.493884512064986,"2025-10-18","23:00","2MM07108","18"
"2025-10-19",-0.417983506637668,"2025-10-19","00:00","2MM07108","18"
"2025-10-19 01:00:00",-0.0238679584872996,"2025-10-19","01:00","2MM07108","18"
"2025-10-19 02:00:00",-0.0601021412847163,"2025-10-19","02:00","2MM07108","18"
"2025-10-19 03:00:00",0.00182592880246911,"2025-10-19","03:00","2MM07108","18"
"2025-10-19 04:00:00",-0.267007163279424,"2025-10-19","04:00","2MM07108","18"
"2025-10-19 05:00:00",-0.391970525145,"2025-10-19","05:00","2MM07108","18"
"2025-10-19 06:00:00",-0.123106813054873,"2025-10-19","06:00","2MM07108","18"
"2025-10-19 07:00:00",-0.372692003143415,"2025-10-19","07:00","2MM07108","18"
"2025-10-19 08:00:00",-0.421623251096321,"2025-10-19","08:00","2MM07108","18"
"2025-10-19 09:00:00",-0.588963225360764,"2025-10-19","09:00","2MM07108","18"
"2025-10-19 10:00:00",-0.377768049468444,"2025-10-19","10:00","2MM07108","18"
"2025-10-19 11:00:00",-0.13837867433138,"2025-10-19","11:00","2MM07108","18"
"2025-10-19 12:00:00",-0.222783002373773,"2025-10-19","12:00","2MM07108","18"
"2025-10-19 13:00:00",0.0934452561290019,"2025-10-19","13:00","2MM07108","18"
"2025-10-19 14:00:00",-0.091871722080523,"2025-10-19","14:00","2MM07108","18"
"2025-10-19 15:00:00",-0.0876197999849615,"2025-10-19","15:00","2MM07108","18"
"2025-10-19 16:00:00",0.0881166220273893,"2025-10-19","16:00","2MM07108","18"
"2025-10-19 17:00:00",-0.0497351611096214,"2025-10-19","17:00","2MM07108","18"
"2025-10-19 18:00:00",-0.11086657350019,"2025-10-19","18:00","2MM07108","18"
"2025-10-19 19:00:00",0.27417051206134,"2025-10-19","19:00","2MM07108","18"
"2025-10-19 20:00:00",0.073743152055874,"2025-10-19","20:00","2MM07108","18"
"2025-10-19 21:00:00",0.0529344257630452,"2025-10-19","21:00","2MM07108","18"
"2025-10-19 22:00:00",0.219499610884711,"2025-10-19","22:00","2MM07108","18"
"2025-10-19 23:00:00",0.182959814107182,"2025-10-19","23:00","2MM07108","18"
"2025-10-20",-0.0550394216769174,"2025-10-20","00:00","2MM07108","18"
"2025-10-20 01:00:00",-0.0120222619422912,"2025-10-20","01:00","2MM07108","18"
"2025-10-20 02:00:00",0.201202697912632,"2025-10-20","02:00","2MM07108","18"
"2025-10-20 03:00:00",0.0657640227166079,"2025-10-20","03:00","2MM07108","18"
"2025-10-20 04:00:00",-0.0435409265594878,"2025-10-20","04:00","2MM07108","18"
"2025-10-20 05:00:00",0.311068009627748,"2025-10-20","05:00","2MM07108","18"
"2025-10-20 06:00:00",-0.0980691173567911,"2025-10-20","06:00","2MM07108","18"
"2025-10-20 07:00:00",0.151946939915818,"2025-10-20","07:00","2MM07108","18"
"2025-10-20 08:00:00",-0.538338777159414,"2025-10-20","08:00","2MM07108","18"
"2025-10-20 09:00:00",0.154156172921532,"2025-10-20","09:00","2MM07108","18"
"2025-10-20 10:00:00",0.274344887541061,"2025-10-20","10:00","2MM07108","18"
"2025-10-20 11:00:00",0.0178824132150417,"2025-10-20","11:00","2MM07108","18"
"2025-10-20 12:00:00",0.347817452266817,"2025-10-20","12:00","2MM07108","18"
"2025-10-20 13:00:00",-0.0037850965147224,"2025-10-20","13:00","2MM07108","18"
"2025-10-20 14:00:00",-0.0290337397147335,"2025-10-20","14:00","2MM07108","18"
"2025-10-20 15:00:00",-0.129104438534096,"2025-10-20","15:00","2MM07108","18"
"2025-10-20 16:00:00",-0.245087177405539,"2025-10-20","16:00","2MM07108","18"
"2025-10-20 17:00:00",-0.708587280004547,"2025-10-20","17:00","2MM07108","18"
"2025-10-20 18:00:00",-0.0280142338225135,"2025-10-20","18:00","2MM07108","18"
"2025-10-20 19:00:00",-0.883113668641447,"2025-10-20","19:00","2MM07108","18"
"2025-10-20 20:00:00",-0.982790830960151,"2025-10-20","20:00","2MM07108","18"
"2025-10-20 21:00:00",-0.961285940804908,"2025-10-20","21:00","2MM07108","18"
"2025-10-20 22:00:00",-0.879579143404624,"2025-10-20","22:00","2MM07108","18"
"2025-10-20 23:00:00",-0.949309584119795,"2025-10-20","23:00","2MM07108","18"
"2025-10-21",-0.869865000712428,"2025-10-21","00:00","2MM07108","18"
"2025-10-21 01:00:00",-0.677474190860468,"2025-10-21","01:00","2MM07108","18"
"2025-10-21 02:00:00",-0.575637932977228,"2025-10-21","02:00","2MM07108","18"
"2025-10-21 03:00:00",0.24679159329806,"2025-10-21","03:00","2MM07108","18"
"2025-10-21 04:00:00",0.218674153991905,"2025-10-21","04:00","2MM07108","18"
"2025-10-21 05:00:00",-0.109435563665018,"2025-10-21","05:00","2MM07108","18"
"2025-10-21 06:00:00",-0.290480636632357,"2025-10-21","06:00","2MM07108","18"
"2025-10-21 07:00:00",-0.269860374893285,"2025-10-21","07:00","2MM07108","18"
"2025-10-21 08:00:00",-0.267985483228421,"2025-10-21","08:00","2MM07108","18"
"2025-10-21 09:00:00",0.0309628179000378,"2025-10-21","09:00","2MM07108","18"
"2025-10-21 10:00:00",0.0896904246756478,"2025-10-21","10:00","2MM07108","18"
"2025-10-21 11:00:00",-0.160913338121592,"2025-10-21","11:00","2MM07108","18"
"2025-10-21 12:00:00",-0.396566048642489,"2025-10-21","12:00","2MM07108","18"
"2025-10-21 13:00:00",-0.168863096858613,"2025-10-21","13:00","2MM07108","18"
"2025-10-21 14:00:00",-0.250248294069499,"2025-10-21","14:00","2MM07108","18"
"2025-10-21 15:00:00",-0.467096284418262,"2025-10-21","15:00","2MM07108","18"
"2025-10-21 16:00:00",-0.418302832269842,"2025-10-21","16:00","2MM07108","18"
"2025-10-21 17:00:00",-0.475378121290902,"2025-10-21","17:00","2MM07108","18"
"2025-10-21 18:00:00",-0.519288322315494,"2025-10-21","18:00","2MM07108","18"
"2025-10-21 19:00:00",-0.363747583163404,"2025-10-21","19:00","2MM07108","18"
"2025-10-21 20:00:00",-0.697001068481953,"2025-10-21","20:00","2MM07108","18"
"2025-10-21 21:00:00",-0.269888254610941,"2025-10-21","21:00","2MM07108","18"
"2025-10-21 22:00:00",-0.693505924836157,"2025-10-21","22:00","2MM07108","18"
"2025-10-21 23:00:00",-0.647175679618456,"2025-10-21","23:00","2MM07108","18"
"2025-10-22",0.0360599954132194,"2025-10-22","00:00","2MM07108","18"
"2025-10-22 01:00:00",-0.0682109276181163,"2025-10-22","01:00","2MM07108","18"
"2025-10-22 02:00:00",0.158217709368403,"2025-10-22","02:00","2MM07108","18"
"2025-10-22 03:00:00",0.1939369253179,"2025-10-22","03:00","2MM07108","18"
"2025-10-22 04:00:00",-0.184859826673304,"2025-10-22","04:00","2MM07108","18"
"2025-10-22 05:00:00",-0.0919291969331876,"2025-10-22","05:00","2MM07108","18"
"2025-10-22 06:00:00",-0.496796648854971,"2025-10-22","06:00","2MM07108","18"
"2025-10-22 07:00:00",-0.753298824481185,"2025-10-22","07:00","2MM07108","18"
"2025-10-22 08:00:00",-0.774765419030702,"2025-10-22","08:00","2MM07108","18"
"2025-10-22 09:00:00",-0.339060723573032,"2025-10-22","09:00","2MM07108","18"
"2025-10-22 10:00:00",-0.496041213090241,"2025-10-22","10:00","2MM07108","18"
"2025-10-22 11:00:00",-0.435504834664081,"2025-10-22","11:00","2MM07108","18"
"2025-10-22 12:00:00",-0.342827128498482,"2025-10-22","12:00","2MM07108","18"
"2025-10-22 13:00:00",-0.110100070838589,"2025-10-22","13:00","2MM07108","18"
"2025-10-22 14:00:00",-0.200272662338124,"2025-10-22","14:00","2MM07108","18"
"2025-10-22 15:00:00",-0.420868679744267,"2025-10-22","15:00","2MM07108","18"
"2025-10-22 16:00:00",-0.535866729589914,"2025-10-22","16:00","2MM07108","18"
"2025-10-22 17:00:00",-0.563347451235011,"2025-10-22","17:00","2MM07108","18"
"2025-10-22 18:00:00",-0.3871410436822,"2025-10-22","18:00","2MM07108","18"
"2025-10-22 19:00:00",-0.701271750469121,"2025-10-22","19:00","2MM07108","18"
"2025-10-22 20:00:00",0.245490152615297,"2025-10-22","20:00","2MM07108","18"
"2025-10-22 21:00:00",0.382000367873201,"2025-10-22","21:00","2MM07108","18"
"2025-10-22 22:00:00",0.364261829497165,"2025-10-22","22:00","2MM07108","18"
"2025-10-22 23:00:00",0.327604442336421,"2025-10-22","23:00","2MM07108","18"
"2025-10-23",0.391842988813013,"2025-10-23","00:00","2MM07108","18"
"2025-10-23 01:00:00",0.408639559718464,"2025-10-23","01:00","2MM07108","18"
"2025-10-23 02:00:00",0.351447226494115,"2025-10-23","02:00","2MM07108","18"
"2025-10-23 03:00:00",0.383552446701866,"2025-10-23","03:00","2MM07108","18"
"2025-10-23 04:00:00",0.332572501621575,"2025-10-23","04:00","2MM07108","18"
"2025-10-23 05:00:00",0.286205671718159,"2025-10-23","05:00","2MM07108","18"
"2025-10-23 06:00:00",0.312907233172915,"2025-10-23","06:00","2MM07108","18"
"2025-10-23 07:00:00",0.0148096531632732,"2025-10-23","07:00","2MM07108","18"
"2025-10-23 08:00:00",-0.0911512114057085,"2025-10-23","08:00","2MM07108","18"
"2025-10-23 09:00:00",0.0232383140957681,"2025-10-23","09:00","2MM07108","18"
"2025-10-23 10:00:00",-0.0825727466795435,"2025-10-23","10:00","2MM07108","18"
"2025-10-23 11:00:00",0.030589359582436,"2025-10-23","11:00","2MM07108","18"
"2025-10-23 12:00:00",-0.0666567059060078,"2025-10-23","12:00","2MM07108","18"
"2025-10-23 13:00:00",-0.0655563776680687,"2025-10-23","13:00","2MM07108","18"
"2025-10-23 14:00:00",-0.188085970587494,"2025-10-23","14:00","2MM07108","18"
"2025-10-23 15:00:00",-0.113000066682575,"2025-10-23","15:00","2MM07108","18"
"2025-10-23 16:00:00",-0.0716607757716628,"2025-10-23","16:00","2MM07108","18"
"2025-10-23 17:00:00",-0.275104002302597,"2025-10-23","17:00","2MM07108","18"
"2025-10-23 18:00:00",-0.112239928445921,"2025-10-23","18:00","2MM07108","18"
"2025-10-23 19:00:00",-0.0322397014701877,"2025-10-23","19:00","2MM07108","18"
"2025-10-23 20:00:00",-0.0521704341468588,"2025-10-23","20:00","2MM07108","18"
"2025-10-23 21:00:00",-0.0846557150393974,"2025-10-23","21:00","2MM07108","18"
"2025-10-23 22:00:00",-0.286627561398217,"2025-10-23","22:00","2MM07108","18"
"2025-10-23 23:00:00",-0.0337418554998108,"2025-10-23","23:00","2MM07108","18"
"2025-10-24",-0.0424115362511365,"2025-10-24","00:00","2MM07108","18"
"2025-10-24 01:00:00",0.0377117884269906,"2025-10-24","01:00","2MM07108","18"
"2025-10-24 02:00:00",0.0545524347492672,"2025-10-24","02:00","2MM07108","18"
"2025-10-24 03:00:00",0.0342375024054377,"2025-10-24","03:00","2MM07108","18"
"2025-10-24 04:00:00",0.0608077564598287,"2025-10-24","04:00","2MM07108","18"
"2025-10-24 05:00:00",0.0515031777492183,"2025-10-24","05:00","2MM07108","18"
"2025-10-24 06:00:00",-0.0282532520895129,"2025-10-24","06:00","2MM07108","18"
"2025-10-24 07:00:00",-0.319906457595869,"2025-10-24","07:00","2MM07108","18"
"2025-10-24 08:00:00",-0.489786057311056,"2025-10-24","08:00","2MM07108","18"
"2025-10-24 09:00:00",-0.364265722953812,"2025-10-24","09:00","2MM07108","18"
"2025-10-24 10:00:00",-0.568163604945227,"2025-10-24","10:00","2MM07108","18"
"2025-10-24 11:00:00",-0.0993787114682004,"2025-10-24","11:00","2MM07108","18"
"2025-10-24 12:00:00",-0.131154503584494,"2025-10-24","12:00","2MM07108","18"
"2025-10-24 13:00:00",-0.226308887052534,"2025-10-24","13:00","2MM07108","18"
"2025-10-24 14:00:00",0.0316464390839541,"2025-10-24","14:00","2MM07108","18"
"2025-10-24 15:00:00",-0.121420422938528,"2025-10-24","15:00","2MM07108","18"
"2025-10-24 16:00:00",-0.0732064533385755,"2025-10-24","16:00","2MM07108","18"
"2025-10-24 17:00:00",-0.239903410531902,"2025-10-24","17:00","2MM07108","18"
"2025-10-24 18:00:00",-0.51405116202031,"2025-10-24","18:00","2MM07108","18"
"2025-10-24 19:00:00",-0.641905682461645,"2025-10-24","19:00","2MM07108","18"
"2025-10-24 20:00:00",-0.149796180072639,"2025-10-24","20:00","2MM07108","18"
"2025-10-24 21:00:00",-0.361626881923941,"2025-10-24","21:00","2MM07108","18"
"2025-10-24 22:00:00",-0.279528995756446,"2025-10-24","22:00","2MM07108","18"
"2025-10-24 23:00:00",-0.349710988938544,"2025-10-24","23:00","2MM07108","18"
"2025-10-25",-0.211848315452465,"2025-10-25","00:00","2MM07108","18"
"2025-10-25 01:00:00",0.0359564941385222,"2025-10-25","01:00","2MM07108","18"
"2025-10-25 02:00:00",0.00940689613072888,"2025-10-25","02:00","2MM07108","18"
"2025-10-25 03:00:00",0.00712051607340567,"2025-10-25","03:00","2MM07108","18"
"2025-10-25 04:00:00",0.120996971635247,"2025-10-25","04:00","2MM07108","18"
"2025-10-25 05:00:00",-0.0713406783069646,"2025-10-25","05:00","2MM07108","18"
"2025-10-25 06:00:00",0.00515924354059501,"2025-10-25","06:00","2MM07108","18"
"2025-10-25 07:00:00",-0.333357170904239,"2025-10-25","07:00","2MM07108","18"
"2025-10-25 08:00:00",-0.503016037619935,"2025-10-25","08:00","2MM07108","18"
"2025-10-25 09:00:00",-0.520167981205707,"2025-10-25","09:00","2MM07108","18"
"2025-10-25 10:00:00",-0.403940018509772,"2025-10-25","10:00","2MM07108","18"
"2025-10-25 11:00:00",-0.235690214559051,"2025-10-25","11:00","2MM07108","18"
"2025-10-25 12:00:00",-0.440842986915058,"2025-10-25","12:00","2MM07108","18"
"2025-10-25 13:00:00",-0.104098797181466,"2025-10-25","13:00","2MM07108","18"
"2025-10-25 14:00:00",-0.10445467375554,"2025-10-25","14:00","2MM07108","18"
"2025-10-25 15:00:00",-0.196486074070115,"2025-10-25","15:00","2MM07108","18"
"2025-10-25 16:00:00",-0.0198392694548769,"2025-10-25","16:00","2MM07108","18"
"2025-10-25 17:00:00",-0.510267106402917,"2025-10-25","17:00","2MM07108","18"
"2025-10-25 18:00:00",-0.429761019655864,"2025-10-25","18:00","2MM07108","18"
"2025-10-25 19:00:00",-0.405863202715917,"2025-10-25","19:00","2MM07108","18"
"2025-10-25 20:00:00",-0.258577849498664,"2025-10-25","20:00","2MM07108","18"
"2025-10-25 21:00:00",-0.429662939252174,"2025-10-25","21:00","2MM07108","18"
"2025-10-25 22:00:00",-0.279491807930403,"2025-10-25","22:00","2MM07108","18"
"2025-10-25 23:00:00",-0.497877093927293,"2025-10-25","23:00","2MM07108","18"
"2025-10-26",-0.15577205711771,"2025-10-26","00:00","2MM07108","18"
"2025-10-26 01:00:00",-0.024245951039629,"2025-10-26","01:00","2MM07108","18"
"2025-10-26 02:00:00",0.0700349108188594,"2025-10-26","02:00","2MM07108","18"
"2025-10-26 03:00:00",0.0619607866185708,"2025-10-26","03:00","2MM07108","18"
"2025-10-26 04:00:00",0.111507022756443,"2025-10-26","04:00","2MM07108","18"
"2025-10-26 05:00:00",0.00439791350371649,"2025-10-26","05:00","2MM07108","18"
"2025-10-26 06:00:00",-0.0527199197128319,"2025-10-26","06:00","2MM07108","18"
"2025-10-26 07:00:00",-0.16248603702916,"2025-10-26","07:00","2MM07108","18"
"2025-10-26 08:00:00",-0.588921522910049,"2025-10-26","08:00","2MM07108","18"
"2025-10-26 09:00:00",-0.17921810912567,"2025-10-26","09:00","2MM07108","18"
"2025-10-26 10:00:00",-0.102380052048486,"2025-10-26","10:00","2MM07108","18"
"2025-10-26 11:00:00",-0.00399402456752678,"2025-10-26","11:00","2MM07108","18"
"2025-10-26 12:00:00",-0.21671783446982,"2025-10-26","12:00","2MM07108","18"
"2025-10-26 13:00:00",-0.493099970460766,"2025-10-26","13:00","2MM07108","18"
"2025-10-26 14:00:00",-0.228194929788052,"2025-10-26","14:00","2MM07108","18"
"2025-10-26 15:00:00",-0.124533427309739,"2025-10-26","15:00","2MM07108","18"
"2025-10-26 16:00:00",-0.29272175210101,"2025-10-26","16:00","2MM07108","18"
"2025-10-26 17:00:00",0.176724363241734,"2025-10-26","17:00","2MM07108","18"
"2025-10-26 18:00:00",0.0361913265575404,"2025-10-26","18:00","2MM07108","18"
"2025-10-26 19:00:00",-0.507865802527037,"2025-10-26","19:00","2MM07108","18"
"2025-10-26 20:00:00",-0.340649121741039,"2025-10-26","20:00","2MM07108","18"
"2025-10-26 21:00:00",-0.320305653677052,"2025-10-26","21:00","2MM07108","18"
"2025-10-26 22:00:00",-0.209254367595729,"2025-10-26","22:00","2MM07108","18"
"2025-10-26 23:00:00",-0.0621203126756823,"2025-10-26","23:00","2MM07108","18"
"2025-10-27",-0.157415332661661,"2025-10-27","00:00","2MM07108","18"
"2025-10-27 01:00:00",-0.0507439572559877,"2025-10-27","01:00","2MM07108","18"
"2025-10-27 02:00:00",-0.0535200535341754,"2025-10-27","02:00","2MM07108","18"
"2025-10-27 03:00:00",0.104991105841152,"2025-10-27","03:00","2MM07108","18"
"2025-10-27 04:00:00",0.077837820260655,"2025-10-27","04:00","2MM07108","18"
"2025-10-27 05:00:00",0.0443493675916918,"2025-10-27","05:00","2MM07108","18"
"2025-10-27 06:00:00",0.0109767742792346,"2025-10-27","06:00","2MM07108","18"
"2025-10-27 07:00:00",-0.0923629239427366,"2025-10-27","07:00","2MM07108","18"
"2025-10-27 08:00:00",-0.294602505264196,"2025-10-27","08:00","2MM07108","18"
"2025-10-27 09:00:00",-0.100185048162016,"2025-10-27","09:00","2MM07108","18"
"2025-10-27 10:00:00",-0.00800603476613381,"2025-10-27","10:00","2MM07108","18"
"2025-10-27 11:00:00",-0.0738715684093271,"2025-10-27","11:00","2MM07108","18"
"2025-10-27 12:00:00",-0.194160696477752,"2025-10-27","12:00","2MM07108","18"
"2025-10-27 13:00:00",-0.385894468952519,"2025-10-27","13:00","2MM07108","18"
"2025-10-27 14:00:00",-0.0881091758705156,"2025-10-27","14:00","2MM07108","18"
"2025-10-27 15:00:00",-0.683085185041724,"2025-10-27","15:00","2MM07108","18"
"2025-10-27 16:00:00",-0.193254459689221,"2025-10-27","16:00","2MM07108","18"
"2025-10-27 17:00:00",-0.463382676524506,"2025-10-27","17:00","2MM07108","18"
"2025-10-27 18:00:00",-0.573719225538896,"2025-10-27","18:00","2MM07108","18"
"2025-10-27 19:00:00",-0.667848298472258,"2025-10-27","19:00","2MM07108","18"
"2025-10-27 20:00:00",-0.554013878085097,"2025-10-27","20:00","2MM07108","18"
"2025-10-27 21:00:00",-0.531908793777641,"2025-10-27","21:00","2MM07108","18"
"2025-10-27 22:00:00",-0.417739249393735,"2025-10-27","22:00","2MM07108","18"
"2025-10-27 23:00:00",-0.0675428294939093,"2025-10-27","23:00","2MM07108","18"
"2025-10-28",-0.0697527565933701,"2025-10-28","00:00","2MM07108","18"
"2025-10-28 01:00:00",0.0460795776380703,"2025-10-28","01:00","2MM07108","18"
"2025-10-28 02:00:00",0.0584249142385447,"2025-10-28","02:00","2MM07108","18"
"2025-10-28 03:00:00",0.0112944835745502,"2025-10-28","03:00","2MM07108","18"
"2025-10-28 04:00:00",0.0303321374798629,"2025-10-28","04:00","2MM07108","18"
"2025-10-28 05:00:00",-0.0137270814958542,"2025-10-28","05:00","2MM07108","18"
"2025-10-28 06:00:00",-0.0108391050893619,"2025-10-28","06:00","2MM07108","18"
"2025-10-28 07:00:00",-0.189402110614343,"2025-10-28","07:00","2MM07108","18"
"2025-10-28 08:00:00",-0.246708794434066,"2025-10-28","08:00","2MM07108","18"
"2025-10-28 09:00:00",-0.349266234519988,"2025-10-28","09:00","2MM07108","18"
"2025-10-28 10:00:00",-0.380895711273846,"2025-10-28","10:00","2MM07108","18"
"2025-10-28 11:00:00",-0.597787843910719,"2025-10-28","11:00","2MM07108","18"
"2025-10-28 12:00:00",-0.152488580125504,"2025-10-28","12:00","2MM07108","18"
"2025-10-28 13:00:00",-0.0125980015665256,"2025-10-28","13:00","2MM07108","18"
"2025-10-28 14:00:00",-0.0866461519483371,"2025-10-28","14:00","2MM07108","18"
"2025-10-28 15:00:00",-0.116575789665245,"2025-10-28","15:00","2MM07108","18"
"2025-10-28 16:00:00",-0.123965610354669,"2025-10-28","16:00","2MM07108","18"
"2025-10-28 17:00:00",-0.514547060496056,"2025-10-28","17:00","2MM07108","18"
"2025-10-28 18:00:00",-0.586312920343509,"2025-10-28","18:00","2MM07108","18"
"2025-10-28 19:00:00",-0.754720669577058,"2025-10-28","19:00","2MM07108","18"
"2025-10-28 20:00:00",-0.733992925709171,"2025-10-28","20:00","2MM07108","18"
"2025-10-28 21:00:00",-0.722073022306721,"2025-10-28","21:00","2MM07108","18"
"2025-10-28 22:00:00",-0.40153843318007,"2025-10-28","22:00","2MM07108","18"
"2025-10-28 23:00:00",-0.617633043297608,"2025-10-28","23:00","2MM07108","18"
"2025-10-29",-0.0768460489658961,"2025-10-29","00:00","2MM07108","18"
"2025-10-29 01:00:00",-0.0319648948832939,"2025-10-29","01:00","2MM07108","18"
"2025-10-29 02:00:00",0.0482190634192825,"2025-10-29","02:00","2MM07108","18"
"2025-10-29 03:00:00",0.00197851215322258,"2025-10-29","03:00","2MM07108","18"
"2025-10-29 04:00:00",0.0637947367562567,"2025-10-29","04:00","2MM07108","18"
"2025-10-29 05:00:00",0.0501819634976845,"2025-10-29","05:00","2MM07108","18"
"2025-10-29 06:00:00",-0.0812951885394573,"2025-10-29","06:00","2MM07108","18"
"2025-10-29 07:00:00",-0.473218313219842,"2025-10-29","07:00","2MM07108","18"
"2025-10-29 08:00:00",-0.199583533549395,"2025-10-29","08:00","2MM07108","18"
"2025-10-29 09:00:00",-0.762085136581467,"2025-10-29","09:00","2MM07108","18"
"2025-10-29 10:00:00",-0.353633233356096,"2025-10-29","10:00","2MM07108","18"
"2025-10-29 11:00:00",-0.171097214501681,"2025-10-29","11:00","2MM07108","18"
"2025-10-29 12:00:00",0.313972958767637,"2025-10-29","12:00","2MM07108","18"
"2025-10-29 13:00:00",-0.307970569104541,"2025-10-29","13:00","2MM07108","18"
"2025-10-29 14:00:00",-0.27900347973199,"2025-10-29","14:00","2MM07108","18"
"2025-10-29 15:00:00",-0.465470578368916,"2025-10-29","15:00","2MM07108","18"
"2025-10-29 16:00:00",-0.0501078077611815,"2025-10-29","16:00","2MM07108","18"
"2025-10-29 17:00:00",-0.259913454900729,"2025-10-29","17:00","2MM07108","18"
"2025-10-29 18:00:00",-0.742111258312156,"2025-10-29","18:00","2MM07108","18"
"2025-10-29 19:00:00",-0.338322245336813,"2025-10-29","19:00","2MM07108","18"
"2025-10-29 20:00:00",-0.621673900361082,"2025-10-29","20:00","2MM07108","18"
"2025-10-29 21:00:00",-0.367801048806486,"2025-10-29","21:00","2MM07108","18"
"2025-10-29 22:00:00",-0.583232065752556,"2025-10-29","22:00","2MM07108","18"
"2025-10-29 23:00:00",-0.447593010816125,"2025-10-29","23:00","2MM07108","18"
"2025-10-30",-0.194330425420995,"2025-10-30","00:00","2MM07108","18"
"2025-10-30 01:00:00",-0.411363491336621,"2025-10-30","01:00","2MM07108","18"
"2025-10-30 02:00:00",0.0761397162971477,"2025-10-30","02:00","2MM07108","18"
"2025-10-30 03:00:00",0.166914135110013,"2025-10-30","03:00","2MM07108","18"
"2025-10-30 04:00:00",-0.222891883159855,"2025-10-30","04:00","2MM07108","18"
"2025-10-30 05:00:00",-0.234974601255503,"2025-10-30","05:00","2MM07108","18"
"2025-10-30 06:00:00",-0.301474422658977,"2025-10-30","06:00","2MM07108","18"
"2025-10-30 07:00:00",-0.573049153016451,"2025-10-30","07:00","2MM07108","18"
"2025-10-30 08:00:00",-0.365736929440076,"2025-10-30","08:00","2MM07108","18"
"2025-10-30 09:00:00",-0.473602615465538,"2025-10-30","09:00","2MM07108","18"
"2025-10-30 10:00:00",-0.226334953824667,"2025-10-30","10:00","2MM07108","18"
"2025-10-30 11:00:00",-0.511590185970287,"2025-10-30","11:00","2MM07108","18"
"2025-10-30 12:00:00",0.137288303297325,"2025-10-30","12:00","2MM07108","18"
"2025-10-30 13:00:00",-0.513360844621308,"2025-10-30","13:00","2MM07108","18"
"2025-10-30 14:00:00",-0.277502080670456,"2025-10-30","14:00","2MM07108","18"
"2025-10-07",-0.699897824690918,"2025-10-07","00:00","2MM07112","NHM2"
"2025-10-07 01:00:00",-0.723310150700852,"2025-10-07","01:00","2MM07112","NHM2"
"2025-10-07 02:00:00",-0.681168801419861,"2025-10-07","02:00","2MM07112","NHM2"
"2025-10-07 03:00:00",-0.708003364594,"2025-10-07","03:00","2MM07112","NHM2"
"2025-10-07 04:00:00",-0.731127354810434,"2025-10-07","04:00","2MM07112","NHM2"
"2025-10-07 05:00:00",-0.725143190326304,"2025-10-07","05:00","2MM07112","NHM2"
"2025-10-07 06:00:00",-0.487192656972015,"2025-10-07","06:00","2MM07112","NHM2"
"2025-10-07 07:00:00",-0.62498379177702,"2025-10-07","07:00","2MM07112","NHM2"
"2025-10-07 08:00:00",-0.607096185775772,"2025-10-07","08:00","2MM07112","NHM2"
"2025-10-07 09:00:00",-0.427603426695304,"2025-10-07","09:00","2MM07112","NHM2"
"2025-10-07 10:00:00",-0.504260681272446,"2025-10-07","10:00","2MM07112","NHM2"
"2025-10-07 11:00:00",-0.591232464083654,"2025-10-07","11:00","2MM07112","NHM2"
"2025-10-07 12:00:00",-0.245909999962515,"2025-10-07","12:00","2MM07112","NHM2"
"2025-10-07 13:00:00",-0.449549695093935,"2025-10-07","13:00","2MM07112","NHM2"
"2025-10-07 14:00:00",-0.593190742032786,"2025-10-07","14:00","2MM07112","NHM2"
"2025-10-07 15:00:00",-0.256364049366751,"2025-10-07","15:00","2MM07112","NHM2"
"2025-10-07 16:00:00",-0.452708907680669,"2025-10-07","16:00","2MM07112","NHM2"
"2025-10-07 17:00:00",-0.663095285099966,"2025-10-07","17:00","2MM07112","NHM2"
"2025-10-07 18:00:00",-0.415844743778516,"2025-10-07","18:00","2MM07112","NHM2"
"2025-10-07 19:00:00",-0.610596505762171,"2025-10-07","19:00","2MM07112","NHM2"
"2025-10-07 20:00:00",-0.712485033020346,"2025-10-07","20:00","2MM07112","NHM2"
"2025-10-07 21:00:00",-0.662075572435615,"2025-10-07","21:00","2MM07112","NHM2"
"2025-10-07 22:00:00",-0.702578724972497,"2025-10-07","22:00","2MM07112","NHM2"
"2025-10-07 23:00:00",-0.665888648504257,"2025-10-07","23:00","2MM07112","NHM2"
"2025-10-08",-0.733127882169247,"2025-10-08","00:00","2MM07112","NHM2"
"2025-10-08 01:00:00",-0.712155480163897,"2025-10-08","01:00","2MM07112","NHM2"
"2025-10-08 02:00:00",-0.695610670908318,"2025-10-08","02:00","2MM07112","NHM2"
"2025-10-08 03:00:00",-0.647751691047192,"2025-10-08","03:00","2MM07112","NHM2"
"2025-10-08 04:00:00",-0.668598369265055,"2025-10-08","04:00","2MM07112","NHM2"
"2025-10-08 05:00:00",-0.697278543803639,"2025-10-08","05:00","2MM07112","NHM2"
"2025-10-08 06:00:00",-0.630271010651898,"2025-10-08","06:00","2MM07112","NHM2"
"2025-10-08 07:00:00",-0.536208115496156,"2025-10-08","07:00","2MM07112","NHM2"
"2025-10-08 08:00:00",-0.553209744380908,"2025-10-08","08:00","2MM07112","NHM2"
"2025-10-08 09:00:00",-0.473390455158402,"2025-10-08","09:00","2MM07112","NHM2"
"2025-10-08 10:00:00",-0.530417635659065,"2025-10-08","10:00","2MM07112","NHM2"
"2025-10-08 11:00:00",-0.505006493104609,"2025-10-08","11:00","2MM07112","NHM2"
"2025-10-08 12:00:00",-0.328402869370727,"2025-10-08","12:00","2MM07112","NHM2"
"2025-10-08 13:00:00",-0.26461838853922,"2025-10-08","13:00","2MM07112","NHM2"
"2025-10-08 14:00:00",-0.51401205238092,"2025-10-08","14:00","2MM07112","NHM2"
"2025-10-08 15:00:00",-0.410278561845653,"2025-10-08","15:00","2MM07112","NHM2"
"2025-10-08 16:00:00",-0.577367323965986,"2025-10-08","16:00","2MM07112","NHM2"
"2025-10-08 17:00:00",-0.591677755472316,"2025-10-08","17:00","2MM07112","NHM2"
"2025-10-08 18:00:00",-0.632858194077783,"2025-10-08","18:00","2MM07112","NHM2"
"2025-10-08 19:00:00",-0.564337943209783,"2025-10-08","19:00","2MM07112","NHM2"
"2025-10-08 20:00:00",-0.608512208502729,"2025-10-08","20:00","2MM07112","NHM2"
"2025-10-08 21:00:00",-0.678341216539862,"2025-10-08","21:00","2MM07112","NHM2"
"2025-10-08 22:00:00",-0.672726022456962,"2025-10-08","22:00","2MM07112","NHM2"
"2025-10-08 23:00:00",-0.651912769119479,"2025-10-08","23:00","2MM07112","NHM2"
"2025-10-09",-0.712095155346235,"2025-10-09","00:00","2MM07112","NHM2"
"2025-10-09 01:00:00",-0.649078452814711,"2025-10-09","01:00","2MM07112","NHM2"
"2025-10-09 02:00:00",-0.740602469891756,"2025-10-09","02:00","2MM07112","NHM2"
"2025-10-09 03:00:00",-0.747690587719968,"2025-10-09","03:00","2MM07112","NHM2"
"2025-10-09 04:00:00",-0.749994591587431,"2025-10-09","04:00","2MM07112","NHM2"
"2025-10-09 05:00:00",-0.700105661894076,"2025-10-09","05:00","2MM07112","NHM2"
"2025-10-09 06:00:00",-0.554236878753007,"2025-10-09","06:00","2MM07112","NHM2"
"2025-10-09 07:00:00",-0.613664451399912,"2025-10-09","07:00","2MM07112","NHM2"
"2025-10-09 08:00:00",-0.420300157029794,"2025-10-09","08:00","2MM07112","NHM2"
"2025-10-09 09:00:00",-0.416349612322213,"2025-10-09","09:00","2MM07112","NHM2"
"2025-10-09 10:00:00",-0.516713492694064,"2025-10-09","10:00","2MM07112","NHM2"
"2025-10-09 11:00:00",-0.383683214937164,"2025-10-09","11:00","2MM07112","NHM2"
"2025-10-09 12:00:00",-0.346276166863314,"2025-10-09","12:00","2MM07112","NHM2"
"2025-10-09 13:00:00",-0.509318959025419,"2025-10-09","13:00","2MM07112","NHM2"
"2025-10-09 14:00:00",-0.385666390434521,"2025-10-09","14:00","2MM07112","NHM2"
"2025-10-09 15:00:00",-0.439833236476117,"2025-10-09","15:00","2MM07112","NHM2"
"2025-10-09 16:00:00",-0.199197613400199,"2025-10-09","16:00","2MM07112","NHM2"
"2025-10-09 17:00:00",-0.483682013948206,"2025-10-09","17:00","2MM07112","NHM2"
"2025-10-09 18:00:00",-0.5951550622187,"2025-10-09","18:00","2MM07112","NHM2"
"2025-10-09 19:00:00",-0.620148920923698,"2025-10-09","19:00","2MM07112","NHM2"
"2025-10-09 20:00:00",-0.350264647570675,"2025-10-09","20:00","2MM07112","NHM2"
"2025-10-09 21:00:00",-0.4235060691448,"2025-10-09","21:00","2MM07112","NHM2"
"2025-10-09 22:00:00",-0.681017004993147,"2025-10-09","22:00","2MM07112","NHM2"
"2025-10-09 23:00:00",-0.686058124036664,"2025-10-09","23:00","2MM07112","NHM2"
"2025-10-10",-0.660790081574958,"2025-10-10","00:00","2MM07112","NHM2"
"2025-10-10 01:00:00",-0.717753567399679,"2025-10-10","01:00","2MM07112","NHM2"
"2025-10-10 02:00:00",-0.675331074888272,"2025-10-10","02:00","2MM07112","NHM2"
"2025-10-10 03:00:00",-0.698044153633571,"2025-10-10","03:00","2MM07112","NHM2"
"2025-10-10 04:00:00",-0.732680523233109,"2025-10-10","04:00","2MM07112","NHM2"
"2025-10-10 05:00:00",-0.65505127612972,"2025-10-10","05:00","2MM07112","NHM2"
"2025-10-10 06:00:00",-0.505457244689932,"2025-10-10","06:00","2MM07112","NHM2"
"2025-10-10 07:00:00",-0.532215377128445,"2025-10-10","07:00","2MM07112","NHM2"
"2025-10-10 08:00:00",-0.509668707861117,"2025-10-10","08:00","2MM07112","NHM2"
"2025-10-10 09:00:00",-0.455870018207446,"2025-10-10","09:00","2MM07112","NHM2"
"2025-10-10 10:00:00",-0.333417858062307,"2025-10-10","10:00","2MM07112","NHM2"
"2025-10-10 11:00:00",-0.612684166799595,"2025-10-10","11:00","2MM07112","NHM2"
"2025-10-10 12:00:00",-0.596806312177107,"2025-10-10","12:00","2MM07112","NHM2"
"2025-10-10 13:00:00",-0.560051056305909,"2025-10-10","13:00","2MM07112","NHM2"
"2025-10-10 14:00:00",-0.538277179413799,"2025-10-10","14:00","2MM07112","NHM2"
"2025-10-10 15:00:00",-0.531477591698811,"2025-10-10","15:00","2MM07112","NHM2"
"2025-10-10 16:00:00",-0.425653270127695,"2025-10-10","16:00","2MM07112","NHM2"
"2025-10-10 17:00:00",-0.651206740663476,"2025-10-10","17:00","2MM07112","NHM2"
"2025-10-10 18:00:00",-0.60040480953428,"2025-10-10","18:00","2MM07112","NHM2"
"2025-10-10 19:00:00",-0.62982611072901,"2025-10-10","19:00","2MM07112","NHM2"
"2025-10-10 20:00:00",-0.652136352969894,"2025-10-10","20:00","2MM07112","NHM2"
"2025-10-10 21:00:00",-0.441875735642257,"2025-10-10","21:00","2MM07112","NHM2"
"2025-10-10 22:00:00",-0.655875784189837,"2025-10-10","22:00","2MM07112","NHM2"
"2025-10-10 23:00:00",-0.64777735026619,"2025-10-10","23:00","2MM07112","NHM2"
"2025-10-11",-0.68764111310121,"2025-10-11","00:00","2MM07112","NHM2"
"2025-10-11 01:00:00",-0.717009854551286,"2025-10-11","01:00","2MM07112","NHM2"
"2025-10-11 02:00:00",-0.705140965800143,"2025-10-11","02:00","2MM07112","NHM2"
"2025-10-11 03:00:00",-0.729215452464452,"2025-10-11","03:00","2MM07112","NHM2"
"2025-10-11 04:00:00",-0.708531925555483,"2025-10-11","04:00","2MM07112","NHM2"
"2025-10-11 05:00:00",-0.709777158309248,"2025-10-11","05:00","2MM07112","NHM2"
"2025-10-11 06:00:00",-0.619933454711836,"2025-10-11","06:00","2MM07112","NHM2"
"2025-10-11 07:00:00",-0.574864978189079,"2025-10-11","07:00","2MM07112","NHM2"
"2025-10-11 08:00:00",-0.391309129353075,"2025-10-11","08:00","2MM07112","NHM2"
"2025-10-11 09:00:00",-0.317800124191821,"2025-10-11","09:00","2MM07112","NHM2"
"2025-10-11 10:00:00",-0.374748963202784,"2025-10-11","10:00","2MM07112","NHM2"
"2025-10-11 11:00:00",-0.613860606233406,"2025-10-11","11:00","2MM07112","NHM2"
"2025-10-11 12:00:00",-0.455204441614535,"2025-10-11","12:00","2MM07112","NHM2"
"2025-10-11 13:00:00",-0.604059995694877,"2025-10-11","13:00","2MM07112","NHM2"
"2025-10-11 14:00:00",-0.528772033407458,"2025-10-11","14:00","2MM07112","NHM2"
"2025-10-11 15:00:00",-0.703359207254314,"2025-10-11","15:00","2MM07112","NHM2"
"2025-10-11 16:00:00",-0.498626277978483,"2025-10-11","16:00","2MM07112","NHM2"
"2025-10-11 17:00:00",-0.60615032741128,"2025-10-11","17:00","2MM07112","NHM2"
"2025-10-11 18:00:00",-0.649766641440603,"2025-10-11","18:00","2MM07112","NHM2"
"2025-10-11 19:00:00",-0.68449372528282,"2025-10-11","19:00","2MM07112","NHM2"
"2025-10-11 20:00:00",-0.676343346876163,"2025-10-11","20:00","2MM07112","NHM2"
"2025-10-11 21:00:00",-0.648965143005251,"2025-10-11","21:00","2MM07112","NHM2"
"2025-10-11 22:00:00",-0.720311475612354,"2025-10-11","22:00","2MM07112","NHM2"
"2025-10-11 23:00:00",-0.712130973464636,"2025-10-11","23:00","2MM07112","NHM2"
"2025-10-12",-0.741410601149613,"2025-10-12","00:00","2MM07112","NHM2"
"2025-10-12 01:00:00",-0.713361630728544,"2025-10-12","01:00","2MM07112","NHM2"
"2025-10-12 02:00:00",-0.584977988032897,"2025-10-12","02:00","2MM07112","NHM2"
"2025-10-12 03:00:00",-0.733935272566991,"2025-10-12","03:00","2MM07112","NHM2"
"2025-10-12 04:00:00",-0.70097276318521,"2025-10-12","04:00","2MM07112","NHM2"
"2025-10-12 05:00:00",-0.657544196477989,"2025-10-12","05:00","2MM07112","NHM2"
"2025-10-12 06:00:00",-0.624047283666863,"2025-10-12","06:00","2MM07112","NHM2"
"2025-10-12 07:00:00",-0.552685296082668,"2025-10-12","07:00","2MM07112","NHM2"
"2025-10-12 08:00:00",-0.249469736903481,"2025-10-12","08:00","2MM07112","NHM2"
"2025-10-12 09:00:00",-0.503679342976708,"2025-10-12","09:00","2MM07112","NHM2"
"2025-10-12 10:00:00",-0.503719369208198,"2025-10-12","10:00","2MM07112","NHM2"
"2025-10-12 11:00:00",-0.665092305245988,"2025-10-12","11:00","2MM07112","NHM2"
"2025-10-12 12:00:00",-0.603374651202134,"2025-10-12","12:00","2MM07112","NHM2"
"2025-10-12 13:00:00",-0.428232435687354,"2025-10-12","13:00","2MM07112","NHM2"
"2025-10-12 14:00:00",-0.432572628366581,"2025-10-12","14:00","2MM07112","NHM2"
"2025-10-12 15:00:00",-0.624189861401943,"2025-10-12","15:00","2MM07112","NHM2"
"2025-10-12 16:00:00",-0.556962955625437,"2025-10-12","16:00","2MM07112","NHM2"
"2025-10-12 17:00:00",-0.584843601427751,"2025-10-12","17:00","2MM07112","NHM2"
"2025-10-12 18:00:00",-0.633036151781465,"2025-10-12","18:00","2MM07112","NHM2"
"2025-10-12 19:00:00",-0.604497462508826,"2025-10-12","19:00","2MM07112","NHM2"
"2025-10-12 20:00:00",-0.640325289639638,"2025-10-12","20:00","2MM07112","NHM2"
"2025-10-12 21:00:00",-0.443837505892339,"2025-10-12","21:00","2MM07112","NHM2"
"2025-10-12 22:00:00",-0.667323914638159,"2025-10-12","22:00","2MM07112","NHM2"
"2025-10-12 23:00:00",-0.676727863267524,"2025-10-12","23:00","2MM07112","NHM2"
"2025-10-13",-0.592680625712699,"2025-10-13","00:00","2MM07112","NHM2"
"2025-10-09",0.232965307868461,"2025-10-09","00:00","2MM07158","14"
"2025-10-09 01:00:00",0.131153526692746,"2025-10-09","01:00","2MM07158","14"
"2025-10-09 02:00:00",0.105417092314796,"2025-10-09","02:00","2MM07158","14"
"2025-10-09 03:00:00",0.069234243364595,"2025-10-09","03:00","2MM07158","14"
"2025-10-09 04:00:00",-0.0257628722307625,"2025-10-09","04:00","2MM07158","14"
"2025-10-09 05:00:00",-0.114657936396531,"2025-10-09","05:00","2MM07158","14"
"2025-10-09 06:00:00",-0.40446494200544,"2025-10-09","06:00","2MM07158","14"
"2025-10-09 07:00:00",-0.288967204494557,"2025-10-09","07:00","2MM07158","14"
"2025-10-09 08:00:00",-0.604890746062624,"2025-10-09","08:00","2MM07158","14"
"2025-10-09 09:00:00",-0.397252228449768,"2025-10-09","09:00","2MM07158","14"
"2025-10-09 10:00:00",0.39021896902169,"2025-10-09","10:00","2MM07158","14"
"2025-10-09 11:00:00",-0.34220466236676,"2025-10-09","11:00","2MM07158","14"
"2025-10-09 12:00:00",-0.402791359538071,"2025-10-09","12:00","2MM07158","14"
"2025-10-09 13:00:00",-0.315322819861065,"2025-10-09","13:00","2MM07158","14"
"2025-10-09 14:00:00",-0.238223633261859,"2025-10-09","14:00","2MM07158","14"
"2025-10-09 15:00:00",-0.558304908210437,"2025-10-09","15:00","2MM07158","14"
"2025-10-09 16:00:00",-0.4165897833998,"2025-10-09","16:00","2MM07158","14"
"2025-10-09 17:00:00",-0.300334384989982,"2025-10-09","17:00","2MM07158","14"
"2025-10-09 18:00:00",-0.22554468926034,"2025-10-09","18:00","2MM07158","14"
"2025-10-09 19:00:00",-0.494362461727844,"2025-10-09","19:00","2MM07158","14"
"2025-10-09 20:00:00",-0.61436492213803,"2025-10-09","20:00","2MM07158","14"
"2025-10-09 21:00:00",-0.731741917059406,"2025-10-09","21:00","2MM07158","14"
"2025-10-14",0.0275619296410062,"2025-10-14","00:00","2MM07158","14"
"2025-10-14 01:00:00",-0.149613891535791,"2025-10-14","01:00","2MM07158","14"
"2025-10-14 02:00:00",0.245179542018764,"2025-10-14","02:00","2MM07158","14"
"2025-10-14 03:00:00",0.213697712584368,"2025-10-14","03:00","2MM07158","14"
"2025-10-14 04:00:00",0.027215758867532,"2025-10-14","04:00","2MM07158","14"
"2025-10-14 05:00:00",-0.0314544324139806,"2025-10-14","05:00","2MM07158","14"
"2025-10-14 06:00:00",-0.00641706427260606,"2025-10-14","06:00","2MM07158","14"
"2025-10-14 07:00:00",0.255732369780744,"2025-10-14","07:00","2MM07158","14"
"2025-10-14 08:00:00",-0.194585160307707,"2025-10-14","08:00","2MM07158","14"
"2025-10-14 09:00:00",-0.39138055555828,"2025-10-14","09:00","2MM07158","14"
"2025-10-14 10:00:00",0.0716754829466097,"2025-10-14","10:00","2MM07158","14"
"2025-10-14 11:00:00",-0.138177165366454,"2025-10-14","11:00","2MM07158","14"
"2025-10-14 12:00:00",-0.266771942575836,"2025-10-14","12:00","2MM07158","14"
"2025-10-14 13:00:00",-0.152104694224853,"2025-10-14","13:00","2MM07158","14"
"2025-10-14 14:00:00",-0.326972870772285,"2025-10-14","14:00","2MM07158","14"
"2025-10-14 15:00:00",-0.217426256248238,"2025-10-14","15:00","2MM07158","14"
"2025-10-14 16:00:00",-0.230857076054831,"2025-10-14","16:00","2MM07158","14"
"2025-10-14 17:00:00",-0.408964256420406,"2025-10-14","17:00","2MM07158","14"
"2025-10-14 18:00:00",0.132431097157391,"2025-10-14","18:00","2MM07158","14"
"2025-10-14 19:00:00",-0.0374449142285699,"2025-10-14","19:00","2MM07158","14"
"2025-10-14 20:00:00",-0.118132626673305,"2025-10-14","20:00","2MM07158","14"
"2025-10-14 21:00:00",0.0322155167119486,"2025-10-14","21:00","2MM07158","14"
"2025-10-19",-0.162517012853062,"2025-10-19","00:00","2MM07158","14"
"2025-10-19 01:00:00",0.00917672890359569,"2025-10-19","01:00","2MM07158","14"
"2025-10-19 02:00:00",-0.0270344516328417,"2025-10-19","02:00","2MM07158","14"
"2025-10-19 03:00:00",0.158971823492373,"2025-10-19","03:00","2MM07158","14"
"2025-10-19 04:00:00",-0.387437155215465,"2025-10-19","04:00","2MM07158","14"
"2025-10-19 05:00:00",-0.267020438467517,"2025-10-19","05:00","2MM07158","14"
"2025-10-19 06:00:00",-0.150520042892379,"2025-10-19","06:00","2MM07158","14"
"2025-10-19 07:00:00",-0.202950108854554,"2025-10-19","07:00","2MM07158","14"
"2025-10-19 08:00:00",-0.118459086899186,"2025-10-19","08:00","2MM07158","14"
"2025-10-19 09:00:00",-0.642723009842911,"2025-10-19","09:00","2MM07158","14"
"2025-10-19 10:00:00",0.137157533502328,"2025-10-19","10:00","2MM07158","14"
"2025-10-19 11:00:00",-0.302321166504082,"2025-10-19","11:00","2MM07158","14"
"2025-10-19 12:00:00",-0.477370016871809,"2025-10-19","12:00","2MM07158","14"
"2025-10-19 13:00:00",0.159803768020723,"2025-10-19","13:00","2MM07158","14"
"2025-10-19 14:00:00",0.0448438724110351,"2025-10-19","14:00","2MM07158","14"
"2025-10-19 15:00:00",0.189536990510507,"2025-10-19","15:00","2MM07158","14"
"2025-10-19 16:00:00",0.189722336463741,"2025-10-19","16:00","2MM07158","14"
"2025-10-19 17:00:00",0.0834045214495597,"2025-10-19","17:00","2MM07158","14"
"2025-10-19 18:00:00",0.092144834728865,"2025-10-19","18:00","2MM07158","14"
"2025-10-19 19:00:00",0.268368056797439,"2025-10-19","19:00","2MM07158","14"
"2025-10-19 20:00:00",0.164611324534417,"2025-10-19","20:00","2MM07158","14"
"2025-10-19 21:00:00",0.16543393739531,"2025-10-19","21:00","2MM07158","14"
"2025-10-24",-0.0470571928743264,"2025-10-24","00:00","2MM07158","14"
"2025-10-24 01:00:00",-0.0713722509017967,"2025-10-24","01:00","2MM07158","14"
"2025-10-24 02:00:00",-0.0877367111397393,"2025-10-24","02:00","2MM07158","14"
"2025-10-24 03:00:00",-0.0840014125396711,"2025-10-24","03:00","2MM07158","14"
"2025-10-24 04:00:00",-0.0545146761866114,"2025-10-24","04:00","2MM07158","14"
"2025-10-24 05:00:00",-0.204385402766061,"2025-10-24","05:00","2MM07158","14"
"2025-10-24 06:00:00",-0.354094940899553,"2025-10-24","06:00","2MM07158","14"
"2025-10-24 07:00:00",-0.660514584473162,"2025-10-24","07:00","2MM07158","14"
"2025-10-24 08:00:00",-0.674723450781787,"2025-10-24","08:00","2MM07158","14"
"2025-10-24 09:00:00",-0.433744512717323,"2025-10-24","09:00","2MM07158","14"
"2025-10-24 10:00:00",-0.580454704736296,"2025-10-24","10:00","2MM07158","14"
"2025-10-24 11:00:00",-0.257830541468563,"2025-10-24","11:00","2MM07158","14"
"2025-10-24 12:00:00",-0.287554457719686,"2025-10-24","12:00","2MM07158","14"
"2025-10-24 13:00:00",-0.287767287509269,"2025-10-24","13:00","2MM07158","14"
"2025-10-24 14:00:00",-0.420831570015055,"2025-10-24","14:00","2MM07158","14"
"2025-10-24 15:00:00",-0.319704731294057,"2025-10-24","15:00","2MM07158","14"
"2025-10-24 16:00:00",-0.0827970667472815,"2025-10-24","16:00","2MM07158","14"
"2025-10-24 17:00:00",-0.411463267397889,"2025-10-24","17:00","2MM07158","14"
"2025-10-24 18:00:00",-0.458855269721853,"2025-10-24","18:00","2MM07158","14"
"2025-10-24 19:00:00",-0.678203154541178,"2025-10-24","19:00","2MM07158","14"
"2025-10-24 20:00:00",-0.552594531531105,"2025-10-24","20:00","2MM07158","14"
"2025-10-24 21:00:00",-0.665876939812496,"2025-10-24","21:00","2MM07158","14"
"2025-10-29",-0.323239587400979,"2025-10-29","00:00","2MM07158","14"
"2025-10-29 01:00:00",-0.202313660508597,"2025-10-29","01:00","2MM07158","14"
"2025-10-29 02:00:00",0.0214484598170944,"2025-10-29","02:00","2MM07158","14"
"2025-10-29 03:00:00",-0.0546958664292031,"2025-10-29","03:00","2MM07158","14"
"2025-10-29 04:00:00",0.164676626821941,"2025-10-29","04:00","2MM07158","14"
"2025-10-29 05:00:00",-0.025441858892503,"2025-10-29","05:00","2MM07158","14"
"2025-10-29 06:00:00",0.0934000718612847,"2025-10-29","06:00","2MM07158","14"
"2025-10-29 07:00:00",-0.399171406263177,"2025-10-29","07:00","2MM07158","14"
"2025-10-29 08:00:00",-0.591947528316324,"2025-10-29","08:00","2MM07158","14"
"2025-10-29 09:00:00",-0.649045616529635,"2025-10-29","09:00","2MM07158","14"
"2025-10-29 10:00:00",0.210995470442778,"2025-10-29","10:00","2MM07158","14"
"2025-10-29 11:00:00",-0.0472250673196783,"2025-10-29","11:00","2MM07158","14"
"2025-10-29 12:00:00",0.306310959083515,"2025-10-29","12:00","2MM07158","14"
"2025-10-29 13:00:00",-0.0455711592009315,"2025-10-29","13:00","2MM07158","14"
"2025-10-29 14:00:00",-0.0776946637504762,"2025-10-29","14:00","2MM07158","14"
"2025-10-29 15:00:00",-0.271409451418187,"2025-10-29","15:00","2MM07158","14"
"2025-10-29 16:00:00",-0.131084671506806,"2025-10-29","16:00","2MM07158","14"
"2025-10-29 17:00:00",-0.3480738109978,"2025-10-29","17:00","2MM07158","14"
"2025-10-29 18:00:00",-0.625374970345393,"2025-10-29","18:00","2MM07158","14"
"2025-10-29 19:00:00",-0.46918191236798,"2025-10-29","19:00","2MM07158","14"
"2025-10-29 20:00:00",-0.759060610717117,"2025-10-29","20:00","2MM07158","14"
"2025-10-29 21:00:00",-0.645618031784159,"2025-10-29","21:00","2MM07158","14"
"2025-11-03",-0.405568084578241,"2025-11-03","00:00","2MM07158","14"
"2025-11-03 01:00:00",-0.404705095380059,"2025-11-03","01:00","2MM07158","14"
"2025-11-03 02:00:00",0.000847104577462734,"2025-11-03","02:00","2MM07158","14"
"2025-11-03 03:00:00",-0.361117316006489,"2025-11-03","03:00","2MM07158","14"
"2025-11-03 04:00:00",0.144872966792091,"2025-11-03","04:00","2MM07158","14"
"2025-11-03 05:00:00",-0.178249699589296,"2025-11-03","05:00","2MM07158","14"
"2025-11-03 06:00:00",-0.140493622208446,"2025-11-03","06:00","2MM07158","14"
"2025-11-03 07:00:00",-0.288315183594893,"2025-11-03","07:00","2MM07158","14"
"2025-11-03 08:00:00",-0.516165471576327,"2025-11-03","08:00","2MM07158","14"
"2025-11-03 09:00:00",-0.595440379982812,"2025-11-03","09:00","2MM07158","14"
"2025-11-03 10:00:00",-0.573432558188774,"2025-11-03","10:00","2MM07158","14"
"2025-11-03 11:00:00",-0.371949413303856,"2025-11-03","11:00","2MM07158","14"
"2025-11-03 12:00:00",-0.0867829195476816,"2025-11-03","12:00","2MM07158","14"
"2025-11-03 13:00:00",-0.202677046045145,"2025-11-03","13:00","2MM07158","14"
"2025-11-03 14:00:00",-0.247611340977015,"2025-11-03","14:00","2MM07158","14"
"2025-11-03 15:00:00",-0.44705751620948,"2025-11-03","15:00","2MM07158","14"
"2025-11-03 16:00:00",-0.388092329385162,"2025-11-03","16:00","2MM07158","14"
"2025-11-03 17:00:00",-0.615154071504885,"2025-11-03","17:00","2MM07158","14"
"2025-11-03 18:00:00",-0.567259579416046,"2025-11-03","18:00","2MM07158","14"
"2025-11-03 19:00:00",-0.238259117124737,"2025-11-03","19:00","2MM07158","14"
"2025-11-03 20:00:00",-0.351910554025667,"2025-11-03","20:00","2MM07158","14"
"2025-11-03 21:00:00",-0.510723621549823,"2025-11-03","21:00","2MM07158","14"
"2025-11-08",-0.153818492717019,"2025-11-08","00:00","2MM07158","14"
"2025-11-08 01:00:00",0.0304806885867492,"2025-11-08","01:00","2MM07158","14"
"2025-11-08 02:00:00",0.0314106046108,"2025-11-08","02:00","2MM07158","14"
"2025-11-08 03:00:00",0.189278029945811,"2025-11-08","03:00","2MM07158","14"
"2025-11-08 04:00:00",0.13692377520552,"2025-11-08","04:00","2MM07158","14"
"2025-11-08 05:00:00",-0.103910560485557,"2025-11-08","05:00","2MM07158","14"
"2025-11-08 06:00:00",0.00952795928501227,"2025-11-08","06:00","2MM07158","14"
"2025-11-08 07:00:00",-0.146560971006363,"2025-11-08","07:00","2MM07158","14"
"2025-11-08 08:00:00",-0.0998532826030637,"2025-11-08","08:00","2MM07158","14"
"2025-11-08 09:00:00",-0.281755576177885,"2025-11-08","09:00","2MM07158","14"
"2025-11-08 10:00:00",-0.248067000944912,"2025-11-08","10:00","2MM07158","14"
"2025-11-08 11:00:00",-0.147705446738017,"2025-11-08","11:00","2MM07158","14"
"2025-11-08 12:00:00",-0.213987192141545,"2025-11-08","12:00","2MM07158","14"
"2025-11-08 13:00:00",-0.287097882926892,"2025-11-08","13:00","2MM07158","14"
"2025-11-08 14:00:00",-0.380803896418328,"2025-11-08","14:00","2MM07158","14"
"2025-11-08 15:00:00",-0.045618720509967,"2025-11-08","15:00","2MM07158","14"
"2025-11-08 16:00:00",-0.339716597359867,"2025-11-08","16:00","2MM07158","14"
"2025-11-08 17:00:00",-0.049820046532801,"2025-11-08","17:00","2MM07158","14"
"2025-11-08 18:00:00",-0.788246400278464,"2025-11-08","18:00","2MM07158","14"
"2025-11-08 19:00:00",-0.790708689617782,"2025-11-08","19:00","2MM07158","14"
"2025-11-08 20:00:00",-0.818311496502858,"2025-11-08","20:00","2MM07158","14"
"2025-11-08 21:00:00",-0.87834761634763,"2025-11-08","21:00","2MM07158","14"
"2025-11-13",-0.599716332240618,"2025-11-13","00:00","2MM07158","14"
"2025-11-13 01:00:00",-0.27900016244795,"2025-11-13","01:00","2MM07158","14"
"2025-11-13 02:00:00",0.157488039275734,"2025-11-13","02:00","2MM07158","14"
"2025-11-13 03:00:00",0.0313368652097305,"2025-11-13","03:00","2MM07158","14"
"2025-11-13 04:00:00",-0.190248389214998,"2025-11-13","04:00","2MM07158","14"
"2025-11-13 05:00:00",-0.0521083278647226,"2025-11-13","05:00","2MM07158","14"
"2025-11-13 06:00:00",-0.330454341654393,"2025-11-13","06:00","2MM07158","14"
"2025-11-13 07:00:00",-0.427301798919568,"2025-11-13","07:00","2MM07158","14"
"2025-11-13 08:00:00",-0.305941574555392,"2025-11-13","08:00","2MM07158","14"
"2025-11-13 09:00:00",-0.621191025711411,"2025-11-13","09:00","2MM07158","14"
"2025-11-13 10:00:00",0.109737425855531,"2025-11-13","10:00","2MM07158","14"
"2025-11-13 11:00:00",-0.292688322601562,"2025-11-13","11:00","2MM07158","14"
"2025-11-13 12:00:00",-0.477737951186597,"2025-11-13","12:00","2MM07158","14"
"2025-11-13 13:00:00",-0.492452789976574,"2025-11-13","13:00","2MM07158","14"
"2025-11-13 14:00:00",0.0637678357498572,"2025-11-13","14:00","2MM07158","14"
"2025-11-13 15:00:00",-0.314325782154539,"2025-11-13","15:00","2MM07158","14"
"2025-11-13 16:00:00",-0.134778605998274,"2025-11-13","16:00","2MM07158","14"
"2025-11-13 17:00:00",-0.17330036780099,"2025-11-13","17:00","2MM07158","14"
"2025-11-13 18:00:00",-0.735770070601586,"2025-11-13","18:00","2MM07158","14"
"2025-11-13 19:00:00",-0.790767832705167,"2025-11-13","19:00","2MM07158","14"
"2025-11-13 20:00:00",0.0714685052544476,"2025-11-13","20:00","2MM07158","14"
"2025-11-13 21:00:00",0.0522780128898354,"2025-11-13","21:00","2MM07158","14"
"2025-11-18",-0.441329591911463,"2025-11-18","00:00","2MM07158","14"
"2025-11-18 01:00:00",0.0160223568906708,"2025-11-18","01:00","2MM07158","14"
"2025-11-18 02:00:00",-0.00388240390303718,"2025-11-18","02:00","2MM07158","14"
"2025-11-18 03:00:00",0.0820429703797611,"2025-11-18","03:00","2MM07158","14"
"2025-11-18 04:00:00",0.0693890474657019,"2025-11-18","04:00","2MM07158","14"
"2025-11-18 05:00:00",-0.235369679886083,"2025-11-18","05:00","2MM07158","14"
"2025-11-18 06:00:00",-0.540976419484663,"2025-11-18","06:00","2MM07158","14"
"2025-11-18 07:00:00",-0.624552705650728,"2025-11-18","07:00","2MM07158","14"
"2025-11-18 08:00:00",-0.219135435375779,"2025-11-18","08:00","2MM07158","14"
"2025-11-18 09:00:00",-0.883419215634708,"2025-11-18","09:00","2MM07158","14"
"2025-11-18 10:00:00",-0.823265045558844,"2025-11-18","10:00","2MM07158","14"
"2025-11-18 11:00:00",-0.612519265919078,"2025-11-18","11:00","2MM07158","14"
"2025-11-18 12:00:00",-0.207576843454127,"2025-11-18","12:00","2MM07158","14"
"2025-11-18 13:00:00",-0.639499320338869,"2025-11-18","13:00","2MM07158","14"
"2025-11-18 14:00:00",-0.558455248800834,"2025-11-18","14:00","2MM07158","14"
"2025-11-18 15:00:00",-0.620767289272801,"2025-11-18","15:00","2MM07158","14"
"2025-11-18 16:00:00",-0.591467866442722,"2025-11-18","16:00","2MM07158","14"
"2025-11-18 17:00:00",-0.355347415166839,"2025-11-18","17:00","2MM07158","14"
"2025-11-18 18:00:00",-0.81197318583859,"2025-11-18","18:00","2MM07158","14"
"2025-11-18 19:00:00",-0.813737850148772,"2025-11-18","19:00","2MM07158","14"
"2025-11-18 20:00:00",-0.899056449077931,"2025-11-18","20:00","2MM07158","14"
"2025-11-18 21:00:00",-0.741851459594852,"2025-11-18","21:00","2MM07158","14"
"2025-11-23",-0.219578043281926,"2025-11-23","00:00","2MM07158","14"
"2025-11-23 01:00:00",-0.268944315738943,"2025-11-23","01:00","2MM07158","14"
"2025-11-23 02:00:00",-0.0261604705294498,"2025-11-23","02:00","2MM07158","14"
"2025-11-23 03:00:00",0.166667201488572,"2025-11-23","03:00","2MM07158","14"
"2025-11-23 04:00:00",0.123092816779173,"2025-11-23","04:00","2MM07158","14"
"2025-11-23 05:00:00",0.146732581778895,"2025-11-23","05:00","2MM07158","14"
"2025-11-23 06:00:00",0.0254486208746909,"2025-11-23","06:00","2MM07158","14"
"2025-11-23 07:00:00",0.220003152457367,"2025-11-23","07:00","2MM07158","14"
"2025-11-23 08:00:00",0.238094245994493,"2025-11-23","08:00","2MM07158","14"
"2025-11-23 09:00:00",0.199430928781659,"2025-11-23","09:00","2MM07158","14"
"2025-11-23 10:00:00",0.1601409465814,"2025-11-23","10:00","2MM07158","14"
"2025-11-23 11:00:00",-0.242010949998471,"2025-11-23","11:00","2MM07158","14"
"2025-11-23 12:00:00",-0.484476832831487,"2025-11-23","12:00","2MM07158","14"
"2025-11-23 13:00:00",-0.559435573026158,"2025-11-23","13:00","2MM07158","14"
"2025-11-23 14:00:00",-0.512864822010744,"2025-11-23","14:00","2MM07158","14"
"2025-11-23 15:00:00",-0.386193759087571,"2025-11-23","15:00","2MM07158","14"
"2025-11-23 16:00:00",-0.404743636875607,"2025-11-23","16:00","2MM07158","14"
"2025-11-23 17:00:00",-0.42375449234246,"2025-11-23","17:00","2MM07158","14"
"2025-11-23 18:00:00",-0.69956371625419,"2025-11-23","18:00","2MM07158","14"
"2025-11-23 19:00:00",-0.623261909619419,"2025-11-23","19:00","2MM07158","14"
"2025-11-23 20:00:00",-0.7438626719581,"2025-11-23","20:00","2MM07158","14"
"2025-11-23 21:00:00",-0.589003185964086,"2025-11-23","21:00","2MM07158","14"
